fips,county_name,asd_desc,year,yield_tons_acre,acres_harvested,gdd_season,precip_season_mm,precip_early_mm,precip_late_mm,heat_days,winter_min_c,freeze_days
31001,Adams,SOUTH,2000,3.42,7000.0,2804.0,367.0,130.0,168.6,41,,
31001,Adams,SOUTH,2001,4.05,7800.0,2766.5,507.8,194.5,160.4,41,-17.4,0.0
31001,Adams,SOUTH,2002,3.11,9400.0,2804.0,311.8,128.6,105.3,42,-14.1,0.0
31001,Adams,SOUTH,2003,4.19,12500.0,2674.6,438.0,210.9,49.6,51,-17.7,0.0
31001,Adams,SOUTH,2004,3.84,11000.0,2695.4,482.2,168.4,154.2,20,-20.2,6.0
31001,Adams,SOUTH,2005,4.36,9300.0,2770.0,506.3,255.5,171.1,27,-19.4,3.0
31001,Adams,SOUTH,2006,3.75,7000.0,2778.8,503.3,156.9,209.8,27,-19.4,2.0
31001,Adams,SOUTH,2007,4.51,5500.0,2691.3,662.2,272.7,227.6,26,-18.6,1.0
31001,Adams,SOUTH,2008,4.4,3700.0,2483.1,658.8,337.9,175.1,12,-16.5,0.0
31001,Adams,SOUTH,2009,3.75,3700.0,2504.8,460.4,195.4,166.0,13,-20.8,4.0
31001,Adams,SOUTH,2010,4.45,3600.0,2690.0,683.9,330.1,209.5,20,-24.0,6.0
31001,Adams,SOUTH,2011,4.65,3400.0,2603.7,621.4,264.5,252.8,26,-23.0,4.0
31001,Adams,SOUTH,2012,3.5,3400.0,2931.3,303.4,127.9,78.7,43,-19.3,1.0
31001,Adams,SOUTH,2013,4.0,3000.0,2714.7,468.4,165.0,154.9,32,-15.0,0.0
31001,Adams,SOUTH,2014,4.7,3440.0,2633.7,593.9,242.8,211.9,20,-22.5,5.0
31001,Adams,SOUTH,2015,3.7,2940.0,2719.4,554.9,277.2,153.4,19,-18.5,1.0
31001,Adams,SOUTH,2016,3.95,2610.0,2759.7,489.9,128.2,143.2,29,-16.8,0.0
31001,Adams,SOUTH,2017,4.25,2450.0,2714.8,547.7,194.8,197.3,21,-20.4,3.0
31003,Antelope,NORTHEAST,2000,3.59,18500.0,2688.8,344.7,152.4,117.9,38,,
31003,Antelope,NORTHEAST,2001,4.22,19000.0,2611.3,495.5,149.4,164.3,33,-21.8,10.0
31003,Antelope,NORTHEAST,2002,3.36,22000.0,2673.0,325.5,110.2,127.3,40,-15.4,0.0
31003,Antelope,NORTHEAST,2003,3.92,24000.0,2516.6,422.6,182.0,90.1,34,-21.7,4.0
31003,Antelope,NORTHEAST,2004,4.63,21000.0,2498.4,544.2,221.5,147.4,13,-21.9,5.0
31003,Antelope,NORTHEAST,2005,4.3,21000.0,2653.4,525.2,252.6,129.8,23,-19.0,3.0
31003,Antelope,NORTHEAST,2006,3.79,19900.0,2650.4,476.0,108.7,154.3,32,-25.5,7.0
31003,Antelope,NORTHEAST,2007,3.71,17300.0,2560.0,658.8,245.7,217.2,16,-19.9,8.0
31003,Antelope,NORTHEAST,2008,4.85,15500.0,2337.1,624.0,335.0,137.4,7,-21.8,3.0
31003,Antelope,NORTHEAST,2009,4.0,15600.0,2323.6,486.8,189.9,224.4,8,-23.9,9.0
31003,Antelope,NORTHEAST,2010,4.2,14600.0,2514.8,660.4,350.0,184.8,9,-27.3,11.0
31005,Arthur,NORTH,2000,3.8,3300.0,2589.3,273.4,100.3,82.4,48,,
31005,Arthur,NORTH,2001,3.85,3500.0,2530.5,447.2,100.7,167.9,38,-18.0,1.0
31005,Arthur,NORTH,2002,4.26,6600.0,2556.6,275.6,68.1,143.6,32,-16.7,0.0
31005,Arthur,NORTH,2003,4.5,6400.0,2486.1,311.1,137.4,75.0,47,-18.5,1.0
31005,Arthur,NORTH,2004,3.83,5400.0,2391.5,447.0,122.7,184.9,20,-18.3,2.0
31005,Arthur,NORTH,2005,5.11,4900.0,2512.8,383.1,196.3,113.6,34,-16.8,0.0
31005,Arthur,NORTH,2006,4.4,5200.0,2595.2,308.6,109.1,110.8,35,-20.6,2.0
31005,Arthur,NORTH,2007,4.11,3900.0,2514.0,510.7,230.1,153.3,32,-19.9,1.0
31005,Arthur,NORTH,2009,3.65,3900.0,2237.3,536.6,224.1,165.5,10,-21.1,4.0
31005,Arthur,NORTH,2010,3.65,4200.0,2419.3,507.6,196.6,197.5,29,-21.1,3.0
31005,Arthur,NORTH,2011,4.4,3600.0,2370.4,513.9,223.6,194.4,32,-21.8,8.0
31005,Arthur,NORTH,2012,3.95,3700.0,2752.5,190.3,47.8,50.1,45,-15.2,0.0
31005,Arthur,NORTH,2013,3.6,3200.0,2542.4,387.7,191.9,111.9,27,-16.2,0.0
31005,Arthur,NORTH,2014,3.9,2700.0,2404.6,479.0,260.2,147.9,26,-21.7,5.0
31005,Arthur,NORTH,2015,3.4,2340.0,2465.1,491.9,266.9,113.6,26,-18.5,2.0
31005,Arthur,NORTH,2016,3.85,1820.0,2495.3,393.4,129.8,128.8,26,-14.2,0.0
31005,Arthur,NORTH,2017,3.75,2360.0,2476.8,380.3,107.6,163.5,28,-20.6,4.0
31005,Arthur,NORTH,2018,4.0,2370.0,2495.5,466.7,248.7,133.8,23,-21.8,5.0
31007,Banner,NORTHWEST,2000,3.28,6400.0,2490.5,246.8,79.4,69.0,46,,
31007,Banner,NORTHWEST,2001,3.86,6200.0,2505.0,312.7,107.8,95.9,42,-17.4,0.0
31007,Banner,NORTHWEST,2002,3.66,6200.0,2476.1,182.6,46.8,96.3,38,-16.1,0.0
31007,Banner,NORTHWEST,2003,3.9,6500.0,2396.8,282.2,118.2,77.8,50,-20.7,1.0
31007,Banner,NORTHWEST,2004,3.96,5500.0,2290.0,323.1,97.3,101.0,24,-17.5,0.0
31007,Banner,NORTHWEST,2005,4.36,5300.0,2370.5,390.9,193.2,124.6,30,-16.4,0.0
31007,Banner,NORTHWEST,2006,3.36,4700.0,2483.9,234.3,82.3,103.8,33,-20.5,2.0
31007,Banner,NORTHWEST,2007,3.61,4200.0,2490.1,289.3,83.0,133.7,38,-19.8,3.0
31007,Banner,NORTHWEST,2008,3.85,3300.0,2290.6,309.7,109.0,133.6,32,-18.2,2.0
31007,Banner,NORTHWEST,2009,3.9,4400.0,2211.8,407.4,190.8,110.9,17,-21.5,2.0
31007,Banner,NORTHWEST,2010,3.4,3700.0,2337.1,354.8,175.2,88.4,33,-22.2,3.0
31007,Banner,NORTHWEST,2011,4.3,3100.0,2342.6,364.0,186.1,108.5,44,-23.3,4.0
31007,Banner,NORTHWEST,2012,3.75,3300.0,2681.8,148.1,54.7,41.1,46,-16.6,0.0
31009,Blaine,NORTH,2000,2.74,4600.0,2622.3,361.4,155.5,117.5,42,,
31009,Blaine,NORTH,2001,3.25,4000.0,2555.1,526.4,140.1,164.2,32,-18.1,1.0
31009,Blaine,NORTH,2002,3.58,3300.0,2641.6,256.8,85.3,99.6,39,-14.8,0.0
31009,Blaine,NORTH,2003,3.79,3600.0,2518.2,362.8,181.7,61.0,46,-19.5,4.0
31009,Blaine,NORTH,2004,3.76,3200.0,2475.4,451.6,139.9,159.4,18,-18.1,2.0
31009,Blaine,NORTH,2005,3.58,3100.0,2617.1,381.3,182.4,112.9,33,-18.8,2.0
31009,Blaine,NORTH,2006,2.76,3500.0,2692.9,284.2,66.1,95.4,35,-22.1,6.0
31009,Blaine,NORTH,2007,3.19,3400.0,2572.6,554.0,267.9,131.6,33,-20.0,4.0
31009,Blaine,NORTH,2009,3.25,3000.0,2281.0,509.1,208.6,190.7,9,-21.7,6.0
31009,Blaine,NORTH,2010,4.05,2800.0,2452.5,654.3,335.5,202.4,19,-22.6,6.0
31009,Blaine,NORTH,2011,3.9,2500.0,2426.2,448.7,206.8,170.2,28,-21.4,9.0
31009,Blaine,NORTH,2012,4.05,2600.0,2808.2,215.4,62.3,44.7,46,-19.1,1.0
31009,Blaine,NORTH,2013,3.5,2200.0,2557.1,471.6,187.6,167.9,24,-15.6,0.0
31009,Blaine,NORTH,2014,4.3,1890.0,2446.7,462.3,218.7,159.3,16,-23.4,10.0
31009,Blaine,NORTH,2015,3.1,2770.0,2533.5,506.3,231.3,143.6,27,-21.2,5.0
31009,Blaine,NORTH,2016,4.3,1880.0,2517.6,537.3,178.4,139.6,19,-18.4,1.0
31009,Blaine,NORTH,2017,3.35,3080.0,2502.7,515.1,107.9,235.3,22,-21.4,4.0
31009,Blaine,NORTH,2018,3.8,3100.0,2466.3,615.8,302.2,184.9,13,-22.8,7.0
31011,Boone,NORTHEAST,2000,3.21,27000.0,2742.6,341.1,123.9,141.2,42,,
31011,Boone,NORTHEAST,2001,3.32,29000.0,2678.8,486.7,154.2,151.1,35,-20.3,4.0
31011,Boone,NORTHEAST,2002,3.36,29000.0,2735.3,339.6,132.6,120.7,42,-14.6,0.0
31011,Boone,NORTHEAST,2003,3.8,30000.0,2577.7,450.2,203.7,72.7,40,-21.0,4.0
31011,Boone,NORTHEAST,2004,4.19,25000.0,2584.7,540.3,207.1,160.2,13,-21.3,4.0
31011,Boone,NORTHEAST,2005,3.86,25000.0,2708.5,507.5,252.8,147.2,27,-19.0,3.0
31011,Boone,NORTHEAST,2006,3.73,24000.0,2716.1,507.1,113.0,186.2,28,-22.7,6.0
31011,Boone,NORTHEAST,2007,4.27,21800.0,2608.5,695.0,269.5,228.6,13,-19.0,6.0
31011,Boone,NORTHEAST,2008,4.6,18300.0,2385.6,668.3,371.3,134.0,6,-20.3,2.0
31011,Boone,NORTHEAST,2009,4.6,17200.0,2384.5,511.1,213.8,219.6,8,-24.5,9.0
31011,Boone,NORTHEAST,2010,4.85,16400.0,2595.0,646.5,362.3,172.4,11,-26.8,11.0
31011,Boone,NORTHEAST,2011,4.35,14000.0,2524.2,562.2,267.2,198.8,21,-22.9,6.0
31011,Boone,NORTHEAST,2012,2.85,14000.0,2878.4,250.1,116.4,36.6,47,-19.5,2.0
31011,Boone,NORTHEAST,2013,3.9,12700.0,2611.2,550.8,214.1,174.3,26,-17.3,0.0
31011,Boone,NORTHEAST,2014,4.55,16200.0,2526.9,591.9,246.3,208.4,13,-23.4,7.0
31011,Boone,NORTHEAST,2016,4.45,14300.0,2652.2,574.6,182.1,162.8,15,-21.0,3.0
31011,Boone,NORTHEAST,2017,5.1,15000.0,2598.4,587.9,175.2,235.8,18,-21.7,3.0
31011,Boone,NORTHEAST,2018,4.8,15300.0,2614.2,578.4,284.0,185.0,8,-23.9,7.0
31013,Box Butte,NORTHWEST,2000,4.02,14500.0,2474.7,307.4,100.2,86.7,44,,
31013,Box Butte,NORTHWEST,2001,4.07,14500.0,2498.6,330.7,97.6,124.7,41,-18.4,1.0
31013,Box Butte,NORTHWEST,2002,3.76,12500.0,2483.1,201.0,49.4,101.1,38,-16.0,0.0
31013,Box Butte,NORTHWEST,2003,4.29,14500.0,2398.0,311.8,134.4,76.1,51,-21.4,1.0
31013,Box Butte,NORTHWEST,2004,4.27,12000.0,2307.5,330.7,99.4,102.5,26,-18.0,0.0
31013,Box Butte,NORTHWEST,2005,4.27,13500.0,2396.5,406.2,209.6,114.3,32,-15.9,0.0
31013,Box Butte,NORTHWEST,2006,3.68,12100.0,2511.0,246.6,98.4,83.4,41,-20.1,2.0
31013,Box Butte,NORTHWEST,2007,3.5,9900.0,2516.6,271.0,88.8,101.8,42,-19.8,2.0
31013,Box Butte,NORTHWEST,2008,3.85,10700.0,2298.2,346.1,130.8,121.8,32,-18.3,1.0
31013,Box Butte,NORTHWEST,2009,4.35,11100.0,2204.2,455.3,211.2,130.4,14,-22.1,4.0
31013,Box Butte,NORTHWEST,2010,3.85,9100.0,2346.6,405.4,190.7,112.0,32,-20.5,3.0
31013,Box Butte,NORTHWEST,2011,4.25,9200.0,2358.1,399.6,203.0,110.6,41,-23.1,7.0
31013,Box Butte,NORTHWEST,2012,4.25,10000.0,2706.7,139.5,51.3,31.3,45,-15.5,0.0
31013,Box Butte,NORTHWEST,2013,3.75,9200.0,2484.1,322.7,106.9,84.4,36,-17.3,0.0
31013,Box Butte,NORTHWEST,2014,4.25,9310.0,2327.4,413.9,186.1,104.8,28,-21.9,7.0
31013,Box Butte,NORTHWEST,2015,3.55,11500.0,2366.4,488.5,275.1,111.9,27,-19.2,2.0
31013,Box Butte,NORTHWEST,2016,4.35,9700.0,2428.2,355.7,105.4,120.1,29,-13.5,0.0
31013,Box Butte,NORTHWEST,2017,3.8,10000.0,2391.7,325.9,116.7,123.4,31,-19.8,4.0
31015,Boyd,NORTH,2000,1.78,36000.0,2671.2,328.3,164.0,99.3,47,,
31015,Boyd,NORTH,2001,2.93,39000.0,2593.2,512.1,154.4,128.6,30,-22.7,12.0
31015,Boyd,NORTH,2002,1.56,37000.0,2684.4,313.3,79.7,135.8,37,-15.7,0.0
31015,Boyd,NORTH,2003,2.2,39000.0,2564.8,378.6,174.4,88.0,40,-21.3,3.0
31015,Boyd,NORTH,2004,1.65,35000.0,2531.2,444.3,195.7,94.4,20,-21.0,3.0
31015,Boyd,NORTH,2005,2.52,34000.0,2662.8,522.0,285.0,68.8,32,-19.8,3.0
31015,Boyd,NORTH,2006,1.58,31700.0,2674.8,394.3,78.8,112.9,37,-24.2,8.0
31015,Boyd,NORTH,2007,2.43,27000.0,2640.9,486.2,216.2,145.0,35,-20.3,6.0
31015,Boyd,NORTH,2008,2.7,20300.0,2417.2,507.1,251.0,139.6,22,-22.7,4.0
31015,Boyd,NORTH,2009,2.85,23900.0,2319.4,481.9,178.2,219.8,6,-23.8,10.0
31015,Boyd,NORTH,2010,3.2,23000.0,2504.6,704.9,294.8,276.8,18,-29.7,10.0
31015,Boyd,NORTH,2011,3.6,19500.0,2452.5,465.1,238.4,149.2,30,-22.7,16.0
31015,Boyd,NORTH,2012,1.2,19200.0,2841.1,274.8,105.7,44.6,47,-19.5,1.0
31015,Boyd,NORTH,2013,2.35,19000.0,2542.5,532.8,238.3,171.4,21,-19.4,2.0
31015,Boyd,NORTH,2015,3.35,22000.0,2602.9,539.9,205.6,197.1,28,-24.3,16.0
31015,Boyd,NORTH,2016,3.9,22000.0,2595.3,555.5,180.0,132.7,21,-22.2,4.0
31015,Boyd,NORTH,2017,2.25,24000.0,2547.9,513.5,120.8,213.8,23,-23.1,4.0
31017,Brown,NORTH,2000,2.55,6500.0,2596.5,372.5,172.5,112.0,42,,
31017,Brown,NORTH,2001,2.84,5300.0,2525.5,524.0,156.6,154.3,29,-18.9,7.0
31017,Brown,NORTH,2002,2.13,4600.0,2614.0,257.0,74.9,101.8,37,-14.9,0.0
31017,Brown,NORTH,2003,3.15,5000.0,2507.7,351.2,189.8,66.1,42,-20.3,3.0
31017,Brown,NORTH,2004,2.94,4500.0,2469.4,374.7,124.7,116.1,21,-19.5,1.0
31017,Brown,NORTH,2005,3.93,3900.0,2604.3,409.7,203.9,95.2,33,-19.0,2.0
31017,Brown,NORTH,2006,3.24,4900.0,2680.6,268.7,65.3,76.6,37,-20.6,4.0
31017,Brown,NORTH,2007,3.41,4600.0,2586.9,475.5,248.0,113.4,34,-20.2,5.0
31017,Brown,NORTH,2008,3.4,3400.0,2361.6,486.3,239.8,128.5,20,-19.2,3.0
31017,Brown,NORTH,2009,2.6,3000.0,2280.5,457.8,177.0,182.7,12,-22.1,7.0
31017,Brown,NORTH,2010,2.9,2600.0,2460.0,574.2,287.1,170.5,23,-22.9,5.0
31017,Brown,NORTH,2011,2.65,2400.0,2396.7,485.3,223.9,189.9,29,-21.4,9.0
31017,Brown,NORTH,2014,2.35,1970.0,2420.5,449.6,214.5,154.9,15,-23.7,12.0
31017,Brown,NORTH,2015,2.35,2550.0,2512.3,509.9,229.9,153.2,30,-21.8,7.0
31017,Brown,NORTH,2016,2.95,2500.0,2510.1,510.1,173.0,132.9,20,-19.8,1.0
31017,Brown,NORTH,2017,3.15,3230.0,2480.9,481.5,118.0,201.7,25,-22.1,4.0
31017,Brown,NORTH,2018,2.95,3120.0,2448.3,610.9,275.9,196.8,13,-23.1,7.0
31019,Buffalo,CENTRAL,2000,2.98,36000.0,2738.5,325.2,108.9,141.9,42,,
31019,Buffalo,CENTRAL,2001,3.48,35000.0,2701.5,457.7,131.5,151.6,36,-17.2,0.0
31019,Buffalo,CENTRAL,2002,2.87,39000.0,2738.0,292.4,115.0,112.6,44,-13.9,0.0
31019,Buffalo,CENTRAL,2003,3.78,42000.0,2616.0,430.6,209.5,46.1,46,-17.4,0.0
31019,Buffalo,CENTRAL,2004,3.35,30000.0,2586.4,504.1,162.4,165.6,13,-19.4,3.0
31019,Buffalo,CENTRAL,2005,3.36,31000.0,2687.0,461.9,262.1,131.7,27,-18.5,1.0
31019,Buffalo,CENTRAL,2006,3.2,30000.0,2725.1,464.1,112.0,201.6,25,-19.7,3.0
31019,Buffalo,CENTRAL,2007,3.85,29000.0,2616.8,660.0,257.9,206.2,24,-18.9,2.0
31019,Buffalo,CENTRAL,2008,4.1,25000.0,2407.3,671.5,374.8,138.5,13,-17.0,0.0
31019,Buffalo,CENTRAL,2009,3.65,23600.0,2377.4,523.4,228.7,194.4,8,-21.0,5.0
31019,Buffalo,CENTRAL,2010,4.4,22600.0,2577.3,632.2,311.4,207.7,16,-22.6,6.0
31019,Buffalo,CENTRAL,2011,4.35,20200.0,2522.2,528.7,242.8,191.1,27,-22.9,6.0
31019,Buffalo,CENTRAL,2012,3.9,19300.0,2875.3,248.3,93.7,48.9,47,-18.7,1.0
31019,Buffalo,CENTRAL,2013,3.6,16400.0,2656.5,482.8,175.1,147.8,28,-15.4,0.0
31019,Buffalo,CENTRAL,2014,4.15,20000.0,2536.2,566.0,249.1,188.5,18,-22.6,5.0
31019,Buffalo,CENTRAL,2015,4.55,19700.0,2654.0,481.5,221.8,130.0,23,-19.6,2.0
31019,Buffalo,CENTRAL,2016,4.05,17800.0,2648.7,510.9,140.0,129.6,24,-17.0,0.0
31019,Buffalo,CENTRAL,2017,4.05,18400.0,2640.6,530.5,152.6,216.0,19,-20.6,4.0
31021,Burt,NORTHEAST,2000,3.62,6000.0,2732.6,410.7,159.5,172.3,37,,
31021,Burt,NORTHEAST,2001,3.82,6400.0,2617.0,570.5,235.6,173.9,32,-26.4,16.0
31021,Burt,NORTHEAST,2002,3.42,7600.0,2693.2,447.8,143.8,189.9,35,-17.5,0.0
31021,Burt,NORTHEAST,2003,4.21,7500.0,2538.1,499.8,202.9,112.6,34,-22.2,5.0
31021,Burt,NORTHEAST,2004,4.02,7300.0,2580.1,496.4,216.6,140.6,10,-22.6,8.0
31021,Burt,NORTHEAST,2005,4.14,7300.0,2781.2,468.6,218.1,104.1,38,-20.9,5.0
31021,Burt,NORTHEAST,2006,3.78,7800.0,2709.3,495.5,85.6,191.6,32,-20.8,4.0
31021,Burt,NORTHEAST,2007,4.05,6800.0,2663.5,673.9,194.4,280.3,27,-21.5,9.0
31021,Burt,NORTHEAST,2008,4.15,5300.0,2466.2,613.7,293.6,138.0,5,-23.1,7.0
31021,Burt,NORTHEAST,2009,4.25,5100.0,2402.5,539.4,194.8,235.5,7,-26.5,13.0
31021,Burt,NORTHEAST,2010,4.65,4800.0,2614.3,744.5,299.2,291.2,7,-32.2,25.0
31021,Burt,NORTHEAST,2011,3.5,3800.0,2567.0,542.5,277.2,158.3,24,-27.1,9.0
31021,Burt,NORTHEAST,2012,4.2,4000.0,2879.9,374.4,203.0,62.6,48,-19.0,1.0
31021,Burt,NORTHEAST,2013,4.6,3600.0,2575.3,508.5,238.8,107.8,23,-19.9,2.0
31021,Burt,NORTHEAST,2014,4.05,4450.0,2467.2,786.8,388.0,243.4,4,-25.2,16.0
31021,Burt,NORTHEAST,2016,4.85,3680.0,2668.8,658.2,177.0,210.2,12,-22.7,5.0
31021,Burt,NORTHEAST,2017,4.1,3900.0,2634.4,572.0,183.6,215.8,23,-23.2,3.0
31023,Butler,EAST,2000,3.56,10500.0,2824.6,407.3,165.6,171.1,39,,
31023,Butler,EAST,2001,3.71,11500.0,2731.5,571.7,292.0,124.9,37,-21.7,13.0
31023,Butler,EAST,2002,3.04,12000.0,2820.2,405.4,143.9,169.8,38,-15.1,0.0
31023,Butler,EAST,2003,3.52,13000.0,2640.0,503.6,230.4,78.8,49,-21.8,2.0
31023,Butler,EAST,2004,3.54,12000.0,2701.9,446.0,202.9,139.7,14,-24.8,9.0
31023,Butler,EAST,2005,3.38,11500.0,2867.0,451.5,182.7,144.8,37,-20.3,5.0
31023,Butler,EAST,2006,3.33,11300.0,2779.2,573.8,123.9,224.2,31,-19.6,2.0
31023,Butler,EAST,2007,3.44,10500.0,2719.5,685.4,237.3,279.6,25,-19.2,5.0
31023,Butler,EAST,2008,4.1,9400.0,2507.5,695.1,361.8,144.0,7,-20.3,3.0
31023,Butler,EAST,2009,3.95,8900.0,2571.5,457.7,198.1,162.8,15,-24.3,7.0
31023,Butler,EAST,2010,4.15,8300.0,2756.6,661.2,303.5,200.9,23,-30.1,15.0
31023,Butler,EAST,2011,4.65,7200.0,2683.8,567.3,252.0,216.5,30,-20.7,3.0
31023,Butler,EAST,2012,3.7,7100.0,2967.0,313.4,179.3,41.4,49,-18.2,1.0
31023,Butler,EAST,2013,4.0,6200.0,2689.0,492.2,246.8,95.6,31,-17.5,0.0
31023,Butler,EAST,2014,4.45,8400.0,2616.8,738.2,316.2,218.6,19,-23.4,5.0
31023,Butler,EAST,2016,5.05,7200.0,2786.0,612.8,193.3,195.9,20,-20.7,3.0
31023,Butler,EAST,2017,4.2,7320.0,2726.5,595.0,216.2,219.4,20,-21.8,3.0
31025,Cass,EAST,2000,3.13,8300.0,2824.1,454.5,176.8,199.4,38,,
31025,Cass,EAST,2001,3.63,8800.0,2718.9,597.5,294.2,152.4,35,-22.6,13.0
31025,Cass,EAST,2002,3.22,9000.0,2819.9,447.1,142.1,209.3,40,-15.5,0.0
31025,Cass,EAST,2003,3.42,9300.0,2659.4,454.9,226.4,84.3,49,-22.0,2.0
31025,Cass,EAST,2004,3.83,9000.0,2693.3,499.7,230.7,180.8,13,-24.3,8.0
31025,Cass,EAST,2005,4.11,8900.0,2874.3,465.1,196.8,150.2,38,-20.3,4.0
31025,Cass,EAST,2006,3.8,7700.0,2784.4,571.2,122.5,232.5,33,-18.9,2.0
31025,Cass,EAST,2007,4.0,6300.0,2736.0,706.5,264.1,275.4,31,-18.8,5.0
31025,Cass,EAST,2008,3.8,6200.0,2532.8,722.9,399.7,119.9,5,-20.6,3.0
31025,Cass,EAST,2009,4.1,5400.0,2580.9,493.7,196.8,188.2,15,-24.7,6.0
31025,Cass,EAST,2010,4.3,5000.0,2762.4,738.5,308.3,244.6,23,-29.1,16.0
31025,Cass,EAST,2011,4.4,4100.0,2711.3,554.5,234.0,217.7,29,-19.8,3.0
31025,Cass,EAST,2012,3.75,3900.0,2963.9,358.1,171.6,64.0,49,-17.3,0.0
31025,Cass,EAST,2013,4.1,3100.0,2688.1,526.5,278.0,82.2,31,-18.1,1.0
31025,Cass,EAST,2014,4.55,3840.0,2628.8,760.4,330.4,225.9,17,-23.5,8.0
31025,Cass,EAST,2015,3.45,3790.0,2654.1,798.2,355.8,236.4,10,-21.6,5.0
31025,Cass,EAST,2016,5.05,3530.0,2772.2,712.1,217.3,263.9,15,-20.4,4.0
31025,Cass,EAST,2017,5.15,3960.0,2759.1,571.5,235.8,177.4,22,-22.2,3.0
31027,Cedar,NORTHEAST,2000,3.68,36000.0,2680.8,366.2,173.4,125.4,40,,
31027,Cedar,NORTHEAST,2001,3.84,37000.0,2599.5,515.2,149.6,177.7,31,-24.4,15.0
31027,Cedar,NORTHEAST,2002,3.12,39000.0,2672.8,351.5,103.3,158.3,35,-16.2,0.0
31027,Cedar,NORTHEAST,2003,3.8,39000.0,2493.5,478.1,193.5,107.5,33,-22.5,5.0
31027,Cedar,NORTHEAST,2004,4.16,36000.0,2504.5,523.1,225.6,133.5,11,-22.4,6.0
31027,Cedar,NORTHEAST,2005,3.95,33000.0,2662.8,601.4,286.3,107.8,29,-20.0,3.0
31027,Cedar,NORTHEAST,2006,3.19,33000.0,2628.1,466.2,113.7,123.8,32,-26.4,8.0
31027,Cedar,NORTHEAST,2007,3.4,30300.0,2605.0,557.0,178.6,211.5,26,-23.4,11.0
31027,Cedar,NORTHEAST,2008,4.0,28400.0,2387.4,543.3,294.6,110.1,14,-23.2,7.0
31027,Cedar,NORTHEAST,2009,4.25,24700.0,2321.8,466.1,180.1,195.4,8,-25.9,13.0
31027,Cedar,NORTHEAST,2010,4.75,22500.0,2512.7,728.6,291.3,271.4,9,-30.3,17.0
31027,Cedar,NORTHEAST,2011,4.55,20300.0,2464.5,473.5,229.0,142.4,28,-27.5,12.0
31027,Cedar,NORTHEAST,2012,2.55,20000.0,2862.5,256.9,127.0,36.5,46,-19.7,1.0
31027,Cedar,NORTHEAST,2013,4.3,16900.0,2516.0,517.4,214.5,166.9,23,-20.0,2.0
31027,Cedar,NORTHEAST,2014,5.1,20100.0,2444.1,590.1,284.6,205.4,7,-24.9,20.0
31027,Cedar,NORTHEAST,2015,4.95,19900.0,2593.6,558.0,206.6,205.2,20,-22.9,18.0
31027,Cedar,NORTHEAST,2016,4.85,19200.0,2594.8,580.4,195.8,137.1,18,-24.2,5.0
31027,Cedar,NORTHEAST,2017,4.7,19900.0,2532.0,551.9,146.9,221.9,23,-23.7,4.0
31027,Cedar,NORTHEAST,2018,5.0,18800.0,2510.4,639.3,301.5,201.8,3,-25.5,12.0
31029,Chase,SOUTHWEST,2000,4.87,4500.0,2735.6,234.9,47.1,102.0,49,,
31029,Chase,SOUTHWEST,2001,4.92,4600.0,2701.4,365.2,103.6,131.5,43,-16.6,0.0
31029,Chase,SOUTHWEST,2002,4.23,5000.0,2711.3,232.6,60.8,125.4,41,-15.3,0.0
31029,Chase,SOUTHWEST,2003,4.71,5500.0,2613.0,298.7,126.0,69.2,53,-16.4,0.0
31029,Chase,SOUTHWEST,2004,4.93,4900.0,2565.1,388.5,102.8,166.3,24,-19.2,2.0
31029,Chase,SOUTHWEST,2005,4.37,4700.0,2668.7,385.3,193.8,131.5,36,-16.0,0.0
31029,Chase,SOUTHWEST,2006,3.46,3700.0,2715.7,318.4,105.0,137.4,36,-20.8,2.0
31029,Chase,SOUTHWEST,2007,4.17,3400.0,2662.4,448.8,191.7,149.0,35,-18.8,1.0
31029,Chase,SOUTHWEST,2008,4.5,3000.0,2505.1,402.5,155.7,144.2,32,-17.9,0.0
31029,Chase,SOUTHWEST,2009,4.25,3100.0,2402.8,523.6,224.3,149.5,19,-20.7,2.0
31029,Chase,SOUTHWEST,2010,4.55,2500.0,2611.2,425.0,163.6,169.2,36,-20.1,2.0
31029,Chase,SOUTHWEST,2011,4.4,2300.0,2539.6,468.9,220.1,159.8,44,-20.9,4.0
31029,Chase,SOUTHWEST,2012,3.4,2500.0,2864.9,223.8,51.8,75.9,48,-14.9,0.0
31029,Chase,SOUTHWEST,2013,3.85,2000.0,2680.9,320.9,115.1,114.9,36,-15.4,0.0
31029,Chase,SOUTHWEST,2014,5.1,2380.0,2598.2,434.9,235.4,147.8,37,-19.8,4.0
31029,Chase,SOUTHWEST,2015,5.35,2930.0,2664.5,424.0,246.6,93.2,36,-16.7,0.0
31031,Cherry,NORTH,2000,2.31,36000.0,2516.9,341.0,170.0,72.0,41,,
31031,Cherry,NORTH,2001,2.48,34000.0,2503.6,449.7,116.5,192.1,30,-19.9,5.0
31031,Cherry,NORTH,2002,2.17,25000.0,2516.6,250.0,61.2,96.7,32,-15.7,0.0
31031,Cherry,NORTH,2003,2.24,26000.0,2443.0,289.9,147.3,48.0,47,-20.9,1.0
31031,Cherry,NORTH,2004,2.2,24000.0,2360.4,387.7,114.4,132.3,20,-18.2,1.0
31031,Cherry,NORTH,2005,2.38,23000.0,2504.7,401.3,199.5,90.9,32,-18.7,2.0
31031,Cherry,NORTH,2006,2.01,20900.0,2580.7,293.8,91.0,100.8,34,-20.7,4.0
31031,Cherry,NORTH,2007,2.34,19100.0,2538.7,372.5,163.6,110.7,38,-19.9,6.0
31031,Cherry,NORTH,2008,2.5,16900.0,2306.0,454.5,205.3,134.1,25,-17.7,0.0
31031,Cherry,NORTH,2009,2.35,17200.0,2218.5,484.4,167.5,208.9,11,-21.9,4.0
31031,Cherry,NORTH,2010,2.45,15000.0,2392.7,463.9,185.7,170.4,32,-23.0,3.0
31031,Cherry,NORTH,2011,3.2,14000.0,2336.2,482.9,221.9,184.3,31,-21.6,9.0
31031,Cherry,NORTH,2012,1.55,14000.0,2731.8,191.4,67.1,46.1,46,-19.8,1.0
31031,Cherry,NORTH,2013,2.9,10000.0,2474.7,426.1,185.3,157.5,21,-16.0,0.0
31031,Cherry,NORTH,2014,3.25,9500.0,2337.7,484.1,220.0,163.8,17,-23.2,10.0
31031,Cherry,NORTH,2016,3.25,15500.0,2454.5,463.8,166.2,141.4,20,-18.1,1.0
31031,Cherry,NORTH,2017,2.15,19000.0,2413.0,391.4,134.2,138.6,27,-22.9,4.0
31033,Cheyenne,NORTHWEST,2000,4.22,6200.0,2576.0,252.4,68.2,94.4,47,,
31033,Cheyenne,NORTHWEST,2001,5.18,6100.0,2563.6,357.2,125.4,115.3,42,-17.1,0.0
31033,Cheyenne,NORTHWEST,2002,4.27,6600.0,2560.2,212.7,61.4,114.2,40,-15.8,0.0
31033,Cheyenne,NORTHWEST,2003,4.77,7100.0,2477.1,318.4,126.7,98.0,50,-19.3,1.0
31033,Cheyenne,NORTHWEST,2004,4.41,6500.0,2393.4,357.0,120.0,121.7,25,-18.0,1.0
31033,Cheyenne,NORTHWEST,2005,4.83,6800.0,2499.5,382.5,186.0,119.3,37,-16.5,0.0
31033,Cheyenne,NORTHWEST,2006,3.58,6700.0,2592.4,232.1,72.0,101.7,35,-20.9,2.0
31033,Cheyenne,NORTHWEST,2007,4.51,6600.0,2562.7,357.6,123.9,134.9,39,-19.8,1.0
31033,Cheyenne,NORTHWEST,2008,4.25,5600.0,2383.4,364.3,121.0,164.2,32,-18.2,1.0
31033,Cheyenne,NORTHWEST,2009,4.2,4800.0,2267.1,516.1,236.6,141.4,17,-21.9,2.0
31033,Cheyenne,NORTHWEST,2010,4.4,4700.0,2459.9,361.4,156.3,119.8,36,-20.5,3.0
31033,Cheyenne,NORTHWEST,2011,3.75,3400.0,2431.0,432.6,203.7,145.8,44,-22.3,4.0
31033,Cheyenne,NORTHWEST,2012,4.15,3100.0,2760.2,170.2,43.3,61.0,47,-15.5,0.0
31033,Cheyenne,NORTHWEST,2014,5.2,3580.0,2446.0,388.1,180.3,122.0,32,-22.9,6.0
31035,Clay,SOUTHEAST,2000,3.63,6800.0,2833.4,372.1,127.6,176.4,43,,
31035,Clay,SOUTHEAST,2001,3.79,8100.0,2774.6,594.4,268.8,158.6,38,-18.5,1.0
31035,Clay,SOUTHEAST,2002,3.77,9100.0,2823.5,361.9,149.6,116.1,42,-14.2,0.0
31035,Clay,SOUTHEAST,2003,3.19,10500.0,2674.5,505.9,238.7,58.9,50,-18.9,1.0
31035,Clay,SOUTHEAST,2004,3.89,9800.0,2721.3,488.4,210.4,145.9,16,-21.4,7.0
31035,Clay,SOUTHEAST,2005,3.63,9300.0,2811.8,530.5,215.0,195.0,28,-19.9,5.0
31035,Clay,SOUTHEAST,2006,3.12,8100.0,2803.7,540.0,155.8,219.0,28,-20.0,2.0
31035,Clay,SOUTHEAST,2007,3.37,7300.0,2732.7,678.3,255.3,272.2,25,-18.4,2.0
31035,Clay,SOUTHEAST,2008,4.35,6500.0,2500.9,683.8,314.3,194.6,10,-17.3,0.0
31035,Clay,SOUTHEAST,2009,4.1,6100.0,2556.7,434.1,175.5,155.5,15,-21.8,5.0
31035,Clay,SOUTHEAST,2010,4.65,6100.0,2755.8,652.7,324.1,179.9,24,-25.3,11.0
31035,Clay,SOUTHEAST,2011,3.95,5400.0,2652.1,622.0,262.4,256.2,28,-21.9,5.0
31035,Clay,SOUTHEAST,2012,4.8,5400.0,2953.8,343.3,169.8,79.8,43,-19.4,1.0
31035,Clay,SOUTHEAST,2014,3.9,6550.0,2658.1,638.6,252.4,234.4,22,-22.6,5.0
31035,Clay,SOUTHEAST,2016,4.15,5070.0,2794.6,530.6,159.5,171.6,27,-17.9,0.0
31037,Colfax,EAST,2000,3.48,14500.0,2768.7,399.7,175.4,157.2,35,,
31037,Colfax,EAST,2001,4.09,15000.0,2670.3,545.1,249.4,139.6,36,-22.3,12.0
31037,Colfax,EAST,2002,3.26,17000.0,2753.1,397.1,145.0,160.0,37,-15.8,0.0
31037,Colfax,EAST,2003,3.57,17000.0,2575.9,516.6,215.4,95.9,42,-22.2,3.0
31037,Colfax,EAST,2004,4.85,16000.0,2623.9,468.2,203.3,142.7,13,-24.2,7.0
31037,Colfax,EAST,2005,4.36,15500.0,2801.1,471.8,208.1,123.9,37,-20.1,5.0
31037,Colfax,EAST,2006,3.63,16400.0,2723.6,561.9,119.5,210.7,30,-19.8,4.0
31037,Colfax,EAST,2007,4.26,15700.0,2666.7,676.6,201.4,295.5,25,-20.6,9.0
31037,Colfax,EAST,2008,4.55,13600.0,2464.0,647.6,342.5,117.6,8,-21.6,3.0
31037,Colfax,EAST,2009,4.4,12400.0,2473.3,478.1,195.5,185.9,13,-26.2,8.0
31037,Colfax,EAST,2010,4.75,11900.0,2656.5,707.9,334.8,221.8,15,-30.0,17.0
31037,Colfax,EAST,2011,4.75,10900.0,2595.8,561.0,269.4,187.4,25,-24.6,4.0
31037,Colfax,EAST,2012,3.75,10500.0,2921.6,312.6,181.1,42.9,49,-18.7,1.0
31037,Colfax,EAST,2013,4.6,8400.0,2619.3,497.2,235.9,110.0,27,-18.7,2.0
31037,Colfax,EAST,2015,4.4,8840.0,2607.6,686.1,281.8,221.3,14,-20.2,9.0
31037,Colfax,EAST,2016,5.2,8730.0,2710.4,646.1,208.7,195.2,17,-22.4,3.0
31037,Colfax,EAST,2017,5.05,9130.0,2644.2,603.3,199.5,228.5,19,-22.5,3.0
31039,Cuming,NORTHEAST,2000,4.07,27000.0,2717.0,401.9,184.8,147.2,36,,
31039,Cuming,NORTHEAST,2001,4.26,29000.0,2607.1,559.6,214.4,172.5,30,-23.6,16.0
31039,Cuming,NORTHEAST,2002,4.0,28000.0,2688.1,406.0,143.3,165.0,38,-16.6,0.0
31039,Cuming,NORTHEAST,2003,4.49,29000.0,2509.2,531.5,207.7,110.9,33,-22.5,4.0
31039,Cuming,NORTHEAST,2004,4.72,26000.0,2540.5,507.8,226.5,135.1,12,-23.4,8.0
31039,Cuming,NORTHEAST,2005,5.02,27000.0,2730.4,528.4,243.1,115.0,35,-20.2,5.0
31039,Cuming,NORTHEAST,2006,4.53,25900.0,2667.4,528.3,118.9,180.1,31,-21.2,6.0
31039,Cuming,NORTHEAST,2007,4.58,23300.0,2621.0,658.2,178.6,282.1,24,-22.0,10.0
31039,Cuming,NORTHEAST,2008,4.8,19600.0,2420.3,589.6,303.0,114.1,8,-22.8,6.0
31039,Cuming,NORTHEAST,2009,4.65,17600.0,2374.7,494.2,184.8,199.5,11,-27.2,12.0
31039,Cuming,NORTHEAST,2010,5.3,15400.0,2570.6,720.4,313.7,253.9,8,-30.1,21.0
31039,Cuming,NORTHEAST,2011,5.0,12800.0,2520.0,532.8,265.2,158.4,24,-26.9,6.0
31039,Cuming,NORTHEAST,2012,4.35,12500.0,2877.3,312.8,174.8,44.7,47,-19.4,1.0
31039,Cuming,NORTHEAST,2013,4.85,11700.0,2554.8,499.2,219.6,130.7,25,-19.6,2.0
31039,Cuming,NORTHEAST,2014,5.05,13700.0,2453.9,697.6,354.5,210.9,5,-24.7,16.0
31039,Cuming,NORTHEAST,2015,5.15,14300.0,2586.7,635.2,228.4,223.2,17,-21.3,13.0
31039,Cuming,NORTHEAST,2016,5.55,12400.0,2640.0,635.2,204.1,180.6,13,-23.7,4.0
31039,Cuming,NORTHEAST,2017,4.8,13000.0,2587.5,576.5,170.4,225.8,23,-23.3,3.0
31041,Custer,CENTRAL,2000,2.63,72000.0,2650.5,329.0,132.6,116.0,44,,
31041,Custer,CENTRAL,2001,3.61,76000.0,2587.9,495.6,121.3,158.4,35,-17.6,0.0
31041,Custer,CENTRAL,2002,2.78,71000.0,2663.0,254.1,93.2,97.4,42,-14.8,0.0
31041,Custer,CENTRAL,2003,3.57,77000.0,2535.0,375.5,178.9,51.7,45,-18.4,1.0
31041,Custer,CENTRAL,2004,3.31,59000.0,2484.4,496.6,155.9,179.0,13,-18.5,3.0
31041,Custer,CENTRAL,2005,3.56,58000.0,2609.6,407.4,205.2,127.2,28,-18.6,1.0
31041,Custer,CENTRAL,2006,2.94,54500.0,2687.7,340.4,84.0,130.2,33,-22.8,5.0
31041,Custer,CENTRAL,2007,4.08,51500.0,2549.6,610.7,275.0,150.5,25,-19.6,3.0
31041,Custer,CENTRAL,2008,4.35,46500.0,2337.3,623.2,296.9,154.1,12,-17.4,0.0
31041,Custer,CENTRAL,2009,4.0,45500.0,2278.6,527.5,218.0,198.7,7,-21.3,5.0
31041,Custer,CENTRAL,2010,4.4,43500.0,2455.0,658.8,318.3,221.9,12,-22.5,7.0
31041,Custer,CENTRAL,2011,3.95,40000.0,2439.2,436.5,205.2,152.2,28,-22.1,7.0
31041,Custer,CENTRAL,2012,3.3,39900.0,2811.8,222.1,55.5,49.8,44,-18.3,1.0
31041,Custer,CENTRAL,2013,4.15,39000.0,2577.0,465.0,176.3,158.9,25,-15.6,0.0
31041,Custer,CENTRAL,2014,4.35,42800.0,2463.0,475.8,236.0,153.4,18,-23.0,5.0
31041,Custer,CENTRAL,2015,4.4,41500.0,2561.2,492.0,225.7,137.9,27,-20.8,4.0
31041,Custer,CENTRAL,2016,4.4,41500.0,2529.1,546.2,179.1,142.7,17,-16.9,0.0
31041,Custer,CENTRAL,2017,4.2,41900.0,2532.5,515.7,103.1,238.2,21,-21.0,4.0
31041,Custer,CENTRAL,2018,4.5,42600.0,2499.9,581.6,310.2,165.7,13,-22.2,5.0
31043,Dakota,NORTHEAST,2000,3.6,4000.0,2673.8,430.7,156.8,183.5,34,,
31043,Dakota,NORTHEAST,2001,3.8,4100.0,2561.5,562.0,191.5,197.0,29,-27.7,20.0
31043,Dakota,NORTHEAST,2002,3.7,4900.0,2625.4,472.1,144.5,200.5,29,-17.8,0.0
31043,Dakota,NORTHEAST,2003,4.3,4500.0,2483.8,507.0,205.7,115.5,29,-22.2,6.0
31043,Dakota,NORTHEAST,2004,4.03,4200.0,2516.3,540.5,231.7,128.5,11,-22.2,10.0
31043,Dakota,NORTHEAST,2005,4.7,4200.0,2726.0,498.8,232.7,99.8,38,-21.2,9.0
31043,Dakota,NORTHEAST,2006,4.12,4600.0,2664.6,454.8,88.6,155.8,31,-22.3,4.0
31043,Dakota,NORTHEAST,2007,4.08,5100.0,2638.8,625.6,180.5,243.0,28,-22.3,11.0
31043,Dakota,NORTHEAST,2008,5.0,3300.0,2432.9,567.8,269.0,150.7,7,-24.6,11.0
31043,Dakota,NORTHEAST,2010,4.7,4000.0,2547.5,767.1,269.3,327.8,4,-34.8,26.0
31043,Dakota,NORTHEAST,2011,4.7,3700.0,2506.1,501.0,267.4,126.5,24,-28.2,13.0
31043,Dakota,NORTHEAST,2013,3.85,2900.0,2516.9,503.6,246.5,114.3,21,-20.5,3.0
31043,Dakota,NORTHEAST,2014,4.4,2750.0,2425.9,708.4,373.0,205.0,0,-26.3,21.0
31043,Dakota,NORTHEAST,2015,4.45,2890.0,2576.8,632.1,190.9,272.6,16,-22.5,20.0
31043,Dakota,NORTHEAST,2018,4.65,2790.0,2545.2,722.0,338.7,202.8,4,-26.4,12.0
31045,Dawes,NORTHWEST,2000,2.05,45000.0,2422.0,318.8,106.6,82.0,40,,
31045,Dawes,NORTHWEST,2001,1.98,40000.0,2481.9,317.5,102.4,124.6,40,-18.9,3.0
31045,Dawes,NORTHWEST,2002,1.25,30000.0,2436.6,205.1,52.5,80.9,36,-16.4,0.0
31045,Dawes,NORTHWEST,2003,2.15,33000.0,2361.4,321.8,149.6,57.6,48,-21.8,1.0
31045,Dawes,NORTHWEST,2004,1.8,27000.0,2286.7,294.0,86.2,81.6,28,-18.5,1.0
31045,Dawes,NORTHWEST,2005,2.22,36000.0,2380.1,406.1,217.2,108.5,30,-17.4,0.0
31045,Dawes,NORTHWEST,2006,1.54,32500.0,2485.8,252.2,93.8,82.1,36,-20.9,3.0
31045,Dawes,NORTHWEST,2007,1.53,35000.0,2504.0,241.4,80.7,90.0,45,-19.5,3.0
31045,Dawes,NORTHWEST,2008,2.15,32000.0,2270.1,356.4,142.6,119.9,31,-17.8,0.0
31045,Dawes,NORTHWEST,2009,2.45,29600.0,2202.0,404.5,177.5,120.0,16,-22.4,5.0
31045,Dawes,NORTHWEST,2010,2.4,25700.0,2306.3,412.9,197.2,101.1,32,-21.0,3.0
31045,Dawes,NORTHWEST,2011,1.95,25000.0,2312.8,402.4,228.0,95.1,41,-23.0,6.0
31045,Dawes,NORTHWEST,2013,1.5,31000.0,2461.7,323.8,109.0,101.7,33,-16.7,0.0
31045,Dawes,NORTHWEST,2014,2.15,37100.0,2288.2,441.3,183.0,112.9,24,-22.2,8.0
31045,Dawes,NORTHWEST,2015,2.1,44500.0,2353.2,464.4,279.9,97.0,28,-18.8,2.0
31045,Dawes,NORTHWEST,2016,1.65,40300.0,2412.8,329.6,87.6,109.7,27,-13.2,0.0
31045,Dawes,NORTHWEST,2017,2.0,47300.0,2367.9,303.2,122.3,96.8,32,-21.5,5.0
31045,Dawes,NORTHWEST,2018,2.4,54400.0,2403.4,375.3,201.1,111.0,26,-21.1,6.0
31047,Dawson,CENTRAL,2000,3.88,64000.0,2724.3,299.2,103.6,119.2,46,,
31047,Dawson,CENTRAL,2001,4.02,65000.0,2678.6,460.0,111.6,162.2,37,-16.9,0.0
31047,Dawson,CENTRAL,2002,3.96,49000.0,2725.0,240.7,94.7,91.0,43,-14.3,0.0
31047,Dawson,CENTRAL,2003,4.2,65000.0,2599.3,389.1,183.9,50.0,50,-17.2,0.0
31047,Dawson,CENTRAL,2004,4.09,55000.0,2557.1,501.8,154.9,185.7,14,-19.1,2.0
31047,Dawson,CENTRAL,2005,4.06,54000.0,2658.7,430.5,233.9,128.9,28,-18.2,1.0
31047,Dawson,CENTRAL,2006,4.14,55000.0,2730.8,395.3,104.9,172.8,32,-19.9,3.0
31047,Dawson,CENTRAL,2007,4.65,48500.0,2599.5,631.4,256.9,180.5,26,-18.8,2.0
31047,Dawson,CENTRAL,2008,4.9,40000.0,2402.0,640.7,337.9,146.9,16,-17.2,0.0
31047,Dawson,CENTRAL,2009,4.45,41000.0,2355.4,524.0,208.8,198.8,8,-20.1,4.0
31047,Dawson,CENTRAL,2010,4.5,36900.0,2553.2,598.3,267.9,214.2,19,-21.7,6.0
31047,Dawson,CENTRAL,2011,4.15,28000.0,2515.4,475.2,219.6,168.5,36,-21.9,5.0
31047,Dawson,CENTRAL,2012,3.8,29000.0,2867.6,229.2,63.7,62.6,46,-17.6,0.0
31047,Dawson,CENTRAL,2013,4.2,29500.0,2653.5,424.6,152.6,134.3,30,-15.3,0.0
31047,Dawson,CENTRAL,2014,5.15,36000.0,2533.6,490.0,250.7,150.1,25,-22.1,4.0
31047,Dawson,CENTRAL,2015,4.95,36700.0,2638.1,481.1,220.9,138.6,24,-20.2,2.0
31047,Dawson,CENTRAL,2016,5.4,30800.0,2611.8,523.7,170.9,130.6,25,-15.6,0.0
31047,Dawson,CENTRAL,2017,5.1,32400.0,2619.8,497.9,119.0,215.3,20,-20.6,4.0
31049,Deuel,NORTHWEST,2000,5.18,1700.0,2642.0,242.5,55.7,94.9,49,,
31049,Deuel,NORTHWEST,2001,4.41,1800.0,2609.7,388.5,101.3,134.9,39,-17.4,0.0
31049,Deuel,NORTHWEST,2002,4.24,1900.0,2611.0,265.1,63.5,149.4,35,-15.7,0.0
31049,Deuel,NORTHWEST,2003,5.22,2000.0,2536.7,302.9,133.7,76.4,50,-17.7,0.0
31049,Deuel,NORTHWEST,2004,4.4,2300.0,2461.9,369.7,110.3,146.7,25,-18.3,1.0
31049,Deuel,NORTHWEST,2005,5.07,2600.0,2580.0,368.4,185.6,115.6,38,-16.0,0.0
31049,Deuel,NORTHWEST,2006,4.87,2300.0,2650.5,268.0,90.3,104.8,35,-20.4,2.0
31049,Deuel,NORTHWEST,2007,4.77,2400.0,2593.3,450.3,189.9,141.8,33,-19.3,1.0
31049,Deuel,NORTHWEST,2008,4.7,1600.0,2421.1,400.3,147.9,144.5,29,-18.2,1.0
31049,Deuel,NORTHWEST,2010,4.75,2200.0,2510.2,412.0,171.0,150.6,32,-20.0,3.0
31049,Deuel,NORTHWEST,2011,5.3,1600.0,2460.9,486.5,218.4,170.7,40,-21.9,5.0
31049,Deuel,NORTHWEST,2012,4.25,1700.0,2806.6,184.5,46.6,61.2,47,-15.0,0.0
31049,Deuel,NORTHWEST,2015,4.5,1810.0,2530.0,458.9,252.0,103.6,30,-17.6,0.0
31049,Deuel,NORTHWEST,2016,4.75,1870.0,2553.5,376.7,136.5,110.0,31,-13.2,0.0
31051,Dixon,NORTHEAST,2000,3.73,11000.0,2689.8,413.8,179.6,158.6,40,,
31051,Dixon,NORTHEAST,2001,3.83,12500.0,2594.3,543.8,170.0,186.5,29,-24.3,17.0
31051,Dixon,NORTHEAST,2002,3.44,11000.0,2659.0,423.1,131.1,188.1,34,-16.7,0.0
31051,Dixon,NORTHEAST,2003,4.32,12000.0,2486.0,530.8,209.5,107.7,30,-22.6,5.0
31051,Dixon,NORTHEAST,2004,4.52,11000.0,2522.6,526.5,235.9,126.4,13,-23.0,8.0
31051,Dixon,NORTHEAST,2005,4.08,10500.0,2709.5,582.3,275.1,105.4,33,-20.7,4.0
31051,Dixon,NORTHEAST,2006,3.28,10400.0,2653.2,481.1,111.4,137.3,32,-22.4,6.0
31051,Dixon,NORTHEAST,2007,3.65,9000.0,2637.1,583.8,166.0,230.1,28,-22.6,12.0
31051,Dixon,NORTHEAST,2008,4.3,8100.0,2430.6,536.8,271.3,122.4,15,-23.9,9.0
31051,Dixon,NORTHEAST,2010,4.35,6500.0,2541.1,756.0,273.5,307.4,6,-30.8,24.0
31051,Dixon,NORTHEAST,2011,4.5,6400.0,2489.1,511.1,256.1,141.1,26,-27.1,11.0
31051,Dixon,NORTHEAST,2012,2.7,6000.0,2874.8,306.9,165.9,43.5,47,-19.3,1.0
31051,Dixon,NORTHEAST,2013,3.7,5700.0,2537.7,490.3,217.4,138.4,26,-20.1,2.0
31051,Dixon,NORTHEAST,2014,4.7,6880.0,2462.4,633.6,330.2,194.5,5,-25.4,18.0
31051,Dixon,NORTHEAST,2016,5.1,5640.0,2639.0,579.7,181.7,149.2,19,-24.1,5.0
31053,Dodge,EAST,2000,3.98,9500.0,2768.7,399.7,175.4,157.2,35,,
31053,Dodge,EAST,2001,4.05,9800.0,2670.3,545.1,249.4,139.6,36,-22.3,12.0
31053,Dodge,EAST,2002,3.28,8100.0,2753.1,397.1,145.0,160.0,37,-15.8,0.0
31053,Dodge,EAST,2003,3.85,9100.0,2575.9,516.6,215.4,95.9,42,-22.2,3.0
31053,Dodge,EAST,2004,4.02,7800.0,2623.9,468.2,203.3,142.7,13,-24.2,7.0
31053,Dodge,EAST,2005,3.9,7900.0,2801.1,471.8,208.1,123.9,37,-20.1,5.0
31053,Dodge,EAST,2006,3.78,7800.0,2723.6,561.9,119.5,210.7,30,-19.8,4.0
31053,Dodge,EAST,2007,4.27,7200.0,2666.7,676.6,201.4,295.5,25,-20.6,9.0
31053,Dodge,EAST,2008,3.9,6400.0,2464.0,647.6,342.5,117.6,8,-21.6,3.0
31053,Dodge,EAST,2009,4.3,5800.0,2473.3,478.1,195.5,185.9,13,-26.2,8.0
31053,Dodge,EAST,2010,4.75,5200.0,2656.5,707.9,334.8,221.8,15,-30.0,17.0
31053,Dodge,EAST,2011,4.9,4700.0,2595.8,561.0,269.4,187.4,25,-24.6,4.0
31053,Dodge,EAST,2012,4.4,4200.0,2921.6,312.6,181.1,42.9,49,-18.7,1.0
31053,Dodge,EAST,2013,4.1,3700.0,2619.3,497.2,235.9,110.0,27,-18.7,2.0
31053,Dodge,EAST,2014,4.35,4730.0,2522.8,741.9,349.9,220.5,14,-23.9,10.0
31053,Dodge,EAST,2016,4.85,3740.0,2710.4,646.1,208.7,195.2,17,-22.4,3.0
31053,Dodge,EAST,2017,5.0,4180.0,2644.2,603.3,199.5,228.5,19,-22.5,3.0
31053,Dodge,EAST,2018,5.0,3810.0,2685.4,597.2,295.3,170.2,15,-24.2,7.0
31055,Douglas,EAST,2000,3.84,3600.0,2775.8,424.0,165.5,184.6,37,,
31055,Douglas,EAST,2001,3.53,3500.0,2667.8,572.0,267.2,155.2,32,-25.1,15.0
31055,Douglas,EAST,2002,2.88,2800.0,2753.6,442.8,138.3,200.5,37,-16.6,0.0
31055,Douglas,EAST,2003,2.68,3000.0,2597.6,474.6,211.4,93.8,42,-22.2,4.0
31055,Douglas,EAST,2004,3.46,2800.0,2630.7,485.5,211.5,166.1,11,-23.7,9.0
31055,Douglas,EAST,2005,3.62,2900.0,2828.1,455.6,202.7,122.4,40,-20.0,5.0
31055,Douglas,EAST,2006,3.4,2200.0,2744.2,539.0,92.5,221.5,31,-19.0,2.0
31055,Douglas,EAST,2007,3.67,2200.0,2693.9,688.5,222.2,286.8,28,-20.3,9.0
31055,Douglas,EAST,2008,2.8,1900.0,2497.3,666.7,343.7,122.4,5,-21.8,3.0
31055,Douglas,EAST,2009,3.2,1800.0,2483.8,525.3,201.3,218.2,12,-26.2,9.0
31055,Douglas,EAST,2010,3.9,1800.0,2680.9,759.0,325.4,265.5,14,-30.1,21.0
31055,Douglas,EAST,2011,3.65,1500.0,2626.1,574.8,274.8,193.2,24,-23.9,4.0
31055,Douglas,EAST,2012,3.25,1500.0,2918.9,366.0,194.2,58.2,47,-18.0,1.0
31055,Douglas,EAST,2014,3.95,1140.0,2533.1,816.1,376.3,253.2,12,-24.1,12.0
31055,Douglas,EAST,2015,3.15,1170.0,2605.6,757.0,276.9,250.6,16,-21.1,9.0
31055,Douglas,EAST,2016,3.35,890.0,2702.4,724.1,205.4,251.6,11,-21.8,4.0
31055,Douglas,EAST,2017,2.55,950.0,2683.6,583.4,213.3,199.5,21,-22.8,3.0
31055,Douglas,EAST,2018,3.5,1420.0,2709.1,666.4,321.3,192.0,15,-24.6,6.0
31057,Dundy,SOUTHWEST,2000,4.52,12500.0,2792.2,253.1,59.0,117.6,49,,
31057,Dundy,SOUTHWEST,2001,4.98,12000.0,2783.1,336.2,104.8,140.3,46,-16.1,0.0
31057,Dundy,SOUTHWEST,2002,3.64,11000.0,2789.2,200.3,58.0,95.7,43,-14.7,0.0
31057,Dundy,SOUTHWEST,2003,4.23,11000.0,2658.7,310.9,147.2,68.8,50,-15.0,0.0
31057,Dundy,SOUTHWEST,2004,4.66,9000.0,2617.5,417.7,106.0,170.3,24,-18.1,1.0
31057,Dundy,SOUTHWEST,2005,4.51,7700.0,2706.7,417.9,214.7,146.8,35,-15.7,0.0
31057,Dundy,SOUTHWEST,2006,4.16,6200.0,2749.9,353.9,129.9,160.9,34,-20.5,2.0
31057,Dundy,SOUTHWEST,2007,4.49,5800.0,2717.6,408.3,140.1,167.4,37,-18.0,0.0
31057,Dundy,SOUTHWEST,2008,4.3,5700.0,2578.6,394.2,127.1,174.8,31,-17.1,0.0
31057,Dundy,SOUTHWEST,2009,4.3,5300.0,2470.0,525.0,220.7,160.3,24,-19.9,2.0
31057,Dundy,SOUTHWEST,2010,4.85,5300.0,2683.9,414.2,135.7,185.6,39,-19.7,2.0
31057,Dundy,SOUTHWEST,2011,4.8,5000.0,2619.6,439.2,198.9,157.8,45,-20.3,3.0
31057,Dundy,SOUTHWEST,2012,4.2,5100.0,2909.2,236.9,54.7,82.4,47,-15.9,0.0
31057,Dundy,SOUTHWEST,2013,4.45,4500.0,2738.3,317.6,96.6,118.8,37,-14.2,0.0
31057,Dundy,SOUTHWEST,2014,4.45,5330.0,2688.0,412.0,209.8,146.3,36,-18.2,3.0
31057,Dundy,SOUTHWEST,2015,4.75,5370.0,2741.1,405.2,241.7,80.8,39,-16.6,0.0
31057,Dundy,SOUTHWEST,2016,4.7,4630.0,2702.3,409.6,137.6,104.6,38,-14.6,0.0
31057,Dundy,SOUTHWEST,2017,4.8,4810.0,2658.2,411.4,178.8,117.8,32,-16.4,0.0
31057,Dundy,SOUTHWEST,2018,5.1,6070.0,2755.6,381.6,200.6,119.5,38,-17.7,0.0
31059,Fillmore,SOUTHEAST,2000,3.52,4300.0,2862.2,380.0,132.3,177.5,43,,
31059,Fillmore,SOUTHEAST,2001,3.23,4600.0,2783.7,622.7,297.7,153.6,40,-19.5,4.0
31059,Fillmore,SOUTHEAST,2002,2.97,4800.0,2853.2,379.7,156.1,124.6,43,-14.6,0.0
31059,Fillmore,SOUTHEAST,2003,2.89,6800.0,2680.2,531.0,245.3,63.2,50,-20.4,2.0
31059,Fillmore,SOUTHEAST,2004,3.97,5200.0,2737.4,484.1,228.2,138.0,14,-23.3,9.0
31059,Fillmore,SOUTHEAST,2005,3.74,5100.0,2852.9,528.0,194.3,197.3,30,-20.4,5.0
31059,Fillmore,SOUTHEAST,2006,3.29,5900.0,2820.5,560.4,150.3,228.7,33,-20.0,1.0
31059,Fillmore,SOUTHEAST,2007,3.43,4300.0,2754.5,697.2,254.0,287.5,23,-18.9,2.0
31059,Fillmore,SOUTHEAST,2008,4.05,4100.0,2524.6,694.7,309.4,201.1,11,-17.9,0.0
31059,Fillmore,SOUTHEAST,2009,4.15,5100.0,2591.6,432.0,176.3,148.6,17,-22.1,5.0
31059,Fillmore,SOUTHEAST,2010,4.6,5000.0,2808.9,626.9,306.9,169.1,28,-26.4,11.0
31059,Fillmore,SOUTHEAST,2011,4.65,4800.0,2700.3,607.5,257.7,247.3,30,-20.7,5.0
31059,Fillmore,SOUTHEAST,2012,3.75,4600.0,2977.3,349.7,180.4,73.3,46,-19.1,1.0
31059,Fillmore,SOUTHEAST,2013,2.9,3600.0,2734.3,503.9,206.7,162.7,27,-15.8,0.0
31059,Fillmore,SOUTHEAST,2017,5.55,3950.0,2780.2,561.6,210.2,197.6,20,-20.8,3.0
31061,Franklin,SOUTH,2000,3.64,7700.0,2887.4,338.9,136.1,134.4,47,,
31061,Franklin,SOUTH,2001,3.81,8700.0,2840.9,568.5,253.7,171.6,40,-19.0,1.0
31061,Franklin,SOUTH,2002,3.43,10500.0,2868.7,340.7,156.6,102.5,44,-14.0,0.0
31061,Franklin,SOUTH,2003,3.86,10500.0,2733.5,467.4,200.4,82.8,52,-16.4,0.0
31061,Franklin,SOUTH,2004,4.08,9700.0,2770.5,496.0,183.8,176.4,21,-20.6,6.0
31061,Franklin,SOUTH,2005,3.98,8900.0,2830.9,549.1,210.6,235.1,27,-19.0,3.0
31061,Franklin,SOUTH,2006,3.68,7300.0,2856.1,517.9,175.1,202.6,32,-17.3,0.0
31061,Franklin,SOUTH,2007,4.32,5900.0,2781.7,643.0,277.8,232.5,31,-18.6,2.0
31061,Franklin,SOUTH,2008,4.15,5500.0,2588.7,665.1,281.6,237.3,17,-16.3,0.0
31061,Franklin,SOUTH,2009,3.45,5100.0,2613.6,456.7,158.6,197.7,15,-19.3,3.0
31061,Franklin,SOUTH,2010,4.5,5000.0,2812.9,661.6,306.2,199.7,30,-22.2,5.0
31061,Franklin,SOUTH,2011,4.35,4600.0,2714.9,643.2,285.3,273.2,34,-21.8,4.0
31061,Franklin,SOUTH,2012,2.7,4900.0,2997.7,313.9,105.1,99.7,41,-17.5,0.0
31061,Franklin,SOUTH,2013,2.4,4300.0,2802.7,451.8,156.3,171.1,32,-14.3,0.0
31063,Frontier,SOUTHWEST,2000,3.88,5100.0,2796.9,278.1,72.6,123.3,49,,
31063,Frontier,SOUTHWEST,2001,4.58,6000.0,2759.0,421.6,115.2,150.8,41,-15.9,0.0
31063,Frontier,SOUTHWEST,2002,3.03,5600.0,2795.5,210.4,92.3,65.2,44,-14.0,0.0
31063,Frontier,SOUTHWEST,2003,4.07,6100.0,2660.3,373.3,163.7,74.7,51,-17.1,0.0
31063,Frontier,SOUTHWEST,2004,3.66,5400.0,2629.5,502.3,138.8,215.8,20,-19.1,2.0
31063,Frontier,SOUTHWEST,2005,4.09,5100.0,2709.9,436.0,215.2,153.3,32,-17.1,0.0
31063,Frontier,SOUTHWEST,2006,3.86,3700.0,2780.5,381.7,126.3,170.0,35,-19.0,2.0
31063,Frontier,SOUTHWEST,2007,4.48,3100.0,2689.2,559.1,194.7,187.5,29,-18.2,1.0
31063,Frontier,SOUTHWEST,2008,4.3,2600.0,2518.1,537.6,272.2,145.9,26,-17.1,0.0
31063,Frontier,SOUTHWEST,2009,4.25,2700.0,2446.3,540.5,215.5,190.6,11,-19.2,3.0
31063,Frontier,SOUTHWEST,2010,5.15,2300.0,2660.2,506.1,208.6,188.3,30,-20.6,4.0
31063,Frontier,SOUTHWEST,2012,4.15,2200.0,2936.1,221.7,61.0,80.0,46,-16.6,0.0
31063,Frontier,SOUTHWEST,2013,4.2,1800.0,2750.2,356.3,120.8,112.5,34,-14.9,0.0
31063,Frontier,SOUTHWEST,2015,5.05,1850.0,2723.7,491.1,231.4,150.5,28,-18.4,2.0
31065,Furnas,SOUTH,2000,4.11,19500.0,2891.7,290.0,104.0,119.5,50,,
31065,Furnas,SOUTH,2001,4.39,19500.0,2852.7,478.9,160.7,169.3,44,-15.3,0.0
31065,Furnas,SOUTH,2002,3.73,17000.0,2894.6,223.0,105.3,69.5,49,-13.2,0.0
31065,Furnas,SOUTH,2003,4.25,20000.0,2757.2,390.3,184.2,77.5,53,-15.8,0.0
31065,Furnas,SOUTH,2004,4.46,18000.0,2754.1,490.0,136.6,194.8,24,-18.2,1.0
31065,Furnas,SOUTH,2005,4.32,16500.0,2805.3,478.0,205.0,185.3,34,-17.6,0.0
31065,Furnas,SOUTH,2006,3.76,15100.0,2865.1,411.5,158.6,168.8,36,-17.6,0.0
31065,Furnas,SOUTH,2007,4.51,14700.0,2795.2,511.5,164.1,183.4,32,-17.0,0.0
31065,Furnas,SOUTH,2008,4.25,13700.0,2626.0,554.5,253.2,188.5,28,-15.5,0.0
31065,Furnas,SOUTH,2009,4.7,12500.0,2555.8,545.5,205.6,216.9,15,-18.6,1.0
31065,Furnas,SOUTH,2010,4.65,11500.0,2791.2,518.2,224.4,158.1,38,-20.3,3.0
31065,Furnas,SOUTH,2011,5.55,10500.0,2742.4,490.7,185.2,232.7,38,-19.5,4.0
31065,Furnas,SOUTH,2012,4.0,11200.0,3016.9,229.7,59.3,83.1,48,-15.1,0.0
31065,Furnas,SOUTH,2013,3.45,9400.0,2855.4,322.2,94.1,106.7,39,-14.8,0.0
31065,Furnas,SOUTH,2014,4.5,11200.0,2760.9,488.2,225.6,165.3,39,-19.8,3.0
31065,Furnas,SOUTH,2016,5.2,8950.0,2807.2,561.7,144.7,158.2,36,-14.4,0.0
31065,Furnas,SOUTH,2017,4.65,9190.0,2764.1,501.7,173.7,171.4,26,-18.2,1.0
31067,Gage,SOUTHEAST,2000,2.37,14000.0,2879.3,416.7,159.3,178.4,44,,
31067,Gage,SOUTHEAST,2001,3.76,14500.0,2767.5,681.3,341.7,160.1,35,-20.7,11.0
31067,Gage,SOUTHEAST,2002,2.29,13000.0,2874.0,413.4,159.3,161.8,44,-15.7,0.0
31067,Gage,SOUTHEAST,2003,3.0,14000.0,2689.6,520.7,250.2,76.3,50,-21.4,2.0
31067,Gage,SOUTHEAST,2004,3.67,13000.0,2733.1,476.8,239.4,138.3,14,-24.9,9.0
31067,Gage,SOUTHEAST,2005,3.56,12000.0,2893.6,492.0,171.5,188.3,33,-20.1,5.0
31067,Gage,SOUTHEAST,2006,3.45,11400.0,2826.1,594.2,145.0,234.7,34,-18.9,1.0
31067,Gage,SOUTHEAST,2007,2.85,9800.0,2758.5,725.3,281.8,272.9,25,-19.3,2.0
31067,Gage,SOUTHEAST,2008,4.0,10000.0,2549.8,705.4,329.6,180.4,11,-18.8,3.0
31067,Gage,SOUTHEAST,2009,4.0,9300.0,2637.8,452.3,192.4,142.8,18,-22.4,5.0
31067,Gage,SOUTHEAST,2010,4.15,8600.0,2842.6,625.9,273.1,179.4,32,-29.6,14.0
31067,Gage,SOUTHEAST,2011,4.5,7300.0,2768.3,540.0,220.1,228.3,33,-19.0,4.0
31067,Gage,SOUTHEAST,2012,2.0,7000.0,3003.0,332.1,165.0,58.0,49,-18.0,1.0
31069,Garden,NORTHWEST,2000,4.68,13000.0,2577.8,283.3,86.9,93.6,47,,
31069,Garden,NORTHWEST,2001,4.56,14500.0,2547.7,393.0,95.0,143.1,39,-18.1,1.0
31069,Garden,NORTHWEST,2002,4.62,14000.0,2553.3,255.2,58.0,139.0,35,-15.8,0.0
31069,Garden,NORTHWEST,2003,5.0,15000.0,2481.3,311.4,139.7,80.5,50,-19.1,1.0
31069,Garden,NORTHWEST,2004,4.49,13500.0,2393.0,396.0,118.9,147.5,23,-18.1,1.0
31069,Garden,NORTHWEST,2005,4.21,14000.0,2493.5,405.1,206.1,122.9,35,-16.1,0.0
31069,Garden,NORTHWEST,2006,4.36,11500.0,2591.2,269.8,97.6,96.2,36,-20.3,2.0
31069,Garden,NORTHWEST,2007,4.62,10900.0,2539.7,442.5,176.8,148.8,33,-19.5,1.0
31069,Garden,NORTHWEST,2008,4.4,9500.0,2354.8,403.3,150.5,136.4,31,-18.2,1.0
31069,Garden,NORTHWEST,2009,4.35,8500.0,2233.9,569.4,248.0,167.8,10,-21.7,3.0
31069,Garden,NORTHWEST,2010,4.8,6700.0,2423.6,457.8,181.7,171.9,29,-20.2,3.0
31069,Garden,NORTHWEST,2011,4.4,6000.0,2387.9,492.9,209.1,185.7,37,-22.3,6.0
31069,Garden,NORTHWEST,2012,4.0,5700.0,2765.5,162.7,42.4,49.8,46,-14.7,0.0
31069,Garden,NORTHWEST,2014,4.5,6430.0,2419.3,438.3,222.9,129.7,30,-21.5,5.0
31069,Garden,NORTHWEST,2017,4.0,8940.0,2465.3,383.5,113.9,155.4,30,-20.6,4.0
31069,Garden,NORTHWEST,2018,4.05,8430.0,2488.1,482.8,262.3,135.8,23,-20.9,3.0
31071,Garfield,NORTH,2000,2.98,9600.0,2671.4,354.9,154.0,124.4,42,,
31071,Garfield,NORTH,2001,2.95,8600.0,2598.7,504.3,147.9,169.3,33,-20.7,7.0
31071,Garfield,NORTH,2002,2.2,7500.0,2664.5,319.0,107.4,127.0,39,-15.4,0.0
31071,Garfield,NORTH,2003,2.92,8500.0,2521.6,427.2,185.9,89.3,37,-20.7,4.0
31071,Garfield,NORTH,2004,2.45,8300.0,2497.0,549.1,220.2,148.9,14,-20.6,3.0
31071,Garfield,NORTH,2005,3.09,7500.0,2638.5,529.7,255.5,134.9,27,-18.9,2.0
31071,Garfield,NORTH,2006,2.2,7400.0,2657.0,461.3,105.1,147.2,32,-24.1,7.0
31071,Garfield,NORTH,2007,3.17,7400.0,2577.9,654.7,249.3,208.2,24,-20.3,6.0
31071,Garfield,NORTH,2008,3.6,6400.0,2354.0,616.2,331.3,132.3,11,-21.1,3.0
31071,Garfield,NORTH,2009,3.45,5700.0,2329.9,495.1,195.4,224.0,9,-24.0,9.0
31071,Garfield,NORTH,2010,3.55,5100.0,2516.5,667.7,348.8,191.0,15,-26.8,11.0
31071,Garfield,NORTH,2011,4.6,4500.0,2446.9,525.1,255.0,177.1,26,-21.5,7.0
31071,Garfield,NORTH,2012,2.75,4400.0,2825.4,250.9,106.7,37.8,45,-20.2,2.0
31071,Garfield,NORTH,2013,3.55,3200.0,2541.2,544.5,213.6,180.5,26,-17.5,0.0
31071,Garfield,NORTH,2014,3.55,4210.0,2466.9,544.6,238.3,200.6,14,-24.0,11.0
31071,Garfield,NORTH,2015,3.7,4520.0,2566.3,549.3,220.5,184.2,24,-22.5,13.0
31071,Garfield,NORTH,2016,4.2,3610.0,2571.3,578.7,182.5,161.1,17,-21.1,4.0
31071,Garfield,NORTH,2017,3.85,4250.0,2545.8,539.4,124.5,228.0,20,-22.1,3.0
31071,Garfield,NORTH,2018,4.65,3950.0,2512.0,639.5,286.6,222.9,11,-24.4,8.0
31073,Gosper,SOUTH,2000,4.11,4000.0,2805.8,307.4,101.0,132.7,47,,
31073,Gosper,SOUTH,2001,4.28,4700.0,2765.2,461.5,128.2,172.7,41,-16.3,0.0
31073,Gosper,SOUTH,2002,3.91,3800.0,2805.5,229.6,103.1,75.8,43,-13.7,0.0
31073,Gosper,SOUTH,2003,4.31,4800.0,2672.1,398.5,188.4,65.0,50,-16.9,0.0
31073,Gosper,SOUTH,2004,4.39,4400.0,2653.5,499.1,142.1,194.1,21,-19.4,2.0
31073,Gosper,SOUTH,2005,4.51,4100.0,2731.2,440.8,224.7,148.8,29,-17.8,0.0
31073,Gosper,SOUTH,2006,3.93,2900.0,2794.7,410.5,129.4,187.6,33,-18.6,1.0
31073,Gosper,SOUTH,2007,4.28,2700.0,2689.7,611.5,211.0,206.6,26,-17.9,0.0
31073,Gosper,SOUTH,2008,4.3,2300.0,2511.6,607.3,321.7,164.6,22,-16.9,0.0
31073,Gosper,SOUTH,2009,4.05,2200.0,2457.8,532.0,205.0,202.4,13,-19.2,4.0
31073,Gosper,SOUTH,2010,4.5,2000.0,2670.4,554.8,247.0,196.3,31,-20.9,4.0
31073,Gosper,SOUTH,2011,4.6,1700.0,2624.8,500.5,214.7,201.5,38,-20.6,5.0
31073,Gosper,SOUTH,2012,4.4,1800.0,2941.9,232.9,69.1,79.3,45,-16.5,0.0
31073,Gosper,SOUTH,2013,3.9,1200.0,2765.4,353.0,112.8,106.1,36,-15.3,0.0
31073,Gosper,SOUTH,2017,5.1,2930.0,2697.7,504.7,145.5,199.4,19,-20.0,3.0
31075,Grant,NORTH,2000,3.2,1600.0,2483.5,321.5,142.5,80.8,39,,
31075,Grant,NORTH,2001,2.96,1700.0,2452.5,445.1,98.7,189.7,31,-19.0,3.0
31075,Grant,NORTH,2002,2.02,2200.0,2469.3,252.5,57.2,120.1,32,-17.1,0.0
31075,Grant,NORTH,2003,3.46,1900.0,2394.6,297.7,141.0,63.9,40,-20.7,2.0
31075,Grant,NORTH,2004,3.75,2000.0,2282.9,434.6,121.6,166.4,19,-18.3,1.0
31075,Grant,NORTH,2005,3.21,1800.0,2423.7,400.6,203.9,102.9,31,-17.8,0.0
31075,Grant,NORTH,2006,3.01,1600.0,2499.8,302.4,105.4,103.6,33,-20.4,4.0
31075,Grant,NORTH,2007,3.3,1800.0,2454.4,440.9,187.3,138.3,30,-19.7,3.0
31075,Grant,NORTH,2008,4.2,1500.0,2250.6,444.9,185.6,132.0,24,-18.5,1.0
31077,Greeley,CENTRAL,2000,2.51,18500.0,2712.1,330.9,121.5,134.8,43,,
31077,Greeley,CENTRAL,2001,3.03,19500.0,2657.6,472.5,150.2,147.6,35,-18.8,3.0
31077,Greeley,CENTRAL,2002,2.54,17000.0,2697.0,332.0,129.1,119.4,41,-14.2,0.0
31077,Greeley,CENTRAL,2003,2.89,20000.0,2566.9,449.7,201.3,72.3,42,-20.0,4.0
31077,Greeley,CENTRAL,2004,3.41,15000.0,2545.9,545.2,209.5,162.2,13,-20.1,5.0
31077,Greeley,CENTRAL,2005,3.03,15500.0,2669.7,505.2,253.3,141.8,27,-18.8,2.0
31077,Greeley,CENTRAL,2006,2.88,14500.0,2686.0,516.4,118.7,190.4,27,-21.8,5.0
31077,Greeley,CENTRAL,2007,3.37,12500.0,2590.9,691.3,264.8,229.9,19,-19.5,4.0
31077,Greeley,CENTRAL,2008,3.75,10500.0,2360.1,676.0,383.3,132.4,6,-19.5,1.0
31077,Greeley,CENTRAL,2009,3.9,11900.0,2354.9,505.0,214.7,210.4,8,-24.4,7.0
31077,Greeley,CENTRAL,2010,3.95,10900.0,2555.9,645.3,353.0,179.5,15,-25.7,10.0
31077,Greeley,CENTRAL,2011,3.9,9900.0,2486.4,548.8,261.5,190.6,22,-21.3,6.0
31077,Greeley,CENTRAL,2014,4.05,12500.0,2495.4,596.0,253.8,201.9,16,-23.3,5.0
31077,Greeley,CENTRAL,2015,4.2,11300.0,2599.0,547.0,228.1,169.8,22,-20.9,7.0
31077,Greeley,CENTRAL,2016,4.85,9560.0,2618.8,551.0,161.0,156.4,18,-19.5,2.0
31077,Greeley,CENTRAL,2017,3.6,10500.0,2594.1,550.0,148.0,218.2,21,-21.3,4.0
31077,Greeley,CENTRAL,2018,4.25,11300.0,2573.8,604.7,289.2,214.8,9,-23.2,6.0
31079,Hall,CENTRAL,2000,2.98,11500.0,2765.2,338.2,111.8,155.2,39,,
31079,Hall,CENTRAL,2001,3.47,12500.0,2724.1,490.9,187.1,135.4,38,-18.3,1.0
31079,Hall,CENTRAL,2002,3.01,8000.0,2754.2,350.9,146.5,114.4,40,-14.1,0.0
31079,Hall,CENTRAL,2003,3.8,12000.0,2634.2,461.7,217.4,56.9,49,-18.7,1.0
31079,Hall,CENTRAL,2004,3.9,10000.0,2634.2,482.7,172.8,155.1,15,-20.1,5.0
31079,Hall,CENTRAL,2005,4.18,9500.0,2736.2,509.6,259.2,144.3,28,-19.2,3.0
31079,Hall,CENTRAL,2006,3.77,8800.0,2738.0,527.2,134.8,212.8,26,-20.3,2.0
31079,Hall,CENTRAL,2007,4.2,7100.0,2657.7,688.4,254.1,257.6,21,-18.5,3.0
31079,Hall,CENTRAL,2008,4.2,5700.0,2420.9,689.8,381.3,148.0,9,-17.5,0.0
31079,Hall,CENTRAL,2009,3.55,5200.0,2434.1,470.0,211.5,169.6,10,-22.3,7.0
31079,Hall,CENTRAL,2010,4.35,5500.0,2638.7,627.5,330.0,182.4,18,-25.4,10.0
31079,Hall,CENTRAL,2011,5.35,5100.0,2555.4,585.1,261.5,220.2,22,-22.6,5.0
31079,Hall,CENTRAL,2016,4.55,4740.0,2700.8,501.8,138.0,137.8,25,-17.8,0.0
31079,Hall,CENTRAL,2017,3.4,5000.0,2668.3,564.2,181.1,221.7,19,-20.7,4.0
31079,Hall,CENTRAL,2018,4.75,4700.0,2668.2,579.9,267.3,204.6,17,-22.3,5.0
31081,Hamilton,EAST,2000,3.6,4300.0,2792.0,341.5,107.1,160.8,40,,
31081,Hamilton,EAST,2001,3.61,5100.0,2746.2,482.5,171.4,138.1,38,-18.6,1.0
31081,Hamilton,EAST,2002,3.4,5400.0,2793.5,341.4,139.1,116.7,43,-14.2,0.0
31081,Hamilton,EAST,2003,4.1,6000.0,2645.6,456.0,221.7,52.2,47,-20.1,2.0
31081,Hamilton,EAST,2004,3.82,5300.0,2677.0,503.3,175.8,158.5,16,-21.2,4.0
31081,Hamilton,EAST,2005,4.94,5000.0,2776.8,505.1,269.8,148.0,28,-19.3,3.0
31081,Hamilton,EAST,2006,3.96,4400.0,2766.4,526.0,132.1,215.5,24,-21.7,4.0
31081,Hamilton,EAST,2007,4.11,4100.0,2678.8,676.5,257.4,238.6,18,-18.2,2.0
31081,Hamilton,EAST,2008,4.55,3600.0,2449.2,682.5,381.3,139.5,8,-18.4,1.0
31081,Hamilton,EAST,2009,4.15,3500.0,2455.3,502.2,232.6,179.5,11,-23.2,6.0
31081,Hamilton,EAST,2010,4.45,3300.0,2678.1,638.3,335.9,188.3,15,-25.7,10.0
31081,Hamilton,EAST,2011,4.35,3500.0,2596.0,581.6,262.9,216.1,23,-21.5,6.0
31081,Hamilton,EAST,2012,5.3,3400.0,2927.6,263.7,125.4,45.4,49,-19.1,1.0
31081,Hamilton,EAST,2013,4.6,3100.0,2681.6,522.3,201.3,156.0,28,-15.6,0.0
31081,Hamilton,EAST,2014,5.4,3410.0,2590.0,624.5,252.4,214.2,17,-22.9,5.0
31081,Hamilton,EAST,2015,3.85,3080.0,2645.8,656.8,314.6,178.7,13,-19.8,5.0
31081,Hamilton,EAST,2016,3.8,2240.0,2724.4,564.8,170.4,169.6,19,-19.4,2.0
31083,Harlan,SOUTH,2000,3.78,6500.0,2894.5,319.2,128.0,124.5,48,,
31083,Harlan,SOUTH,2001,4.58,7800.0,2853.3,523.2,198.9,176.8,41,-16.0,0.0
31083,Harlan,SOUTH,2002,4.32,9000.0,2892.2,271.1,129.3,84.5,46,-13.6,0.0
31083,Harlan,SOUTH,2003,4.31,9600.0,2757.5,418.0,191.2,75.8,52,-15.6,0.0
31083,Harlan,SOUTH,2004,4.62,8300.0,2777.3,483.7,151.7,177.4,24,-19.8,3.0
31083,Harlan,SOUTH,2005,4.95,7000.0,2818.7,528.1,222.1,213.2,30,-18.5,1.0
31083,Harlan,SOUTH,2006,3.76,6800.0,2857.8,477.6,175.7,193.5,34,-16.9,0.0
31083,Harlan,SOUTH,2007,4.18,6700.0,2783.9,578.8,221.7,204.4,31,-17.8,0.0
31083,Harlan,SOUTH,2008,4.9,5200.0,2618.8,611.7,272.0,219.2,27,-16.2,0.0
31083,Harlan,SOUTH,2009,4.65,4900.0,2584.5,511.9,192.4,215.1,13,-18.8,2.0
31083,Harlan,SOUTH,2010,5.05,4500.0,2804.8,602.7,274.4,177.7,35,-20.5,4.0
31083,Harlan,SOUTH,2011,4.55,4200.0,2740.5,547.7,222.9,248.7,37,-20.6,4.0
31083,Harlan,SOUTH,2012,4.45,4100.0,3019.4,260.3,77.3,85.7,44,-15.6,0.0
31083,Harlan,SOUTH,2013,2.5,3400.0,2849.4,351.0,109.8,115.3,35,-14.7,0.0
31083,Harlan,SOUTH,2014,4.4,4760.0,2776.9,496.5,212.8,174.9,35,-21.0,3.0
31083,Harlan,SOUTH,2015,4.35,4440.0,2877.1,457.1,201.6,166.8,32,-16.5,0.0
31083,Harlan,SOUTH,2016,4.75,3690.0,2823.2,588.2,147.9,182.8,34,-14.5,0.0
31083,Harlan,SOUTH,2017,4.65,3700.0,2783.5,511.2,189.0,162.6,23,-18.9,2.0
31083,Harlan,SOUTH,2018,4.45,4020.0,2824.6,583.1,240.4,228.8,27,-19.9,4.0
31085,Hayes,SOUTHWEST,2000,4.01,5300.0,2766.8,250.6,53.4,107.9,51,,
31085,Hayes,SOUTHWEST,2001,4.36,6000.0,2732.7,385.5,105.7,135.5,44,-16.2,0.0
31085,Hayes,SOUTHWEST,2002,3.62,7400.0,2760.3,211.7,72.2,93.1,43,-14.7,0.0
31085,Hayes,SOUTHWEST,2003,4.52,7500.0,2640.0,336.8,137.3,71.8,50,-16.7,0.0
31085,Hayes,SOUTHWEST,2004,4.62,7000.0,2596.9,451.4,120.3,200.6,22,-18.6,2.0
31085,Hayes,SOUTHWEST,2005,4.61,6600.0,2688.8,403.5,200.9,140.4,37,-16.4,0.0
31085,Hayes,SOUTHWEST,2006,3.94,5400.0,2750.0,357.1,119.6,158.5,38,-19.7,2.0
31085,Hayes,SOUTHWEST,2007,4.28,4900.0,2686.0,491.7,199.2,159.0,34,-18.7,1.0
31085,Hayes,SOUTHWEST,2008,4.65,3900.0,2520.7,443.1,197.6,126.3,32,-17.6,0.0
31085,Hayes,SOUTHWEST,2009,3.75,4200.0,2427.4,531.1,219.9,172.9,16,-19.9,2.0
31085,Hayes,SOUTHWEST,2010,4.75,4800.0,2629.9,481.3,192.5,180.1,33,-20.5,2.0
31085,Hayes,SOUTHWEST,2011,4.45,4900.0,2565.2,500.1,236.6,175.1,37,-20.4,4.0
31085,Hayes,SOUTHWEST,2012,4.1,4800.0,2900.7,227.7,58.8,76.8,47,-15.9,0.0
31085,Hayes,SOUTHWEST,2013,2.9,3900.0,2716.6,350.8,131.8,113.6,37,-15.3,0.0
31085,Hayes,SOUTHWEST,2014,5.2,4570.0,2621.5,456.7,265.3,134.7,36,-20.1,2.0
31085,Hayes,SOUTHWEST,2015,4.7,4700.0,2690.2,465.7,239.3,128.7,33,-17.2,0.0
31085,Hayes,SOUTHWEST,2016,3.5,4300.0,2666.7,445.7,142.7,112.5,33,-12.8,0.0
31085,Hayes,SOUTHWEST,2017,4.3,5110.0,2646.0,424.4,124.0,162.3,29,-18.7,3.0
31085,Hayes,SOUTHWEST,2018,4.9,5100.0,2679.9,453.1,222.1,173.2,24,-21.0,3.0
31087,Hitchcock,SOUTHWEST,2000,4.43,4000.0,2840.4,238.2,56.7,108.4,52,,
31087,Hitchcock,SOUTHWEST,2001,4.84,4500.0,2811.0,372.4,120.6,143.2,46,-15.7,0.0
31087,Hitchcock,SOUTHWEST,2002,4.0,4300.0,2835.6,207.6,70.3,89.4,43,-14.3,0.0
31087,Hitchcock,SOUTHWEST,2003,4.43,4800.0,2697.5,333.4,151.5,75.0,50,-15.8,0.0
31087,Hitchcock,SOUTHWEST,2004,4.69,5000.0,2667.4,440.0,106.7,189.0,24,-17.8,0.0
31087,Hitchcock,SOUTHWEST,2005,4.39,4300.0,2749.6,405.4,195.0,146.4,37,-15.5,0.0
31087,Hitchcock,SOUTHWEST,2006,3.89,4000.0,2804.2,350.8,132.1,157.0,38,-19.6,2.0
31087,Hitchcock,SOUTHWEST,2007,4.24,3400.0,2764.4,417.7,124.5,166.1,35,-17.8,0.0
31087,Hitchcock,SOUTHWEST,2008,4.2,2700.0,2607.1,409.1,155.8,156.2,31,-16.1,0.0
31087,Hitchcock,SOUTHWEST,2009,3.9,2800.0,2504.6,532.3,225.0,166.9,24,-19.7,1.0
31087,Hitchcock,SOUTHWEST,2010,4.5,2900.0,2735.5,414.8,149.7,166.3,39,-20.1,2.0
31087,Hitchcock,SOUTHWEST,2011,4.75,2600.0,2664.2,458.7,186.4,188.5,41,-19.8,2.0
31087,Hitchcock,SOUTHWEST,2012,4.1,2600.0,2958.0,230.9,57.9,81.4,47,-16.9,0.0
31087,Hitchcock,SOUTHWEST,2013,4.0,2300.0,2783.2,332.6,105.7,112.8,38,-14.4,0.0
31087,Hitchcock,SOUTHWEST,2014,5.05,2630.0,2713.9,432.5,230.7,140.9,39,-18.7,2.0
31087,Hitchcock,SOUTHWEST,2015,4.45,2530.0,2779.8,435.3,222.6,119.0,38,-16.4,0.0
31087,Hitchcock,SOUTHWEST,2016,4.75,2430.0,2737.8,442.7,123.6,112.9,38,-13.3,0.0
31087,Hitchcock,SOUTHWEST,2017,4.9,3210.0,2689.7,461.5,175.2,148.1,27,-16.4,0.0
31087,Hitchcock,SOUTHWEST,2018,4.75,3000.0,2774.3,404.1,207.4,139.3,34,-19.9,1.0
31089,Holt,NORTH,2000,2.05,31000.0,2670.6,350.7,166.1,111.5,44,,
31089,Holt,NORTH,2001,2.53,34000.0,2586.4,514.2,151.5,162.0,30,-21.6,8.0
31089,Holt,NORTH,2002,1.67,35000.0,2673.4,315.3,88.2,136.7,40,-15.1,0.0
31089,Holt,NORTH,2003,2.62,34000.0,2535.5,392.8,175.5,89.7,38,-21.0,3.0
31089,Holt,NORTH,2004,2.75,31000.0,2513.5,488.5,195.8,124.8,15,-20.8,3.0
31089,Holt,NORTH,2005,2.96,29000.0,2644.9,545.6,272.6,103.1,30,-19.2,2.0
31089,Holt,NORTH,2006,2.45,29000.0,2662.2,412.7,91.9,117.2,33,-24.6,8.0
31089,Holt,NORTH,2007,2.48,29500.0,2601.8,566.0,225.9,174.9,27,-20.5,5.0
31089,Holt,NORTH,2008,2.95,25900.0,2373.6,564.7,285.0,142.8,15,-21.8,3.0
31089,Holt,NORTH,2009,2.5,23500.0,2311.7,488.6,187.6,221.0,7,-22.9,9.0
31089,Holt,NORTH,2010,3.15,22700.0,2496.2,689.0,319.0,234.4,14,-27.8,10.0
31089,Holt,NORTH,2011,3.05,19500.0,2443.6,491.9,237.5,168.8,26,-22.0,11.0
31089,Holt,NORTH,2017,3.85,29000.0,2535.6,536.9,123.8,232.5,21,-22.7,3.0
31089,Holt,NORTH,2018,4.5,22100.0,2493.4,653.9,258.3,226.7,8,-25.6,10.0
31091,Hooker,NORTH,2000,3.11,3300.0,2535.1,323.3,146.5,79.1,43,,
31091,Hooker,NORTH,2001,3.41,2900.0,2504.5,447.6,105.6,182.9,34,-19.1,3.0
31091,Hooker,NORTH,2002,3.45,3000.0,2529.8,252.3,62.4,114.7,33,-15.8,0.0
31091,Hooker,NORTH,2003,4.16,2400.0,2447.0,311.2,151.9,62.8,43,-19.8,1.0
31091,Hooker,NORTH,2004,3.45,2500.0,2354.1,438.1,121.9,169.7,19,-18.3,1.0
31091,Hooker,NORTH,2005,3.54,2500.0,2491.5,392.0,201.3,101.7,31,-18.1,1.0
31091,Hooker,NORTH,2006,3.32,2600.0,2571.9,305.2,104.4,105.6,32,-20.0,4.0
31091,Hooker,NORTH,2007,3.68,2600.0,2512.1,439.5,188.2,134.3,34,-19.2,2.0
31091,Hooker,NORTH,2009,3.8,1900.0,2200.2,534.4,204.1,197.3,10,-21.2,4.0
31091,Hooker,NORTH,2013,4.0,1300.0,2483.5,407.6,187.6,133.8,22,-16.0,0.0
31093,Howard,CENTRAL,2000,2.86,27000.0,2765.2,338.2,111.8,155.2,39,,
31093,Howard,CENTRAL,2001,3.34,29000.0,2724.1,490.9,187.1,135.4,38,-18.3,1.0
31093,Howard,CENTRAL,2002,2.74,24000.0,2754.2,350.9,146.5,114.4,40,-14.1,0.0
31093,Howard,CENTRAL,2003,3.33,27000.0,2634.2,461.7,217.4,56.9,49,-18.7,1.0
31093,Howard,CENTRAL,2004,3.48,24000.0,2634.2,482.7,172.8,155.1,15,-20.1,5.0
31093,Howard,CENTRAL,2005,3.82,23000.0,2736.2,509.6,259.2,144.3,28,-19.2,3.0
31093,Howard,CENTRAL,2006,3.38,22400.0,2738.0,527.2,134.8,212.8,26,-20.3,2.0
31093,Howard,CENTRAL,2007,4.0,18600.0,2657.7,688.4,254.1,257.6,21,-18.5,3.0
31093,Howard,CENTRAL,2008,4.05,15800.0,2420.9,689.8,381.3,148.0,9,-17.5,0.0
31093,Howard,CENTRAL,2009,3.85,16800.0,2434.1,470.0,211.5,169.6,10,-22.3,7.0
31093,Howard,CENTRAL,2010,4.35,16000.0,2638.7,627.5,330.0,182.4,18,-25.4,10.0
31093,Howard,CENTRAL,2011,4.25,13700.0,2555.4,585.1,261.5,220.2,22,-22.6,5.0
31093,Howard,CENTRAL,2012,3.35,13500.0,2905.8,266.5,134.8,48.7,48,-19.5,2.0
31093,Howard,CENTRAL,2013,3.7,13000.0,2667.8,504.1,206.0,141.9,28,-15.2,0.0
31093,Howard,CENTRAL,2014,4.3,15500.0,2561.2,644.8,256.9,220.6,17,-22.8,5.0
31093,Howard,CENTRAL,2015,4.05,15000.0,2656.0,553.0,252.8,151.1,19,-19.6,2.0
31093,Howard,CENTRAL,2016,4.35,13600.0,2700.8,501.8,138.0,137.8,25,-17.8,0.0
31093,Howard,CENTRAL,2017,4.25,14800.0,2668.3,564.2,181.1,221.7,19,-20.7,4.0
31093,Howard,CENTRAL,2018,4.95,15500.0,2668.2,579.9,267.3,204.6,17,-22.3,5.0
31095,Jefferson,SOUTHEAST,2000,2.2,10000.0,2944.1,406.3,162.6,159.5,47,,
31095,Jefferson,SOUTHEAST,2001,3.26,10000.0,2833.1,742.7,313.2,226.8,38,-22.3,10.0
31095,Jefferson,SOUTHEAST,2002,2.66,10500.0,2935.3,398.0,165.6,138.1,48,-15.9,0.0
31095,Jefferson,SOUTHEAST,2003,3.11,10000.0,2756.6,513.6,240.0,88.9,52,-20.3,1.0
31095,Jefferson,SOUTHEAST,2004,3.55,9700.0,2774.6,525.8,253.8,165.6,14,-24.6,9.0
31095,Jefferson,SOUTHEAST,2005,4.24,9600.0,2896.0,599.4,211.3,233.6,30,-21.7,5.0
31095,Jefferson,SOUTHEAST,2006,3.28,8900.0,2880.1,617.4,149.8,253.0,34,-17.3,0.0
31095,Jefferson,SOUTHEAST,2007,3.13,7600.0,2800.4,770.2,320.1,268.6,27,-20.6,2.0
31095,Jefferson,SOUTHEAST,2008,4.3,7100.0,2609.1,706.3,278.8,223.1,13,-19.1,2.0
31095,Jefferson,SOUTHEAST,2009,3.9,6900.0,2667.8,543.0,200.6,177.8,20,-21.3,5.0
31095,Jefferson,SOUTHEAST,2010,4.35,6400.0,2903.3,671.2,276.1,195.6,34,-27.2,11.0
31095,Jefferson,SOUTHEAST,2012,1.75,5200.0,3033.0,392.8,160.4,105.1,47,-17.8,0.0
31095,Jefferson,SOUTHEAST,2013,3.45,4900.0,2769.6,598.7,242.4,184.3,31,-14.6,0.0
31097,Johnson,SOUTHEAST,2000,1.84,6000.0,2869.3,456.8,183.3,191.4,40,,
31097,Johnson,SOUTHEAST,2001,2.74,5900.0,2744.3,699.1,338.2,182.5,34,-21.5,12.0
31097,Johnson,SOUTHEAST,2002,1.86,5600.0,2877.4,422.1,152.7,181.2,43,-16.6,0.0
31097,Johnson,SOUTHEAST,2003,2.48,6500.0,2701.3,468.5,242.3,93.3,51,-21.7,2.0
31097,Johnson,SOUTHEAST,2004,3.43,5700.0,2732.1,501.7,242.4,184.6,14,-24.3,9.0
31097,Johnson,SOUTHEAST,2005,2.85,5700.0,2887.3,519.4,203.3,191.7,34,-20.2,5.0
31097,Johnson,SOUTHEAST,2006,1.85,5800.0,2815.5,595.1,150.2,232.0,35,-17.8,0.0
31097,Johnson,SOUTHEAST,2007,2.36,4600.0,2763.4,732.3,303.1,272.9,27,-19.0,2.0
31097,Johnson,SOUTHEAST,2008,3.35,4200.0,2564.0,714.6,379.0,127.0,7,-19.5,4.0
31097,Johnson,SOUTHEAST,2009,3.05,4100.0,2621.7,517.5,210.9,180.3,14,-22.8,6.0
31097,Johnson,SOUTHEAST,2010,3.95,3700.0,2821.8,700.3,279.6,226.2,26,-29.7,14.0
31097,Johnson,SOUTHEAST,2011,3.45,3400.0,2788.4,536.5,196.6,246.8,33,-18.4,2.0
31097,Johnson,SOUTHEAST,2013,3.05,3000.0,2714.7,575.1,287.3,109.8,30,-16.4,0.0
31097,Johnson,SOUTHEAST,2016,3.4,3350.0,2838.9,655.0,197.7,246.5,22,-19.0,3.0
31097,Johnson,SOUTHEAST,2017,2.5,3510.0,2821.8,529.6,227.8,145.1,25,-21.6,3.0
31099,Kearney,SOUTH,2000,4.3,6300.0,2804.0,367.0,130.0,168.6,41,,
31099,Kearney,SOUTH,2001,4.41,7700.0,2766.5,507.8,194.5,160.4,41,-17.4,0.0
31099,Kearney,SOUTH,2002,3.79,7900.0,2804.0,311.8,128.6,105.3,42,-14.1,0.0
31099,Kearney,SOUTH,2003,3.78,8600.0,2674.6,438.0,210.9,49.6,51,-17.7,0.0
31099,Kearney,SOUTH,2004,3.65,6700.0,2695.4,482.2,168.4,154.2,20,-20.2,6.0
31099,Kearney,SOUTH,2005,4.44,5900.0,2770.0,506.3,255.5,171.1,27,-19.4,3.0
31099,Kearney,SOUTH,2006,4.43,5900.0,2778.8,503.3,156.9,209.8,27,-19.4,2.0
31099,Kearney,SOUTH,2007,4.52,5200.0,2691.3,662.2,272.7,227.6,26,-18.6,1.0
31099,Kearney,SOUTH,2008,4.65,4200.0,2483.1,658.8,337.9,175.1,12,-16.5,0.0
31099,Kearney,SOUTH,2009,4.2,4200.0,2504.8,460.4,195.4,166.0,13,-20.8,4.0
31099,Kearney,SOUTH,2010,4.65,4000.0,2690.0,683.9,330.1,209.5,20,-24.0,6.0
31099,Kearney,SOUTH,2011,4.95,3200.0,2603.7,621.4,264.5,252.8,26,-23.0,4.0
31099,Kearney,SOUTH,2012,4.95,3100.0,2931.3,303.4,127.9,78.7,43,-19.3,1.0
31099,Kearney,SOUTH,2013,4.5,3200.0,2714.7,468.4,165.0,154.9,32,-15.0,0.0
31099,Kearney,SOUTH,2014,4.6,4030.0,2633.7,593.9,242.8,211.9,20,-22.5,5.0
31099,Kearney,SOUTH,2015,5.6,4020.0,2719.4,554.9,277.2,153.4,19,-18.5,1.0
31099,Kearney,SOUTH,2016,5.6,3440.0,2759.7,489.9,128.2,143.2,29,-16.8,0.0
31099,Kearney,SOUTH,2017,5.45,3710.0,2714.8,547.7,194.8,197.3,21,-20.4,3.0
31101,Keith,SOUTHWEST,2000,4.22,13500.0,2672.4,247.5,68.8,90.1,50,,
31101,Keith,SOUTHWEST,2001,4.3,13500.0,2616.3,424.9,101.9,150.6,42,-17.1,0.0
31101,Keith,SOUTHWEST,2002,3.91,10000.0,2644.7,257.8,70.4,133.3,37,-15.4,0.0
31101,Keith,SOUTHWEST,2003,4.19,11000.0,2565.8,318.0,138.9,68.2,48,-17.1,0.0
31101,Keith,SOUTHWEST,2004,4.6,10500.0,2491.6,434.4,125.1,185.8,23,-18.5,2.0
31101,Keith,SOUTHWEST,2005,4.56,10000.0,2602.1,398.5,205.2,125.4,37,-16.4,0.0
31101,Keith,SOUTHWEST,2006,5.06,10100.0,2666.8,339.6,113.1,136.5,38,-20.6,2.0
31101,Keith,SOUTHWEST,2007,4.62,9700.0,2589.7,519.1,243.7,148.3,30,-19.3,1.0
31101,Keith,SOUTHWEST,2008,4.25,8100.0,2429.6,423.8,179.2,116.4,31,-18.1,1.0
31101,Keith,SOUTHWEST,2009,4.4,7100.0,2330.8,516.1,219.1,156.1,14,-20.7,3.0
31101,Keith,SOUTHWEST,2010,4.1,6400.0,2520.0,489.7,204.7,171.0,32,-20.6,3.0
31101,Keith,SOUTHWEST,2011,4.7,5400.0,2449.7,522.7,247.0,176.6,37,-21.4,7.0
31101,Keith,SOUTHWEST,2012,4.85,5000.0,2817.3,202.0,52.8,53.4,46,-15.0,0.0
31101,Keith,SOUTHWEST,2013,3.9,3700.0,2620.4,358.0,166.5,109.1,34,-16.0,0.0
31101,Keith,SOUTHWEST,2014,4.5,4420.0,2511.6,464.2,270.5,136.8,37,-20.8,5.0
31101,Keith,SOUTHWEST,2015,4.85,4730.0,2567.4,460.6,246.5,106.3,30,-17.4,0.0
31101,Keith,SOUTHWEST,2016,4.5,4440.0,2578.1,379.6,132.5,115.3,32,-13.2,0.0
31101,Keith,SOUTHWEST,2017,4.5,5300.0,2561.0,360.6,115.1,126.6,30,-19.8,4.0
31101,Keith,SOUTHWEST,2018,3.85,5480.0,2602.9,412.0,213.8,125.7,29,-21.1,3.0
31103,Keya Paha,NORTH,2000,1.38,23000.0,2574.9,359.9,186.8,95.0,41,,
31103,Keya Paha,NORTH,2001,2.2,21000.0,2519.0,500.8,166.6,126.8,32,-19.6,9.0
31103,Keya Paha,NORTH,2002,1.06,15500.0,2597.3,261.4,71.3,103.0,35,-15.5,0.0
31103,Keya Paha,NORTH,2003,2.15,18000.0,2507.4,337.3,184.4,69.2,44,-20.4,3.0
31103,Keya Paha,NORTH,2004,1.21,16000.0,2463.3,345.3,138.2,83.5,26,-20.8,3.0
31103,Keya Paha,NORTH,2005,2.19,16000.0,2582.9,461.4,242.1,81.8,34,-19.2,4.0
31103,Keya Paha,NORTH,2006,1.27,16600.0,2665.9,285.8,78.8,73.4,41,-20.8,4.0
31103,Keya Paha,NORTH,2007,2.04,15700.0,2597.0,426.0,227.5,110.1,34,-20.6,4.0
31103,Keya Paha,NORTH,2008,2.0,14500.0,2374.2,431.9,223.6,107.5,27,-20.6,4.0
31103,Keya Paha,NORTH,2009,2.1,17200.0,2293.3,399.9,140.1,180.1,11,-22.7,8.0
31103,Keya Paha,NORTH,2010,2.75,16000.0,2469.1,496.0,227.3,152.9,27,-23.6,4.0
31103,Keya Paha,NORTH,2011,2.35,13000.0,2376.6,512.6,248.6,183.3,30,-21.8,10.0
31103,Keya Paha,NORTH,2012,1.0,12000.0,2772.6,240.6,101.9,43.5,48,-20.0,1.0
31103,Keya Paha,NORTH,2013,1.85,9100.0,2513.5,429.6,185.9,147.0,25,-17.9,0.0
31103,Keya Paha,NORTH,2014,2.3,11900.0,2404.2,440.1,215.1,145.3,18,-23.7,18.0
31103,Keya Paha,NORTH,2015,2.15,12900.0,2503.7,514.2,226.0,169.2,29,-22.1,8.0
31103,Keya Paha,NORTH,2016,2.15,13100.0,2518.9,490.0,163.7,135.4,21,-20.8,2.0
31103,Keya Paha,NORTH,2017,1.75,14200.0,2480.4,426.4,112.9,163.8,26,-22.4,4.0
31103,Keya Paha,NORTH,2018,2.85,13500.0,2460.4,563.1,252.4,184.4,17,-24.1,10.0
31105,Kimball,NORTHWEST,2000,3.15,7200.0,2499.0,225.2,76.6,72.0,49,,
31105,Kimball,NORTHWEST,2001,3.57,7900.0,2493.2,320.4,123.5,99.4,38,-17.6,0.0
31105,Kimball,NORTHWEST,2002,3.52,7800.0,2480.2,172.3,50.7,89.8,37,-15.8,0.0
31105,Kimball,NORTHWEST,2003,4.53,8900.0,2391.4,297.7,125.1,86.2,47,-20.0,1.0
31105,Kimball,NORTHWEST,2004,4.16,8200.0,2289.3,323.4,113.0,102.3,23,-17.4,0.0
31105,Kimball,NORTHWEST,2005,4.18,8800.0,2388.3,359.1,182.4,106.6,31,-16.3,0.0
31105,Kimball,NORTHWEST,2006,4.22,7700.0,2489.9,222.6,60.3,112.0,29,-21.7,2.0
31105,Kimball,NORTHWEST,2007,3.48,7700.0,2476.7,326.8,92.9,158.1,35,-20.0,4.0
31105,Kimball,NORTHWEST,2008,3.3,6700.0,2291.7,312.0,98.4,154.0,29,-18.0,1.0
31105,Kimball,NORTHWEST,2010,3.55,7400.0,2351.6,357.1,162.9,104.0,30,-22.4,4.0
31105,Kimball,NORTHWEST,2011,2.55,6900.0,2343.2,365.9,171.9,131.3,42,-23.6,5.0
31105,Kimball,NORTHWEST,2013,3.15,6900.0,2443.7,351.2,71.3,97.2,34,-17.2,0.0
31105,Kimball,NORTHWEST,2014,3.8,7510.0,2332.4,354.1,156.4,116.9,26,-23.8,7.0
31105,Kimball,NORTHWEST,2015,3.85,7260.0,2349.1,470.7,248.1,106.8,25,-21.5,4.0
31105,Kimball,NORTHWEST,2016,3.4,6630.0,2394.4,308.9,113.6,94.0,31,-14.7,0.0
31105,Kimball,NORTHWEST,2017,3.1,7290.0,2376.0,301.3,121.9,83.1,29,-20.2,4.0
31107,Knox,NORTHEAST,2000,2.72,58000.0,2711.0,339.7,166.6,104.0,47,,
31107,Knox,NORTHEAST,2001,3.47,61000.0,2624.0,504.7,147.4,160.9,31,-22.1,11.0
31107,Knox,NORTHEAST,2002,2.51,64000.0,2704.8,322.1,89.7,137.9,40,-15.5,0.0
31107,Knox,NORTHEAST,2003,3.35,65000.0,2557.5,401.5,175.4,93.7,37,-21.6,3.0
31107,Knox,NORTHEAST,2004,3.39,53000.0,2539.5,507.8,210.6,125.6,16,-21.4,5.0
31107,Knox,NORTHEAST,2005,3.39,58000.0,2685.2,557.6,273.6,102.6,29,-19.2,3.0
31107,Knox,NORTHEAST,2006,2.89,58800.0,2673.2,441.8,103.1,125.3,33,-25.6,7.0
31107,Knox,NORTHEAST,2007,3.29,52900.0,2620.4,572.7,213.8,190.8,26,-20.0,8.0
31107,Knox,NORTHEAST,2008,3.7,47500.0,2403.7,568.1,299.7,134.7,16,-22.5,3.0
31107,Knox,NORTHEAST,2009,3.7,46500.0,2348.9,476.1,184.7,213.8,8,-23.3,11.0
31107,Knox,NORTHEAST,2010,3.85,45200.0,2533.3,694.8,306.7,247.3,13,-29.3,11.0
31107,Knox,NORTHEAST,2011,3.95,39000.0,2480.0,488.0,239.6,159.7,24,-24.3,14.0
31107,Knox,NORTHEAST,2012,1.85,37000.0,2865.9,257.9,106.0,41.5,49,-19.2,1.0
31107,Knox,NORTHEAST,2013,3.2,29800.0,2548.3,541.2,227.3,178.6,23,-19.3,2.0
31107,Knox,NORTHEAST,2014,4.35,38700.0,2501.1,522.1,227.1,203.1,13,-24.0,17.0
31107,Knox,NORTHEAST,2015,3.8,37600.0,2613.8,550.9,206.3,205.1,23,-24.1,15.0
31107,Knox,NORTHEAST,2016,3.95,32600.0,2603.9,575.0,188.6,141.3,18,-22.6,3.0
31107,Knox,NORTHEAST,2017,4.4,38500.0,2555.8,540.1,137.1,219.0,22,-22.8,4.0
31107,Knox,NORTHEAST,2018,4.4,39500.0,2527.9,646.1,292.2,209.1,5,-25.3,11.0
31109,Lancaster,EAST,2000,2.34,14500.0,2824.6,407.3,165.6,171.1,39,,
31109,Lancaster,EAST,2001,2.65,14000.0,2731.5,571.7,292.0,124.9,37,-21.7,13.0
31109,Lancaster,EAST,2002,2.56,13000.0,2820.2,405.4,143.9,169.8,38,-15.1,0.0
31109,Lancaster,EAST,2003,3.32,12000.0,2640.0,503.6,230.4,78.8,49,-21.8,2.0
31109,Lancaster,EAST,2004,3.82,10500.0,2701.9,446.0,202.9,139.7,14,-24.8,9.0
31109,Lancaster,EAST,2005,2.8,10500.0,2867.0,451.5,182.7,144.8,37,-20.3,5.0
31109,Lancaster,EAST,2006,3.3,10400.0,2779.2,573.8,123.9,224.2,31,-19.6,2.0
31109,Lancaster,EAST,2007,2.9,10200.0,2719.5,685.4,237.3,279.6,25,-19.2,5.0
31109,Lancaster,EAST,2008,3.5,9000.0,2507.5,695.1,361.8,144.0,7,-20.3,3.0
31109,Lancaster,EAST,2009,3.25,8100.0,2571.5,457.7,198.1,162.8,15,-24.3,7.0
31109,Lancaster,EAST,2010,4.35,7500.0,2756.6,661.2,303.5,200.9,23,-30.1,15.0
31109,Lancaster,EAST,2011,4.15,6900.0,2683.8,567.3,252.0,216.5,30,-20.7,3.0
31109,Lancaster,EAST,2012,2.25,6400.0,2967.0,313.4,179.3,41.4,49,-18.2,1.0
31109,Lancaster,EAST,2016,3.0,5860.0,2786.0,612.8,193.3,195.9,20,-20.7,3.0
31111,Lincoln,SOUTHWEST,2000,3.07,41000.0,2714.8,268.9,83.2,101.9,47,,
31111,Lincoln,SOUTHWEST,2001,3.59,42000.0,2672.8,449.1,106.0,157.5,35,-16.5,0.0
31111,Lincoln,SOUTHWEST,2002,3.23,46000.0,2714.1,234.2,83.7,94.6,40,-14.4,0.0
31111,Lincoln,SOUTHWEST,2003,4.57,44000.0,2601.8,343.0,154.4,60.6,47,-17.6,0.0
31111,Lincoln,SOUTHWEST,2004,4.23,36000.0,2547.3,483.0,143.7,202.0,19,-18.8,2.0
31111,Lincoln,SOUTHWEST,2005,3.66,37000.0,2652.7,423.5,219.6,134.4,27,-17.8,0.0
31111,Lincoln,SOUTHWEST,2006,3.35,31500.0,2727.2,372.0,117.1,154.0,34,-19.1,3.0
31111,Lincoln,SOUTHWEST,2007,3.82,31000.0,2618.7,571.3,254.5,157.6,28,-18.7,1.0
31111,Lincoln,SOUTHWEST,2008,4.25,28000.0,2434.2,525.8,252.5,130.0,22,-17.4,0.0
31111,Lincoln,SOUTHWEST,2009,3.75,26000.0,2357.4,515.6,209.2,176.8,9,-19.8,4.0
31111,Lincoln,SOUTHWEST,2010,4.5,26000.0,2557.2,544.9,230.2,194.6,26,-21.2,5.0
31111,Lincoln,SOUTHWEST,2011,4.05,24800.0,2494.8,496.1,234.5,169.2,34,-21.1,5.0
31111,Lincoln,SOUTHWEST,2012,4.65,23200.0,2867.5,211.4,53.6,60.6,45,-16.0,0.0
31111,Lincoln,SOUTHWEST,2015,3.9,22700.0,2631.7,491.8,236.7,139.5,27,-19.7,2.0
31111,Lincoln,SOUTHWEST,2016,3.6,23700.0,2607.5,478.2,170.4,124.8,24,-13.4,0.0
31113,Logan,NORTH,2000,2.7,5100.0,2639.7,294.6,120.4,91.9,46,,
31113,Logan,NORTH,2001,2.89,5800.0,2585.9,486.8,112.9,169.2,36,-17.3,0.0
31113,Logan,NORTH,2002,3.87,4900.0,2641.7,257.1,85.7,106.6,39,-15.1,0.0
31113,Logan,NORTH,2003,3.81,5700.0,2535.5,333.9,153.9,60.9,44,-18.5,1.0
31113,Logan,NORTH,2004,3.71,4900.0,2469.1,481.7,137.2,200.1,17,-18.3,3.0
31113,Logan,NORTH,2005,3.71,4400.0,2600.7,376.7,191.6,116.4,33,-18.5,1.0
31113,Logan,NORTH,2006,3.27,4100.0,2679.1,326.6,101.7,122.2,35,-20.8,3.0
31113,Logan,NORTH,2007,3.11,4400.0,2564.2,543.5,251.4,139.6,32,-18.8,2.0
31113,Logan,NORTH,2008,4.2,3900.0,2363.4,522.4,233.2,137.3,18,-17.7,0.0
31113,Logan,NORTH,2009,4.15,3900.0,2285.0,515.8,213.6,175.0,9,-20.8,5.0
31113,Logan,NORTH,2010,3.6,4200.0,2464.3,595.4,259.2,217.4,21,-21.7,6.0
31113,Logan,NORTH,2011,4.05,3500.0,2426.7,458.5,207.1,167.2,30,-22.0,9.0
31113,Logan,NORTH,2013,4.05,2800.0,2573.1,410.5,181.9,130.1,24,-15.6,0.0
31113,Logan,NORTH,2014,3.95,3240.0,2465.3,467.4,253.4,143.9,22,-22.2,5.0
31113,Logan,NORTH,2015,3.85,3800.0,2538.4,498.2,241.4,128.7,26,-20.8,4.0
31113,Logan,NORTH,2016,4.0,3200.0,2532.0,497.5,178.7,136.6,20,-15.5,0.0
31113,Logan,NORTH,2017,3.35,3760.0,2526.6,458.9,101.3,188.8,25,-20.6,4.0
31113,Logan,NORTH,2018,4.25,4000.0,2500.1,552.5,308.0,156.6,16,-22.1,6.0
31115,Loup,NORTH,2000,3.02,8100.0,2640.4,373.0,155.4,132.5,42,,
31115,Loup,NORTH,2001,3.11,8300.0,2562.6,528.2,153.1,167.0,32,-19.2,6.0
31115,Loup,NORTH,2002,2.67,7500.0,2653.2,283.0,94.3,114.6,38,-14.9,0.0
31115,Loup,NORTH,2003,3.23,8300.0,2520.2,393.9,184.1,72.6,40,-19.9,4.0
31115,Loup,NORTH,2004,2.88,7200.0,2487.8,495.5,180.1,143.9,14,-19.4,4.0
31115,Loup,NORTH,2005,3.14,6500.0,2615.4,483.1,235.5,132.6,25,-18.9,2.0
31115,Loup,NORTH,2006,2.5,6200.0,2673.4,367.9,78.9,119.7,30,-21.3,7.0
31115,Loup,NORTH,2007,3.56,6000.0,2565.8,628.4,274.6,167.6,24,-20.4,5.0
31115,Loup,NORTH,2008,3.85,5700.0,2340.9,603.3,298.5,147.5,14,-19.7,2.0
31115,Loup,NORTH,2009,3.05,5400.0,2287.8,512.9,204.1,216.1,6,-22.5,8.0
31115,Loup,NORTH,2010,3.45,4700.0,2468.6,663.6,355.3,188.0,14,-25.2,6.0
31115,Loup,NORTH,2011,4.25,4200.0,2413.5,500.6,240.0,178.0,23,-21.5,10.0
31115,Loup,NORTH,2012,2.4,4000.0,2805.1,240.0,82.1,42.0,45,-19.7,1.0
31115,Loup,NORTH,2013,2.5,3000.0,2548.0,521.7,202.1,178.0,25,-16.3,0.0
31115,Loup,NORTH,2014,3.25,4050.0,2450.3,494.2,219.0,182.1,13,-23.7,9.0
31115,Loup,NORTH,2017,3.95,3400.0,2515.1,539.3,112.6,247.2,18,-21.8,4.0
31115,Loup,NORTH,2018,4.05,2930.0,2478.3,646.5,288.8,211.8,10,-23.4,7.0
31117,Mcpherson,NORTH,2000,3.11,3800.0,2614.4,279.0,98.1,87.3,47,,
31117,Mcpherson,NORTH,2001,3.18,4100.0,2573.6,433.7,97.1,159.5,39,-17.5,0.0
31117,Mcpherson,NORTH,2002,3.58,6900.0,2603.1,266.8,66.9,136.2,35,-15.2,0.0
31117,Mcpherson,NORTH,2003,3.09,5600.0,2513.9,317.3,143.7,73.7,44,-18.6,1.0
31117,Mcpherson,NORTH,2004,3.26,4600.0,2437.4,442.1,124.9,180.6,20,-18.0,0.0
31117,Mcpherson,NORTH,2005,3.13,4100.0,2557.4,397.5,202.9,121.0,32,-17.9,0.0
31117,Mcpherson,NORTH,2006,2.59,3500.0,2637.2,311.2,109.1,112.9,33,-19.7,3.0
31117,Mcpherson,NORTH,2007,3.85,3100.0,2552.2,508.3,224.6,155.1,32,-19.3,1.0
31117,Mcpherson,NORTH,2009,3.55,3100.0,2265.1,542.6,226.7,169.1,10,-20.5,4.0
31117,Mcpherson,NORTH,2010,3.6,3500.0,2455.1,514.7,202.0,196.9,25,-21.2,4.0
31117,Mcpherson,NORTH,2011,4.25,2900.0,2390.6,509.9,221.5,192.5,30,-21.2,7.0
31117,Mcpherson,NORTH,2012,3.85,2800.0,2782.1,184.6,46.4,50.4,44,-15.7,0.0
31117,Mcpherson,NORTH,2014,4.15,1720.0,2445.6,470.0,253.9,142.3,25,-21.5,5.0
31117,Mcpherson,NORTH,2015,2.9,1710.0,2502.4,497.9,260.2,114.9,28,-19.6,2.0
31117,Mcpherson,NORTH,2016,3.7,1480.0,2516.6,434.0,154.3,131.8,22,-13.7,0.0
31117,Mcpherson,NORTH,2017,3.15,1300.0,2498.5,411.1,111.2,162.4,25,-20.6,4.0
31117,Mcpherson,NORTH,2018,3.0,1300.0,2492.9,520.4,284.8,155.1,19,-21.8,6.0
31119,Madison,NORTHEAST,2000,3.67,16500.0,2716.5,356.5,167.0,122.1,38,,
31119,Madison,NORTHEAST,2001,3.57,17500.0,2624.9,505.6,167.5,165.9,34,-23.0,13.0
31119,Madison,NORTHEAST,2002,3.43,17000.0,2697.4,349.9,123.1,136.1,39,-15.5,0.0
31119,Madison,NORTHEAST,2003,3.54,19000.0,2517.7,482.1,194.4,104.9,33,-22.2,5.0
31119,Madison,NORTHEAST,2004,4.08,16000.0,2521.7,534.3,231.7,142.5,11,-22.6,6.0
31119,Madison,NORTHEAST,2005,4.36,15500.0,2689.4,541.0,250.8,123.2,31,-19.4,3.0
31119,Madison,NORTHEAST,2006,4.02,16500.0,2656.9,516.9,128.9,165.0,30,-22.4,8.0
31119,Madison,NORTHEAST,2007,3.97,14300.0,2591.6,649.6,204.1,254.2,20,-22.2,10.0
31119,Madison,NORTHEAST,2008,4.2,12600.0,2376.6,611.5,345.1,113.5,6,-22.2,4.0
31119,Madison,NORTHEAST,2009,4.15,12300.0,2366.6,458.7,185.0,193.1,11,-25.1,12.0
31119,Madison,NORTHEAST,2010,4.7,12100.0,2553.6,684.4,333.0,211.4,8,-28.6,14.0
31119,Madison,NORTHEAST,2011,4.15,10100.0,2504.5,505.8,246.5,158.7,28,-26.1,7.0
31119,Madison,NORTHEAST,2012,2.75,9500.0,2866.9,263.3,137.3,35.9,46,-19.8,1.0
31119,Madison,NORTHEAST,2014,3.9,10500.0,2465.2,621.3,291.9,205.9,7,-24.2,13.0
31119,Madison,NORTHEAST,2017,4.35,10000.0,2560.9,569.1,150.0,235.0,23,-22.9,3.0
31119,Madison,NORTHEAST,2018,5.2,10500.0,2554.0,605.6,286.8,201.6,5,-25.1,9.0
31121,Merrick,EAST,2000,2.9,7200.0,2792.0,341.5,107.1,160.8,40,,
31121,Merrick,EAST,2001,3.94,7300.0,2746.2,482.5,171.4,138.1,38,-18.6,1.0
31121,Merrick,EAST,2002,3.02,8500.0,2793.5,341.4,139.1,116.7,43,-14.2,0.0
31121,Merrick,EAST,2003,3.56,9100.0,2645.6,456.0,221.7,52.2,47,-20.1,2.0
31121,Merrick,EAST,2004,3.51,7600.0,2677.0,503.3,175.8,158.5,16,-21.2,4.0
31121,Merrick,EAST,2005,4.12,7100.0,2776.8,505.1,269.8,148.0,28,-19.3,3.0
31121,Merrick,EAST,2006,3.49,7200.0,2766.4,526.0,132.1,215.5,24,-21.7,4.0
31121,Merrick,EAST,2007,3.73,6900.0,2678.8,676.5,257.4,238.6,18,-18.2,2.0
31121,Merrick,EAST,2008,4.05,5500.0,2449.2,682.5,381.3,139.5,8,-18.4,1.0
31121,Merrick,EAST,2009,3.4,5200.0,2455.3,502.2,232.6,179.5,11,-23.2,6.0
31121,Merrick,EAST,2010,4.0,5000.0,2678.1,638.3,335.9,188.3,15,-25.7,10.0
31121,Merrick,EAST,2011,3.7,4200.0,2596.0,581.6,262.9,216.1,23,-21.5,6.0
31121,Merrick,EAST,2013,3.5,3700.0,2681.6,522.3,201.3,156.0,28,-15.6,0.0
31121,Merrick,EAST,2014,4.5,4660.0,2590.0,624.5,252.4,214.2,17,-22.9,5.0
31121,Merrick,EAST,2015,4.25,5060.0,2645.8,656.8,314.6,178.7,13,-19.8,5.0
31121,Merrick,EAST,2018,4.95,5200.0,2707.3,576.8,268.1,181.6,17,-23.0,5.0
31123,Morrill,NORTHWEST,2000,4.03,22000.0,2530.4,281.4,84.3,90.2,47,,
31123,Morrill,NORTHWEST,2001,4.87,25000.0,2526.2,353.4,111.1,118.0,41,-17.7,0.0
31123,Morrill,NORTHWEST,2002,4.28,26000.0,2522.6,213.5,55.6,116.4,38,-16.0,0.0
31123,Morrill,NORTHWEST,2003,4.82,27000.0,2442.1,308.3,123.6,91.4,51,-20.6,1.0
31123,Morrill,NORTHWEST,2004,4.42,22000.0,2340.3,360.7,113.3,119.0,26,-18.1,1.0
31123,Morrill,NORTHWEST,2005,4.4,24000.0,2434.7,405.8,202.0,122.6,33,-15.6,0.0
31123,Morrill,NORTHWEST,2006,4.3,23700.0,2544.6,239.7,90.5,90.7,37,-20.3,2.0
31123,Morrill,NORTHWEST,2007,4.48,25500.0,2535.1,327.4,111.3,123.5,39,-19.7,2.0
31123,Morrill,NORTHWEST,2008,4.6,22600.0,2334.8,356.4,128.1,139.4,32,-18.2,1.0
31123,Morrill,NORTHWEST,2009,4.6,21000.0,2225.1,504.3,233.5,142.5,14,-22.0,3.0
31123,Morrill,NORTHWEST,2010,4.55,18000.0,2398.6,392.1,176.9,119.8,33,-20.5,3.0
31123,Morrill,NORTHWEST,2011,4.9,17000.0,2385.6,419.2,195.9,135.9,41,-22.9,6.0
31123,Morrill,NORTHWEST,2012,4.4,17500.0,2738.2,148.2,43.6,43.4,47,-15.6,0.0
31123,Morrill,NORTHWEST,2013,4.0,16000.0,2503.5,351.2,108.9,84.2,37,-16.8,0.0
31123,Morrill,NORTHWEST,2014,5.15,18400.0,2384.6,388.0,184.9,102.6,32,-22.0,5.0
31123,Morrill,NORTHWEST,2015,4.6,19600.0,2398.9,494.9,267.5,116.2,27,-18.8,2.0
31123,Morrill,NORTHWEST,2016,5.45,17500.0,2454.3,359.7,117.3,119.9,29,-13.7,0.0
31123,Morrill,NORTHWEST,2018,4.7,19900.0,2471.8,418.6,224.9,110.0,27,-19.0,1.0
31125,Nance,EAST,2000,2.88,11500.0,2742.6,341.1,123.9,141.2,42,,
31125,Nance,EAST,2001,3.14,12500.0,2678.8,486.7,154.2,151.1,35,-20.3,4.0
31125,Nance,EAST,2002,2.33,13500.0,2735.3,339.6,132.6,120.7,42,-14.6,0.0
31125,Nance,EAST,2003,2.88,14000.0,2577.7,450.2,203.7,72.7,40,-21.0,4.0
31125,Nance,EAST,2004,3.4,12000.0,2584.7,540.3,207.1,160.2,13,-21.3,4.0
31125,Nance,EAST,2005,3.54,11500.0,2708.5,507.5,252.8,147.2,27,-19.0,3.0
31125,Nance,EAST,2006,3.57,11600.0,2716.1,507.1,113.0,186.2,28,-22.7,6.0
31125,Nance,EAST,2007,3.78,10200.0,2608.5,695.0,269.5,228.6,13,-19.0,6.0
31125,Nance,EAST,2008,4.25,9300.0,2385.6,668.3,371.3,134.0,6,-20.3,2.0
31125,Nance,EAST,2009,4.3,9500.0,2384.5,511.1,213.8,219.6,8,-24.5,9.0
31125,Nance,EAST,2010,3.85,9100.0,2595.0,646.5,362.3,172.4,11,-26.8,11.0
31125,Nance,EAST,2011,4.4,8500.0,2524.2,562.2,267.2,198.8,21,-22.9,6.0
31125,Nance,EAST,2013,3.8,7600.0,2611.2,550.8,214.1,174.3,26,-17.3,0.0
31125,Nance,EAST,2014,4.35,8200.0,2526.9,591.9,246.3,208.4,13,-23.4,7.0
31125,Nance,EAST,2016,4.7,6820.0,2652.2,574.6,182.1,162.8,15,-21.0,3.0
31127,Nemaha,SOUTHEAST,2000,3.2,5000.0,2880.0,497.8,192.1,210.1,38,,
31127,Nemaha,SOUTHEAST,2001,3.5,5100.0,2762.4,659.2,299.6,183.3,32,-21.5,10.0
31127,Nemaha,SOUTHEAST,2002,2.1,5500.0,2899.5,412.9,150.4,164.8,43,-14.7,0.0
31127,Nemaha,SOUTHEAST,2003,3.0,5800.0,2736.0,452.0,217.2,100.6,50,-21.5,2.0
31127,Nemaha,SOUTHEAST,2004,3.6,5100.0,2708.0,587.8,285.4,240.8,9,-20.8,6.0
31127,Nemaha,SOUTHEAST,2005,3.2,5400.0,2885.9,570.5,234.7,204.5,31,-20.0,5.0
31127,Nemaha,SOUTHEAST,2006,2.2,4600.0,2830.3,591.1,143.7,253.9,35,-17.3,0.0
31127,Nemaha,SOUTHEAST,2007,3.1,3900.0,2790.7,734.7,309.4,282.5,27,-18.9,2.0
31127,Nemaha,SOUTHEAST,2008,3.6,3300.0,2557.9,753.8,401.1,116.0,4,-21.2,5.0
31127,Nemaha,SOUTHEAST,2009,3.9,3500.0,2565.4,624.7,256.8,228.8,8,-23.3,6.0
31127,Nemaha,SOUTHEAST,2010,4.4,3300.0,2829.7,769.6,316.6,239.6,23,-28.6,16.0
31127,Nemaha,SOUTHEAST,2011,3.45,2900.0,2791.3,587.5,234.3,246.3,31,-19.5,2.0
31127,Nemaha,SOUTHEAST,2012,2.65,2700.0,2958.2,434.4,158.2,138.8,46,-16.4,0.0
31127,Nemaha,SOUTHEAST,2013,3.45,2200.0,2722.3,579.2,287.6,93.3,29,-16.9,0.0
31127,Nemaha,SOUTHEAST,2014,3.45,2530.0,2697.1,743.0,279.4,267.3,16,-23.8,10.0
31127,Nemaha,SOUTHEAST,2015,3.8,2540.0,2718.7,813.8,363.1,262.8,6,-20.8,5.0
31127,Nemaha,SOUTHEAST,2016,3.2,1960.0,2830.1,739.9,197.0,295.6,12,-18.7,3.0
31127,Nemaha,SOUTHEAST,2017,3.95,2090.0,2842.8,515.7,213.5,143.1,23,-21.8,3.0
31129,Nuckolls,SOUTHEAST,2000,2.19,7600.0,2915.2,332.1,130.4,132.1,47,,
31129,Nuckolls,SOUTHEAST,2001,3.77,7800.0,2842.3,638.7,292.7,186.6,39,-20.4,1.0
31129,Nuckolls,SOUTHEAST,2002,1.98,9100.0,2883.3,364.5,158.1,109.8,44,-14.3,0.0
31129,Nuckolls,SOUTHEAST,2003,3.37,9100.0,2729.8,542.0,237.0,88.5,52,-17.4,0.0
31129,Nuckolls,SOUTHEAST,2004,3.26,8500.0,2771.5,526.6,220.6,180.7,14,-21.3,6.0
31129,Nuckolls,SOUTHEAST,2005,3.51,7700.0,2863.9,557.8,189.3,248.7,30,-19.8,4.0
31129,Nuckolls,SOUTHEAST,2006,2.53,8500.0,2877.7,548.0,169.3,213.8,34,-18.1,1.0
31129,Nuckolls,SOUTHEAST,2007,3.44,7700.0,2799.5,661.4,287.2,237.4,29,-19.6,2.0
31129,Nuckolls,SOUTHEAST,2008,4.4,7200.0,2591.8,703.9,275.4,243.3,17,-17.2,0.0
31129,Nuckolls,SOUTHEAST,2009,3.55,7200.0,2635.2,473.9,159.7,192.4,16,-20.2,4.0
31129,Nuckolls,SOUTHEAST,2010,4.0,6800.0,2854.2,657.5,305.7,189.1,33,-23.3,9.0
31129,Nuckolls,SOUTHEAST,2011,4.85,6300.0,2751.3,655.1,295.6,274.1,36,-21.9,3.0
31129,Nuckolls,SOUTHEAST,2013,4.05,5200.0,2789.8,520.1,176.9,209.3,30,-14.3,0.0
31129,Nuckolls,SOUTHEAST,2014,3.35,6480.0,2768.7,590.2,243.5,217.4,30,-22.1,5.0
31129,Nuckolls,SOUTHEAST,2017,5.1,5370.0,2812.8,535.6,226.9,144.2,21,-19.7,2.0
31131,Otoe,SOUTHEAST,2000,2.79,10500.0,2869.3,456.8,183.3,191.4,40,,
31131,Otoe,SOUTHEAST,2001,3.23,10500.0,2744.3,699.1,338.2,182.5,34,-21.5,12.0
31131,Otoe,SOUTHEAST,2002,2.29,9400.0,2877.4,422.1,152.7,181.2,43,-16.6,0.0
31131,Otoe,SOUTHEAST,2003,3.05,10500.0,2701.3,468.5,242.3,93.3,51,-21.7,2.0
31131,Otoe,SOUTHEAST,2004,3.76,9900.0,2732.1,501.7,242.4,184.6,14,-24.3,9.0
31131,Otoe,SOUTHEAST,2005,3.14,9700.0,2887.3,519.4,203.3,191.7,34,-20.2,5.0
31131,Otoe,SOUTHEAST,2006,3.12,8900.0,2815.5,595.1,150.2,232.0,35,-17.8,0.0
31131,Otoe,SOUTHEAST,2007,3.32,7400.0,2763.4,732.3,303.1,272.9,27,-19.0,2.0
31131,Otoe,SOUTHEAST,2008,3.8,7500.0,2564.0,714.6,379.0,127.0,7,-19.5,4.0
31131,Otoe,SOUTHEAST,2009,3.9,7100.0,2621.7,517.5,210.9,180.3,14,-22.8,6.0
31131,Otoe,SOUTHEAST,2010,4.05,6800.0,2821.8,700.3,279.6,226.2,26,-29.7,14.0
31131,Otoe,SOUTHEAST,2011,4.15,6000.0,2788.4,536.5,196.6,246.8,33,-18.4,2.0
31131,Otoe,SOUTHEAST,2012,2.35,5700.0,2986.3,367.2,151.2,93.0,49,-17.1,0.0
31131,Otoe,SOUTHEAST,2016,4.3,4700.0,2838.9,655.0,197.7,246.5,22,-19.0,3.0
31133,Pawnee,SOUTHEAST,2000,1.7,5900.0,2916.0,435.0,181.2,168.3,46,,
31133,Pawnee,SOUTHEAST,2001,3.1,6700.0,2780.9,797.3,325.1,252.3,32,-22.0,9.0
31133,Pawnee,SOUTHEAST,2002,2.26,6500.0,2913.9,400.2,159.5,147.4,46,-16.0,0.0
31133,Pawnee,SOUTHEAST,2003,3.03,6600.0,2739.9,477.2,224.8,104.3,49,-21.4,2.0
31133,Pawnee,SOUTHEAST,2004,3.03,6100.0,2751.2,506.3,236.2,188.5,13,-24.2,9.0
31133,Pawnee,SOUTHEAST,2005,3.0,5900.0,2868.3,614.5,239.7,228.3,30,-22.3,4.0
31133,Pawnee,SOUTHEAST,2006,2.5,6400.0,2845.2,599.6,136.4,250.8,35,-16.5,0.0
31133,Pawnee,SOUTHEAST,2007,3.3,5500.0,2780.2,774.2,330.7,271.4,23,-20.0,2.0
31133,Pawnee,SOUTHEAST,2008,3.3,5000.0,2592.8,684.6,298.5,179.7,10,-21.7,3.0
31133,Pawnee,SOUTHEAST,2009,3.65,4600.0,2604.8,612.9,241.4,207.4,12,-21.6,5.0
31133,Pawnee,SOUTHEAST,2010,3.75,4100.0,2873.2,689.7,272.0,212.5,30,-29.1,11.0
31133,Pawnee,SOUTHEAST,2011,3.1,3700.0,2839.3,563.2,209.1,267.0,38,-18.7,4.0
31133,Pawnee,SOUTHEAST,2012,1.95,3600.0,2998.0,400.6,157.9,119.0,47,-17.2,0.0
31133,Pawnee,SOUTHEAST,2013,3.3,2900.0,2717.8,642.6,283.6,175.7,31,-15.0,0.0
31133,Pawnee,SOUTHEAST,2014,3.0,3290.0,2773.1,612.1,250.4,191.6,27,-23.8,6.0
31133,Pawnee,SOUTHEAST,2015,3.65,3300.0,2774.1,759.2,426.2,198.8,7,-21.2,4.0
31133,Pawnee,SOUTHEAST,2016,2.8,2380.0,2862.1,722.6,188.6,264.4,24,-18.0,0.0
31133,Pawnee,SOUTHEAST,2017,2.85,2820.0,2846.5,494.2,197.4,117.7,28,-21.1,3.0
31133,Pawnee,SOUTHEAST,2018,3.2,2700.0,2918.3,641.9,245.6,212.4,36,-23.1,4.0
31135,Perkins,SOUTHWEST,2000,5.11,3100.0,2672.4,247.5,68.8,90.1,50,,
31135,Perkins,SOUTHWEST,2001,5.45,3400.0,2616.3,424.9,101.9,150.6,42,-17.1,0.0
31135,Perkins,SOUTHWEST,2002,4.86,4200.0,2644.7,257.8,70.4,133.3,37,-15.4,0.0
31135,Perkins,SOUTHWEST,2003,5.33,4200.0,2565.8,318.0,138.9,68.2,48,-17.1,0.0
31135,Perkins,SOUTHWEST,2004,4.97,3600.0,2491.6,434.4,125.1,185.8,23,-18.5,2.0
31135,Perkins,SOUTHWEST,2005,4.77,3000.0,2602.1,398.5,205.2,125.4,37,-16.4,0.0
31135,Perkins,SOUTHWEST,2006,5.17,3000.0,2666.8,339.6,113.1,136.5,38,-20.6,2.0
31135,Perkins,SOUTHWEST,2007,4.5,2700.0,2589.7,519.1,243.7,148.3,30,-19.3,1.0
31135,Perkins,SOUTHWEST,2008,4.15,2300.0,2429.6,423.8,179.2,116.4,31,-18.1,1.0
31135,Perkins,SOUTHWEST,2009,4.05,1800.0,2330.8,516.1,219.1,156.1,14,-20.7,3.0
31135,Perkins,SOUTHWEST,2010,3.9,1600.0,2520.0,489.7,204.7,171.0,32,-20.6,3.0
31135,Perkins,SOUTHWEST,2012,4.1,1300.0,2817.3,202.0,52.8,53.4,46,-15.0,0.0
31135,Perkins,SOUTHWEST,2013,3.8,1000.0,2620.4,358.0,166.5,109.1,34,-16.0,0.0
31135,Perkins,SOUTHWEST,2014,5.4,720.0,2511.6,464.2,270.5,136.8,37,-20.8,5.0
31135,Perkins,SOUTHWEST,2015,4.55,880.0,2567.4,460.6,246.5,106.3,30,-17.4,0.0
31135,Perkins,SOUTHWEST,2017,5.2,920.0,2561.0,360.6,115.1,126.6,30,-19.8,4.0
31137,Phelps,SOUTH,2000,4.4,7000.0,2801.1,333.3,121.2,143.3,43,,
31137,Phelps,SOUTH,2001,4.88,7800.0,2757.8,479.0,146.6,175.6,39,-16.8,0.0
31137,Phelps,SOUTH,2002,3.8,8400.0,2801.7,263.8,114.7,95.0,44,-13.9,0.0
31137,Phelps,SOUTH,2003,4.4,9000.0,2674.6,414.0,202.4,52.6,52,-16.6,0.0
31137,Phelps,SOUTH,2004,4.52,7900.0,2673.1,477.4,144.1,169.1,21,-19.8,3.0
31137,Phelps,SOUTH,2005,4.7,8300.0,2745.8,461.1,242.4,150.0,27,-18.4,1.0
31137,Phelps,SOUTH,2006,4.13,8500.0,2778.9,456.7,138.8,207.2,29,-18.1,1.0
31137,Phelps,SOUTH,2007,4.37,6800.0,2678.6,643.8,242.6,211.9,24,-18.0,1.0
31137,Phelps,SOUTH,2008,4.9,5800.0,2498.9,624.1,331.4,165.9,17,-16.9,0.0
31137,Phelps,SOUTH,2009,4.5,5900.0,2473.0,495.1,198.3,185.5,12,-19.8,4.0
31137,Phelps,SOUTH,2010,4.65,5000.0,2669.4,626.5,290.6,210.6,22,-21.3,4.0
31137,Phelps,SOUTH,2011,4.4,3600.0,2611.4,545.1,234.9,217.9,30,-22.1,5.0
31137,Phelps,SOUTH,2012,4.55,3500.0,2932.3,262.9,92.1,74.7,44,-17.7,0.0
31137,Phelps,SOUTH,2013,5.4,3200.0,2745.4,385.1,128.2,111.9,35,-15.3,0.0
31137,Phelps,SOUTH,2014,5.45,4080.0,2634.0,532.9,238.1,174.4,24,-21.9,5.0
31137,Phelps,SOUTH,2016,5.75,3400.0,2728.7,509.2,141.9,130.9,31,-15.0,0.0
31137,Phelps,SOUTH,2017,5.4,3300.0,2696.6,529.6,172.4,196.1,21,-20.3,3.0
31139,Pierce,NORTHEAST,2000,3.21,16500.0,2680.8,366.2,173.4,125.4,40,,
31139,Pierce,NORTHEAST,2001,3.93,18500.0,2599.5,515.2,149.6,177.7,31,-24.4,15.0
31139,Pierce,NORTHEAST,2002,3.54,17500.0,2672.8,351.5,103.3,158.3,35,-16.2,0.0
31139,Pierce,NORTHEAST,2003,3.99,18000.0,2493.5,478.1,193.5,107.5,33,-22.5,5.0
31139,Pierce,NORTHEAST,2004,4.01,16000.0,2504.5,523.1,225.6,133.5,11,-22.4,6.0
31139,Pierce,NORTHEAST,2005,3.92,17000.0,2662.8,601.4,286.3,107.8,29,-20.0,3.0
31139,Pierce,NORTHEAST,2006,4.37,16400.0,2628.1,466.2,113.7,123.8,32,-26.4,8.0
31139,Pierce,NORTHEAST,2007,4.04,14800.0,2605.0,557.0,178.6,211.5,26,-23.4,11.0
31139,Pierce,NORTHEAST,2008,4.1,13300.0,2387.4,543.3,294.6,110.1,14,-23.2,7.0
31139,Pierce,NORTHEAST,2009,4.25,12200.0,2321.8,466.1,180.1,195.4,8,-25.9,13.0
31139,Pierce,NORTHEAST,2010,4.4,11200.0,2512.7,728.6,291.3,271.4,9,-30.3,17.0
31139,Pierce,NORTHEAST,2012,2.95,9800.0,2862.5,256.9,127.0,36.5,46,-19.7,1.0
31139,Pierce,NORTHEAST,2013,3.55,10000.0,2516.0,517.4,214.5,166.9,23,-20.0,2.0
31139,Pierce,NORTHEAST,2014,4.15,10400.0,2444.1,590.1,284.6,205.4,7,-24.9,20.0
31141,Platte,EAST,2000,2.92,12000.0,2788.5,342.0,139.9,134.0,39,,
31141,Platte,EAST,2001,3.5,13500.0,2701.3,484.1,186.1,135.7,39,-21.0,10.0
31141,Platte,EAST,2002,2.93,15000.0,2771.4,355.7,140.4,123.3,41,-15.0,0.0
31141,Platte,EAST,2003,3.79,16000.0,2597.4,484.5,201.7,85.8,40,-21.8,3.0
31141,Platte,EAST,2004,4.11,14000.0,2627.1,504.8,212.0,149.2,15,-22.8,6.0
31141,Platte,EAST,2005,4.22,13000.0,2779.1,495.6,229.7,130.5,34,-19.4,5.0
31141,Platte,EAST,2006,4.12,13100.0,2737.7,551.8,132.1,199.6,29,-20.9,6.0
31141,Platte,EAST,2007,4.33,12000.0,2654.7,683.8,231.7,266.8,17,-20.1,4.0
31141,Platte,EAST,2008,4.35,10800.0,2429.6,676.6,383.4,131.6,5,-20.7,3.0
31141,Platte,EAST,2009,4.25,10000.0,2467.3,466.3,199.8,187.4,12,-23.8,8.0
31141,Platte,EAST,2010,4.75,9300.0,2664.5,640.8,342.4,178.6,16,-27.9,14.0
31141,Platte,EAST,2012,3.05,8000.0,2924.9,266.8,149.2,36.6,48,-19.2,1.0
31141,Platte,EAST,2014,5.35,7800.0,2549.4,653.6,283.7,209.2,13,-23.6,9.0
31143,Polk,EAST,2000,3.07,6900.0,2815.3,352.9,126.2,157.5,41,,
31143,Polk,EAST,2001,3.92,7500.0,2743.4,522.7,231.4,125.9,39,-20.3,8.0
31143,Polk,EAST,2002,2.97,9100.0,2811.1,374.4,154.6,121.7,41,-14.3,0.0
31143,Polk,EAST,2003,3.57,9100.0,2637.0,492.7,219.1,66.8,48,-21.3,2.0
31143,Polk,EAST,2004,3.26,7500.0,2701.4,457.1,187.6,141.7,14,-23.3,7.0
31143,Polk,EAST,2005,3.7,7400.0,2824.8,502.0,226.3,145.5,31,-20.3,5.0
31143,Polk,EAST,2006,3.84,7600.0,2779.6,552.3,135.3,217.7,27,-20.4,3.0
31143,Polk,EAST,2007,4.37,6300.0,2698.9,694.4,241.2,282.2,16,-18.5,2.0
31143,Polk,EAST,2008,4.8,5600.0,2460.4,698.2,371.7,158.3,7,-19.5,2.0
31143,Polk,EAST,2009,4.1,5000.0,2524.1,447.8,199.7,159.6,14,-22.3,7.0
31143,Polk,EAST,2010,4.5,4800.0,2739.3,609.3,317.8,171.4,20,-26.8,13.0
31143,Polk,EAST,2011,5.2,4100.0,2634.5,590.7,263.3,223.4,25,-21.2,5.0
31143,Polk,EAST,2012,3.5,4200.0,2948.3,286.9,162.7,46.9,49,-18.9,1.0
31143,Polk,EAST,2013,4.35,4100.0,2688.7,496.6,224.0,125.3,28,-16.8,0.0
31143,Polk,EAST,2015,4.95,4590.0,2675.2,617.3,290.2,167.4,11,-20.9,6.0
31143,Polk,EAST,2017,4.9,4830.0,2713.7,576.1,191.4,225.2,18,-21.4,3.0
31143,Polk,EAST,2018,4.25,3790.0,2744.1,592.4,260.0,213.4,14,-23.7,4.0
31145,Red Willow,SOUTHWEST,2000,4.35,11000.0,2877.8,256.9,72.9,114.5,52,,
31145,Red Willow,SOUTHWEST,2001,4.32,10000.0,2839.7,427.7,137.4,152.1,47,-15.4,0.0
31145,Red Willow,SOUTHWEST,2002,3.87,8500.0,2873.6,210.7,89.8,71.0,45,-13.6,0.0
31145,Red Willow,SOUTHWEST,2003,4.77,8900.0,2736.3,369.8,171.2,81.1,52,-16.1,0.0
31145,Red Willow,SOUTHWEST,2004,4.48,8600.0,2713.2,481.2,122.1,207.7,24,-17.7,0.0
31145,Red Willow,SOUTHWEST,2005,4.34,8600.0,2783.8,437.5,192.7,166.1,35,-16.2,0.0
31145,Red Willow,SOUTHWEST,2006,4.17,7900.0,2853.0,361.6,139.0,153.8,38,-18.5,1.0
31145,Red Willow,SOUTHWEST,2007,4.63,7000.0,2790.3,456.9,129.8,171.1,34,-17.3,0.0
31145,Red Willow,SOUTHWEST,2008,4.9,6700.0,2623.5,478.3,212.8,157.6,33,-15.2,0.0
31145,Red Willow,SOUTHWEST,2009,5.1,7000.0,2537.8,544.4,216.2,193.3,17,-19.0,1.0
31145,Red Willow,SOUTHWEST,2010,5.0,6500.0,2773.5,447.7,178.1,154.4,39,-20.3,3.0
31145,Red Willow,SOUTHWEST,2012,3.5,6300.0,2997.4,225.0,56.2,83.9,47,-16.5,0.0
31145,Red Willow,SOUTHWEST,2015,5.9,8910.0,2827.1,447.4,203.1,148.3,38,-16.7,0.0
31147,Richardson,SOUTHEAST,2000,3.73,5200.0,2922.8,493.2,212.8,179.1,42,,
31147,Richardson,SOUTHEAST,2001,3.34,5500.0,2788.6,801.8,345.4,244.6,29,-22.3,9.0
31147,Richardson,SOUTHEAST,2002,2.5,5200.0,2937.7,407.1,173.9,136.3,43,-15.6,0.0
31147,Richardson,SOUTHEAST,2003,3.0,5700.0,2773.7,492.6,216.1,115.7,51,-21.0,1.0
31147,Richardson,SOUTHEAST,2004,3.3,5000.0,2741.5,601.0,282.6,242.1,9,-21.0,6.0
31147,Richardson,SOUTHEAST,2005,4.1,4900.0,2878.9,642.3,271.6,226.6,29,-21.8,4.0
31147,Richardson,SOUTHEAST,2006,3.6,4600.0,2862.2,594.6,124.2,272.3,35,-16.1,0.0
31147,Richardson,SOUTHEAST,2007,3.6,4000.0,2832.2,724.9,317.0,258.9,29,-19.1,3.0
31147,Richardson,SOUTHEAST,2008,4.1,4200.0,2603.4,710.4,308.2,146.4,7,-21.3,4.0
31147,Richardson,SOUTHEAST,2009,4.05,4000.0,2570.5,705.3,282.0,255.1,7,-21.5,4.0
31147,Richardson,SOUTHEAST,2010,4.3,3600.0,2885.9,773.7,319.3,235.1,26,-26.3,11.0
31147,Richardson,SOUTHEAST,2011,3.85,3200.0,2861.0,583.3,229.0,252.8,38,-19.5,1.0
31147,Richardson,SOUTHEAST,2012,3.7,3200.0,3009.4,395.1,151.8,120.9,47,-16.1,0.0
31147,Richardson,SOUTHEAST,2013,3.4,3400.0,2743.8,613.1,284.4,138.4,32,-15.1,0.0
31147,Richardson,SOUTHEAST,2018,4.85,2840.0,2970.0,581.7,230.5,206.3,37,-23.0,4.0
31149,Rock,NORTH,2000,2.15,5300.0,2621.6,372.0,168.9,121.6,42,,
31149,Rock,NORTH,2001,2.66,4400.0,2538.2,551.2,172.7,159.8,29,-20.3,7.0
31149,Rock,NORTH,2002,2.4,3600.0,2638.8,279.9,80.6,116.7,39,-14.9,0.0
31149,Rock,NORTH,2003,2.48,5000.0,2520.0,373.6,188.7,74.5,38,-20.2,3.0
31149,Rock,NORTH,2004,2.59,4400.0,2494.1,422.3,158.0,110.9,20,-20.4,3.0
31149,Rock,NORTH,2005,2.52,4100.0,2616.6,487.2,250.3,101.6,29,-19.0,2.0
31149,Rock,NORTH,2006,2.19,3500.0,2669.3,338.7,73.9,95.7,35,-23.1,6.0
31149,Rock,NORTH,2007,2.47,2900.0,2591.9,530.7,244.6,143.0,31,-20.3,4.0
31149,Rock,NORTH,2009,2.4,1300.0,2288.2,471.9,182.5,199.3,8,-22.8,10.0
31149,Rock,NORTH,2013,3.05,1600.0,2531.1,499.6,211.5,164.9,24,-17.6,0.0
31149,Rock,NORTH,2014,3.15,2230.0,2442.3,463.4,207.8,173.8,12,-23.9,15.0
31149,Rock,NORTH,2016,3.25,2750.0,2531.4,534.4,170.6,138.2,20,-20.8,2.0
31149,Rock,NORTH,2017,3.6,4300.0,2500.4,522.1,113.7,230.5,21,-22.5,3.0
31151,Saline,SOUTHEAST,2000,2.36,7400.0,2879.3,416.7,159.3,178.4,44,,
31151,Saline,SOUTHEAST,2001,3.45,7400.0,2767.5,681.3,341.7,160.1,35,-20.7,11.0
31151,Saline,SOUTHEAST,2002,2.68,7900.0,2874.0,413.4,159.3,161.8,44,-15.7,0.0
31151,Saline,SOUTHEAST,2003,2.61,8600.0,2689.6,520.7,250.2,76.3,50,-21.4,2.0
31151,Saline,SOUTHEAST,2004,3.29,8100.0,2733.1,476.8,239.4,138.3,14,-24.9,9.0
31151,Saline,SOUTHEAST,2005,3.38,7700.0,2893.6,492.0,171.5,188.3,33,-20.1,5.0
31151,Saline,SOUTHEAST,2006,2.38,8500.0,2826.1,594.2,145.0,234.7,34,-18.9,1.0
31151,Saline,SOUTHEAST,2007,3.22,7300.0,2758.5,725.3,281.8,272.9,25,-19.3,2.0
31151,Saline,SOUTHEAST,2008,3.8,6800.0,2549.8,705.4,329.6,180.4,11,-18.8,3.0
31151,Saline,SOUTHEAST,2009,3.3,6700.0,2637.8,452.3,192.4,142.8,18,-22.4,5.0
31151,Saline,SOUTHEAST,2010,4.0,6500.0,2842.6,625.9,273.1,179.4,32,-29.6,14.0
31151,Saline,SOUTHEAST,2011,3.5,5800.0,2768.3,540.0,220.1,228.3,33,-19.0,4.0
31151,Saline,SOUTHEAST,2012,2.0,5600.0,3003.0,332.1,165.0,58.0,49,-18.0,1.0
31151,Saline,SOUTHEAST,2013,3.6,5200.0,2739.8,521.1,244.5,121.1,32,-15.9,0.0
31151,Saline,SOUTHEAST,2014,4.1,5870.0,2714.2,641.6,258.7,187.8,30,-23.3,6.0
31151,Saline,SOUTHEAST,2015,3.85,5530.0,2715.6,759.1,456.8,156.4,8,-21.2,4.0
31151,Saline,SOUTHEAST,2016,3.55,5070.0,2850.5,583.2,188.7,201.3,22,-18.7,2.0
31151,Saline,SOUTHEAST,2017,4.3,5270.0,2808.6,535.5,218.3,168.6,23,-21.2,3.0
31153,Sarpy,EAST,2000,3.75,3400.0,2824.1,454.5,176.8,199.4,38,,
31153,Sarpy,EAST,2001,3.38,3500.0,2718.9,597.5,294.2,152.4,35,-22.6,13.0
31153,Sarpy,EAST,2002,3.07,2700.0,2819.9,447.1,142.1,209.3,40,-15.5,0.0
31153,Sarpy,EAST,2003,2.88,2800.0,2659.4,454.9,226.4,84.3,49,-22.0,2.0
31153,Sarpy,EAST,2004,4.1,2600.0,2693.3,499.7,230.7,180.8,13,-24.3,8.0
31153,Sarpy,EAST,2005,3.24,2200.0,2874.3,465.1,196.8,150.2,38,-20.3,4.0
31153,Sarpy,EAST,2006,3.0,2000.0,2784.4,571.2,122.5,232.5,33,-18.9,2.0
31153,Sarpy,EAST,2007,3.7,1800.0,2736.0,706.5,264.1,275.4,31,-18.8,5.0
31153,Sarpy,EAST,2008,3.0,1800.0,2532.8,722.9,399.7,119.9,5,-20.6,3.0
31153,Sarpy,EAST,2009,3.15,1400.0,2580.9,493.7,196.8,188.2,15,-24.7,6.0
31153,Sarpy,EAST,2010,3.9,1300.0,2762.4,738.5,308.3,244.6,23,-29.1,16.0
31153,Sarpy,EAST,2011,3.35,1200.0,2711.3,554.5,234.0,217.7,29,-19.8,3.0
31153,Sarpy,EAST,2014,4.0,1250.0,2628.8,760.4,330.4,225.9,17,-23.5,8.0
31153,Sarpy,EAST,2018,2.45,820.0,2801.6,629.8,279.0,186.4,29,-24.2,5.0
31155,Saunders,EAST,2000,3.48,10500.0,2824.6,407.3,165.6,171.1,39,,
31155,Saunders,EAST,2001,3.64,11000.0,2731.5,571.7,292.0,124.9,37,-21.7,13.0
31155,Saunders,EAST,2002,2.76,11500.0,2820.2,405.4,143.9,169.8,38,-15.1,0.0
31155,Saunders,EAST,2003,2.71,12000.0,2640.0,503.6,230.4,78.8,49,-21.8,2.0
31155,Saunders,EAST,2004,3.81,9800.0,2701.9,446.0,202.9,139.7,14,-24.8,9.0
31155,Saunders,EAST,2005,4.03,9700.0,2867.0,451.5,182.7,144.8,37,-20.3,5.0
31155,Saunders,EAST,2006,3.56,10500.0,2779.2,573.8,123.9,224.2,31,-19.6,2.0
31155,Saunders,EAST,2007,3.55,9800.0,2719.5,685.4,237.3,279.6,25,-19.2,5.0
31155,Saunders,EAST,2008,4.1,8500.0,2507.5,695.1,361.8,144.0,7,-20.3,3.0
31155,Saunders,EAST,2009,3.5,8200.0,2571.5,457.7,198.1,162.8,15,-24.3,7.0
31155,Saunders,EAST,2010,4.25,7900.0,2756.6,661.2,303.5,200.9,23,-30.1,15.0
31155,Saunders,EAST,2013,3.55,6200.0,2689.0,492.2,246.8,95.6,31,-17.5,0.0
31155,Saunders,EAST,2014,4.25,7590.0,2616.8,738.2,316.2,218.6,19,-23.4,5.0
31157,Scotts Bluff,NORTHWEST,2000,4.27,27000.0,2464.6,269.9,82.6,69.3,50,,
31157,Scotts Bluff,NORTHWEST,2001,4.52,29000.0,2501.4,295.5,92.2,102.2,43,-17.8,0.0
31157,Scotts Bluff,NORTHWEST,2002,3.65,36000.0,2464.7,184.3,45.0,89.0,37,-15.8,0.0
31157,Scotts Bluff,NORTHWEST,2003,4.3,40000.0,2391.1,280.6,118.5,68.8,53,-21.6,1.0
31157,Scotts Bluff,NORTHWEST,2004,4.07,37000.0,2291.6,300.1,83.1,92.3,28,-17.5,0.0
31157,Scotts Bluff,NORTHWEST,2005,4.45,39000.0,2362.9,390.5,196.8,125.3,33,-16.3,0.0
31157,Scotts Bluff,NORTHWEST,2006,4.36,36800.0,2484.2,225.1,91.6,86.6,39,-20.5,2.0
31157,Scotts Bluff,NORTHWEST,2007,4.24,34400.0,2505.1,233.2,70.0,98.0,43,-20.0,3.0
31157,Scotts Bluff,NORTHWEST,2008,4.85,31500.0,2286.1,307.2,121.1,111.6,36,-18.4,1.0
31157,Scotts Bluff,NORTHWEST,2009,4.55,32800.0,2217.6,384.8,177.7,108.4,18,-22.2,5.0
31157,Scotts Bluff,NORTHWEST,2010,4.5,31000.0,2322.5,360.9,189.3,81.6,33,-21.5,3.0
31157,Scotts Bluff,NORTHWEST,2011,4.7,23500.0,2337.1,359.2,200.6,84.1,43,-23.3,6.0
31157,Scotts Bluff,NORTHWEST,2012,4.35,25000.0,2695.6,136.0,57.1,34.9,45,-15.9,0.0
31157,Scotts Bluff,NORTHWEST,2013,3.65,22600.0,2478.2,274.3,77.8,70.4,37,-17.8,0.0
31157,Scotts Bluff,NORTHWEST,2014,4.65,27500.0,2314.8,374.9,152.4,101.3,30,-21.2,6.0
31157,Scotts Bluff,NORTHWEST,2015,4.8,29500.0,2361.3,458.6,253.2,103.0,28,-21.0,2.0
31157,Scotts Bluff,NORTHWEST,2016,5.05,27200.0,2408.6,309.5,90.5,97.3,29,-14.0,0.0
31157,Scotts Bluff,NORTHWEST,2017,4.7,31500.0,2379.7,281.0,125.3,73.6,32,-20.2,3.0
31157,Scotts Bluff,NORTHWEST,2018,5.15,37300.0,2429.5,348.3,203.0,91.3,27,-19.0,1.0
31159,Seward,EAST,2000,3.01,7700.0,2824.6,407.3,165.6,171.1,39,,
31159,Seward,EAST,2001,3.32,7500.0,2731.5,571.7,292.0,124.9,37,-21.7,13.0
31159,Seward,EAST,2002,2.69,8000.0,2820.2,405.4,143.9,169.8,38,-15.1,0.0
31159,Seward,EAST,2003,3.15,8700.0,2640.0,503.6,230.4,78.8,49,-21.8,2.0
31159,Seward,EAST,2004,3.44,8100.0,2701.9,446.0,202.9,139.7,14,-24.8,9.0
31159,Seward,EAST,2005,2.99,8000.0,2867.0,451.5,182.7,144.8,37,-20.3,5.0
31159,Seward,EAST,2006,3.04,8800.0,2779.2,573.8,123.9,224.2,31,-19.6,2.0
31159,Seward,EAST,2007,3.65,8400.0,2719.5,685.4,237.3,279.6,25,-19.2,5.0
31159,Seward,EAST,2008,3.8,7100.0,2507.5,695.1,361.8,144.0,7,-20.3,3.0
31159,Seward,EAST,2009,3.9,7300.0,2571.5,457.7,198.1,162.8,15,-24.3,7.0
31159,Seward,EAST,2010,4.05,6900.0,2756.6,661.2,303.5,200.9,23,-30.1,15.0
31159,Seward,EAST,2011,4.6,5700.0,2683.8,567.3,252.0,216.5,30,-20.7,3.0
31159,Seward,EAST,2013,4.1,5200.0,2689.0,492.2,246.8,95.6,31,-17.5,0.0
31159,Seward,EAST,2014,4.35,5820.0,2616.8,738.2,316.2,218.6,19,-23.4,5.0
31159,Seward,EAST,2015,3.95,5490.0,2652.2,722.4,355.6,194.4,11,-21.8,5.0
31159,Seward,EAST,2018,5.05,4990.0,2784.9,588.5,272.0,172.9,22,-23.9,4.0
31161,Sheridan,NORTHWEST,2000,2.63,36000.0,2443.6,337.8,141.9,77.6,39,,
31161,Sheridan,NORTHWEST,2001,2.81,37000.0,2473.5,354.0,110.7,143.1,34,-19.6,4.0
31161,Sheridan,NORTHWEST,2002,2.29,31000.0,2454.0,224.6,56.0,89.2,37,-16.7,0.0
31161,Sheridan,NORTHWEST,2003,3.03,33000.0,2368.1,322.5,169.2,50.4,48,-21.8,2.0
31161,Sheridan,NORTHWEST,2004,2.76,28000.0,2296.7,336.0,101.9,98.2,24,-18.8,1.0
31161,Sheridan,NORTHWEST,2005,2.79,38000.0,2406.4,418.7,223.2,99.4,29,-17.6,0.0
31161,Sheridan,NORTHWEST,2006,2.32,35000.0,2491.0,286.7,93.4,97.7,36,-20.7,4.0
31161,Sheridan,NORTHWEST,2007,2.01,31000.0,2504.5,294.0,100.5,110.8,40,-19.4,4.0
31161,Sheridan,NORTHWEST,2008,2.45,28000.0,2253.2,396.5,156.7,137.7,26,-17.9,0.0
31161,Sheridan,NORTHWEST,2009,2.65,27500.0,2174.3,449.0,176.6,161.4,10,-21.8,4.0
31161,Sheridan,NORTHWEST,2010,3.15,26000.0,2311.4,437.0,186.1,132.0,29,-21.9,3.0
31161,Sheridan,NORTHWEST,2011,3.1,23300.0,2295.9,447.0,224.8,141.9,33,-22.5,8.0
31161,Sheridan,NORTHWEST,2012,2.2,23000.0,2675.1,160.4,67.3,30.1,47,-16.9,0.0
31161,Sheridan,NORTHWEST,2013,2.6,24000.0,2456.5,366.3,143.0,119.4,26,-16.3,0.0
31161,Sheridan,NORTHWEST,2014,3.4,29200.0,2275.0,471.2,206.1,141.7,20,-22.1,7.0
31161,Sheridan,NORTHWEST,2015,2.85,32800.0,2362.0,436.3,260.5,95.6,24,-19.2,2.0
31161,Sheridan,NORTHWEST,2016,3.0,29900.0,2411.4,386.5,106.9,137.4,22,-14.2,0.0
31161,Sheridan,NORTHWEST,2017,1.85,35500.0,2363.8,353.2,128.3,135.1,29,-22.9,5.0
31161,Sheridan,NORTHWEST,2018,2.55,33100.0,2382.2,451.7,247.9,130.2,19,-21.8,5.0
31163,Sherman,CENTRAL,2000,2.66,28000.0,2765.2,338.2,111.8,155.2,39,,
31163,Sherman,CENTRAL,2001,2.84,31000.0,2724.1,490.9,187.1,135.4,38,-18.3,1.0
31163,Sherman,CENTRAL,2002,2.62,29000.0,2754.2,350.9,146.5,114.4,40,-14.1,0.0
31163,Sherman,CENTRAL,2003,3.57,31000.0,2634.2,461.7,217.4,56.9,49,-18.7,1.0
31163,Sherman,CENTRAL,2004,3.56,24000.0,2634.2,482.7,172.8,155.1,15,-20.1,5.0
31163,Sherman,CENTRAL,2005,3.5,23000.0,2736.2,509.6,259.2,144.3,28,-19.2,3.0
31163,Sherman,CENTRAL,2006,3.09,22000.0,2738.0,527.2,134.8,212.8,26,-20.3,2.0
31163,Sherman,CENTRAL,2007,3.78,19100.0,2657.7,688.4,254.1,257.6,21,-18.5,3.0
31163,Sherman,CENTRAL,2008,4.1,16200.0,2420.9,689.8,381.3,148.0,9,-17.5,0.0
31163,Sherman,CENTRAL,2009,3.95,17000.0,2434.1,470.0,211.5,169.6,10,-22.3,7.0
31163,Sherman,CENTRAL,2010,4.1,16600.0,2638.7,627.5,330.0,182.4,18,-25.4,10.0
31163,Sherman,CENTRAL,2011,3.95,14100.0,2555.4,585.1,261.5,220.2,22,-22.6,5.0
31163,Sherman,CENTRAL,2012,2.2,14200.0,2905.8,266.5,134.8,48.7,48,-19.5,2.0
31163,Sherman,CENTRAL,2013,2.7,12700.0,2667.8,504.1,206.0,141.9,28,-15.2,0.0
31163,Sherman,CENTRAL,2014,3.4,14400.0,2561.2,644.8,256.9,220.6,17,-22.8,5.0
31163,Sherman,CENTRAL,2015,2.8,14200.0,2656.0,553.0,252.8,151.1,19,-19.6,2.0
31163,Sherman,CENTRAL,2018,4.65,14800.0,2668.2,579.9,267.3,204.6,17,-22.3,5.0
31165,Sioux,NORTHWEST,2000,2.43,26000.0,2366.5,284.8,86.6,68.6,41,,
31165,Sioux,NORTHWEST,2001,2.6,25000.0,2440.8,280.7,88.0,106.8,42,-18.7,4.0
31165,Sioux,NORTHWEST,2002,2.73,23000.0,2374.2,197.3,49.3,79.3,34,-16.6,0.0
31165,Sioux,NORTHWEST,2003,2.68,23000.0,2307.7,298.7,129.0,59.4,48,-22.7,2.0
31165,Sioux,NORTHWEST,2004,3.06,17000.0,2211.8,276.5,76.7,81.7,24,-18.1,1.0
31165,Sioux,NORTHWEST,2005,2.95,22000.0,2295.3,392.1,203.2,121.7,29,-17.6,0.0
31165,Sioux,NORTHWEST,2006,2.35,22000.0,2416.3,218.8,86.8,74.9,35,-21.7,3.0
31165,Sioux,NORTHWEST,2007,2.92,20400.0,2441.4,215.8,71.5,80.8,42,-20.1,3.0
31165,Sioux,NORTHWEST,2008,3.05,19000.0,2203.0,321.5,143.4,100.0,32,-18.4,1.0
31165,Sioux,NORTHWEST,2009,2.95,19400.0,2145.5,373.8,163.9,108.1,16,-22.9,5.0
31165,Sioux,NORTHWEST,2010,2.75,18000.0,2223.8,389.8,205.2,84.2,31,-21.8,4.0
31165,Sioux,NORTHWEST,2011,2.6,14500.0,2249.6,366.3,217.3,77.4,40,-23.8,6.0
31165,Sioux,NORTHWEST,2012,3.5,14000.0,2605.7,148.3,68.4,40.0,43,-16.0,0.0
31165,Sioux,NORTHWEST,2013,2.5,17800.0,2412.4,268.0,81.5,83.9,34,-17.6,0.0
31165,Sioux,NORTHWEST,2014,2.9,21400.0,2227.3,394.9,149.6,103.3,22,-22.6,10.0
31165,Sioux,NORTHWEST,2015,2.7,25900.0,2297.9,448.3,275.0,92.8,24,-19.7,2.0
31165,Sioux,NORTHWEST,2016,2.4,22800.0,2347.5,294.6,83.5,92.5,26,-14.3,0.0
31165,Sioux,NORTHWEST,2017,3.25,22600.0,2296.0,278.9,127.2,71.5,30,-21.2,4.0
31165,Sioux,NORTHWEST,2018,3.25,23000.0,2343.4,364.3,206.0,97.2,23,-19.7,5.0
31167,Stanton,NORTHEAST,2000,3.64,19500.0,2717.0,401.9,184.8,147.2,36,,
31167,Stanton,NORTHEAST,2001,3.93,20000.0,2607.1,559.6,214.4,172.5,30,-23.6,16.0
31167,Stanton,NORTHEAST,2002,3.27,18500.0,2688.1,406.0,143.3,165.0,38,-16.6,0.0
31167,Stanton,NORTHEAST,2003,3.74,20000.0,2509.2,531.5,207.7,110.9,33,-22.5,4.0
31167,Stanton,NORTHEAST,2004,4.04,17000.0,2540.5,507.8,226.5,135.1,12,-23.4,8.0
31167,Stanton,NORTHEAST,2005,4.11,17500.0,2730.4,528.4,243.1,115.0,35,-20.2,5.0
31167,Stanton,NORTHEAST,2006,3.96,16100.0,2667.4,528.3,118.9,180.1,31,-21.2,6.0
31167,Stanton,NORTHEAST,2007,4.26,14400.0,2621.0,658.2,178.6,282.1,24,-22.0,10.0
31167,Stanton,NORTHEAST,2008,4.35,12900.0,2420.3,589.6,303.0,114.1,8,-22.8,6.0
31167,Stanton,NORTHEAST,2009,4.35,12800.0,2374.7,494.2,184.8,199.5,11,-27.2,12.0
31167,Stanton,NORTHEAST,2010,4.75,11600.0,2570.6,720.4,313.7,253.9,8,-30.1,21.0
31167,Stanton,NORTHEAST,2011,5.15,9600.0,2520.0,532.8,265.2,158.4,24,-26.9,6.0
31167,Stanton,NORTHEAST,2012,3.5,9300.0,2877.3,312.8,174.8,44.7,47,-19.4,1.0
31167,Stanton,NORTHEAST,2013,4.5,8500.0,2554.8,499.2,219.6,130.7,25,-19.6,2.0
31167,Stanton,NORTHEAST,2016,5.05,9170.0,2640.0,635.2,204.1,180.6,13,-23.7,4.0
31167,Stanton,NORTHEAST,2017,4.75,9760.0,2587.5,576.5,170.4,225.8,23,-23.3,3.0
31167,Stanton,NORTHEAST,2018,5.6,9660.0,2568.2,653.6,339.7,184.1,5,-25.0,11.0
31169,Thayer,SOUTHEAST,2000,2.08,7300.0,2930.4,369.0,151.1,140.5,47,,
31169,Thayer,SOUTHEAST,2001,3.41,7900.0,2839.9,684.4,309.7,192.5,40,-22.6,3.0
31169,Thayer,SOUTHEAST,2002,2.99,8400.0,2908.3,383.7,169.1,118.3,46,-15.0,0.0
31169,Thayer,SOUTHEAST,2003,2.91,8900.0,2733.1,574.4,257.4,86.6,51,-19.0,1.0
31169,Thayer,SOUTHEAST,2004,3.71,7900.0,2769.9,544.0,258.4,165.9,14,-22.9,8.0
31169,Thayer,SOUTHEAST,2005,3.33,7000.0,2875.6,594.6,195.9,246.7,28,-20.7,4.0
31169,Thayer,SOUTHEAST,2006,2.79,7400.0,2875.7,610.2,163.5,250.4,33,-17.9,0.0
31169,Thayer,SOUTHEAST,2007,3.81,6600.0,2797.2,741.7,298.9,276.9,28,-20.6,2.0
31169,Thayer,SOUTHEAST,2008,4.5,6100.0,2588.0,727.0,269.0,247.2,17,-17.9,0.0
31169,Thayer,SOUTHEAST,2009,3.85,5900.0,2652.2,501.3,171.0,176.3,18,-20.9,5.0
31169,Thayer,SOUTHEAST,2010,4.0,5300.0,2883.5,667.5,296.3,188.0,33,-25.4,8.0
31169,Thayer,SOUTHEAST,2013,3.65,4600.0,2776.2,551.4,197.6,201.9,30,-14.3,0.0
31169,Thayer,SOUTHEAST,2014,4.5,5410.0,2789.2,577.8,235.1,192.0,31,-22.6,5.0
31169,Thayer,SOUTHEAST,2018,5.1,4650.0,2921.8,628.1,243.8,202.3,32,-22.0,4.0
31171,Thomas,NORTH,2000,3.8,2300.0,2588.7,331.3,154.3,89.9,43,,
31171,Thomas,NORTH,2001,3.5,1800.0,2536.7,504.0,119.8,185.7,34,-18.9,4.0
31171,Thomas,NORTH,2002,3.79,1500.0,2597.2,255.1,77.9,102.1,39,-15.3,0.0
31171,Thomas,NORTH,2003,4.49,1400.0,2499.7,320.8,156.6,57.5,44,-19.4,1.0
31171,Thomas,NORTH,2004,3.55,1400.0,2426.8,450.6,126.8,181.0,17,-18.1,3.0
31171,Thomas,NORTH,2005,4.16,1500.0,2579.3,336.3,165.0,93.0,37,-18.6,2.0
31171,Thomas,NORTH,2006,4.93,1400.0,2659.4,271.2,79.7,94.6,36,-21.0,3.0
31171,Thomas,NORTH,2007,4.28,1400.0,2562.5,481.6,231.4,118.2,36,-19.7,4.0
31171,Thomas,NORTH,2011,4.65,1100.0,2400.4,452.1,198.5,178.2,30,-21.6,9.0
31171,Thomas,NORTH,2012,3.9,1000.0,2783.1,205.8,54.0,49.4,45,-18.8,1.0
31171,Thomas,NORTH,2013,4.65,800.0,2530.7,437.9,190.5,156.6,24,-15.7,0.0
31171,Thomas,NORTH,2017,4.3,850.0,2476.9,454.7,111.9,183.6,26,-21.1,4.0
31171,Thomas,NORTH,2018,3.8,1130.0,2447.0,590.4,321.5,166.0,17,-22.4,6.0
31173,Thurston,NORTHEAST,2000,3.8,12000.0,2732.6,410.7,159.5,172.3,37,,
31173,Thurston,NORTHEAST,2001,3.71,14000.0,2617.0,570.5,235.6,173.9,32,-26.4,16.0
31173,Thurston,NORTHEAST,2002,3.12,12500.0,2693.2,447.8,143.8,189.9,35,-17.5,0.0
31173,Thurston,NORTHEAST,2003,3.81,14000.0,2538.1,499.8,202.9,112.6,34,-22.2,5.0
31173,Thurston,NORTHEAST,2004,3.61,13500.0,2580.1,496.4,216.6,140.6,10,-22.6,8.0
31173,Thurston,NORTHEAST,2005,4.21,11500.0,2781.2,468.6,218.1,104.1,38,-20.9,5.0
31173,Thurston,NORTHEAST,2006,4.01,10100.0,2709.3,495.5,85.6,191.6,32,-20.8,4.0
31173,Thurston,NORTHEAST,2007,3.9,9400.0,2663.5,673.9,194.4,280.3,27,-21.5,9.0
31173,Thurston,NORTHEAST,2008,4.1,9300.0,2466.2,613.7,293.6,138.0,5,-23.1,7.0
31173,Thurston,NORTHEAST,2009,3.7,9300.0,2402.5,539.4,194.8,235.5,7,-26.5,13.0
31173,Thurston,NORTHEAST,2010,4.2,9900.0,2614.3,744.5,299.2,291.2,7,-32.2,25.0
31173,Thurston,NORTHEAST,2011,4.0,8500.0,2567.0,542.5,277.2,158.3,24,-27.1,9.0
31173,Thurston,NORTHEAST,2012,3.8,9200.0,2879.9,374.4,203.0,62.6,48,-19.0,1.0
31173,Thurston,NORTHEAST,2013,3.9,9600.0,2575.3,508.5,238.8,107.8,23,-19.9,2.0
31173,Thurston,NORTHEAST,2016,5.05,11500.0,2668.8,658.2,177.0,210.2,12,-22.7,5.0
31173,Thurston,NORTHEAST,2018,4.9,11800.0,2622.3,697.5,343.9,200.2,7,-25.4,11.0
31175,Valley,CENTRAL,2000,2.7,28000.0,2712.1,330.9,121.5,134.8,43,,
31175,Valley,CENTRAL,2001,3.46,29000.0,2657.6,472.5,150.2,147.6,35,-18.8,3.0
31175,Valley,CENTRAL,2002,2.73,27000.0,2697.0,332.0,129.1,119.4,41,-14.2,0.0
31175,Valley,CENTRAL,2003,3.56,31000.0,2566.9,449.7,201.3,72.3,42,-20.0,4.0
31175,Valley,CENTRAL,2004,3.18,26000.0,2545.9,545.2,209.5,162.2,13,-20.1,5.0
31175,Valley,CENTRAL,2005,3.14,25000.0,2669.7,505.2,253.3,141.8,27,-18.8,2.0
31175,Valley,CENTRAL,2006,2.75,24800.0,2686.0,516.4,118.7,190.4,27,-21.8,5.0
31175,Valley,CENTRAL,2007,4.04,22700.0,2590.9,691.3,264.8,229.9,19,-19.5,4.0
31175,Valley,CENTRAL,2008,3.65,17300.0,2360.1,676.0,383.3,132.4,6,-19.5,1.0
31175,Valley,CENTRAL,2009,3.75,18000.0,2354.9,505.0,214.7,210.4,8,-24.4,7.0
31175,Valley,CENTRAL,2010,3.6,17000.0,2555.9,645.3,353.0,179.5,15,-25.7,10.0
31175,Valley,CENTRAL,2011,2.95,16000.0,2486.4,548.8,261.5,190.6,22,-21.3,6.0
31175,Valley,CENTRAL,2012,1.9,16000.0,2852.4,246.7,115.9,35.5,45,-19.6,2.0
31175,Valley,CENTRAL,2013,2.2,13500.0,2597.2,541.7,213.9,165.7,27,-16.1,0.0
31177,Washington,EAST,2000,3.33,11500.0,2775.8,424.0,165.5,184.6,37,,
31177,Washington,EAST,2001,3.82,12000.0,2667.8,572.0,267.2,155.2,32,-25.1,15.0
31177,Washington,EAST,2002,3.53,15000.0,2753.6,442.8,138.3,200.5,37,-16.6,0.0
31177,Washington,EAST,2003,2.92,14000.0,2597.6,474.6,211.4,93.8,42,-22.2,4.0
31177,Washington,EAST,2004,3.51,12500.0,2630.7,485.5,211.5,166.1,11,-23.7,9.0
31177,Washington,EAST,2005,3.55,12500.0,2828.1,455.6,202.7,122.4,40,-20.0,5.0
31177,Washington,EAST,2006,3.38,12400.0,2744.2,539.0,92.5,221.5,31,-19.0,2.0
31177,Washington,EAST,2007,3.94,12000.0,2693.9,688.5,222.2,286.8,28,-20.3,9.0
31177,Washington,EAST,2008,3.7,11400.0,2497.3,666.7,343.7,122.4,5,-21.8,3.0
31177,Washington,EAST,2009,3.85,10900.0,2483.8,525.3,201.3,218.2,12,-26.2,9.0
31177,Washington,EAST,2010,4.75,9300.0,2680.9,759.0,325.4,265.5,14,-30.1,21.0
31177,Washington,EAST,2011,4.7,7500.0,2626.1,574.8,274.8,193.2,24,-23.9,4.0
31177,Washington,EAST,2012,3.15,7200.0,2918.9,366.0,194.2,58.2,47,-18.0,1.0
31177,Washington,EAST,2013,4.3,6300.0,2629.1,515.2,256.7,92.5,25,-19.2,2.0
31177,Washington,EAST,2014,4.6,8340.0,2533.1,816.1,376.3,253.2,12,-24.1,12.0
31177,Washington,EAST,2015,4.2,7920.0,2605.6,757.0,276.9,250.6,16,-21.1,9.0
31177,Washington,EAST,2016,4.3,6610.0,2702.4,724.1,205.4,251.6,11,-21.8,4.0
31177,Washington,EAST,2017,4.9,7430.0,2683.6,583.4,213.3,199.5,21,-22.8,3.0
31179,Wayne,NORTHEAST,2000,3.34,23000.0,2717.0,401.9,184.8,147.2,36,,
31179,Wayne,NORTHEAST,2001,3.93,23000.0,2607.1,559.6,214.4,172.5,30,-23.6,16.0
31179,Wayne,NORTHEAST,2002,3.76,19000.0,2688.1,406.0,143.3,165.0,38,-16.6,0.0
31179,Wayne,NORTHEAST,2003,4.35,21000.0,2509.2,531.5,207.7,110.9,33,-22.5,4.0
31179,Wayne,NORTHEAST,2004,4.53,18000.0,2540.5,507.8,226.5,135.1,12,-23.4,8.0
31179,Wayne,NORTHEAST,2005,4.48,17500.0,2730.4,528.4,243.1,115.0,35,-20.2,5.0
31179,Wayne,NORTHEAST,2006,3.9,16500.0,2667.4,528.3,118.9,180.1,31,-21.2,6.0
31179,Wayne,NORTHEAST,2007,4.16,15100.0,2621.0,658.2,178.6,282.1,24,-22.0,10.0
31179,Wayne,NORTHEAST,2008,4.65,13900.0,2420.3,589.6,303.0,114.1,8,-22.8,6.0
31179,Wayne,NORTHEAST,2009,4.3,13700.0,2374.7,494.2,184.8,199.5,11,-27.2,12.0
31179,Wayne,NORTHEAST,2010,4.7,13300.0,2570.6,720.4,313.7,253.9,8,-30.1,21.0
31179,Wayne,NORTHEAST,2011,5.15,11300.0,2520.0,532.8,265.2,158.4,24,-26.9,6.0
31179,Wayne,NORTHEAST,2012,3.5,11500.0,2877.3,312.8,174.8,44.7,47,-19.4,1.0
31179,Wayne,NORTHEAST,2013,3.8,10700.0,2554.8,499.2,219.6,130.7,25,-19.6,2.0
31179,Wayne,NORTHEAST,2017,5.2,10100.0,2587.5,576.5,170.4,225.8,23,-23.3,3.0
31181,Webster,SOUTH,2000,3.02,12000.0,2887.4,338.9,136.1,134.4,47,,
31181,Webster,SOUTH,2001,3.71,14000.0,2840.9,568.5,253.7,171.6,40,-19.0,1.0
31181,Webster,SOUTH,2002,2.63,15000.0,2868.7,340.7,156.6,102.5,44,-14.0,0.0
31181,Webster,SOUTH,2003,3.6,15000.0,2733.5,467.4,200.4,82.8,52,-16.4,0.0
31181,Webster,SOUTH,2004,3.71,13000.0,2770.5,496.0,183.8,176.4,21,-20.6,6.0
31181,Webster,SOUTH,2005,3.64,11000.0,2830.9,549.1,210.6,235.1,27,-19.0,3.0
31181,Webster,SOUTH,2006,3.3,11000.0,2856.1,517.9,175.1,202.6,32,-17.3,0.0
31181,Webster,SOUTH,2007,3.73,9500.0,2781.7,643.0,277.8,232.5,31,-18.6,2.0
31181,Webster,SOUTH,2008,4.35,8600.0,2588.7,665.1,281.6,237.3,17,-16.3,0.0
31181,Webster,SOUTH,2009,3.8,8500.0,2613.6,456.7,158.6,197.7,15,-19.3,3.0
31181,Webster,SOUTH,2010,4.45,8200.0,2812.9,661.6,306.2,199.7,30,-22.2,5.0
31181,Webster,SOUTH,2011,4.1,7300.0,2714.9,643.2,285.3,273.2,34,-21.8,4.0
31181,Webster,SOUTH,2012,3.8,7500.0,2997.7,313.9,105.1,99.7,41,-17.5,0.0
31181,Webster,SOUTH,2013,4.1,7300.0,2802.7,451.8,156.3,171.1,32,-14.3,0.0
31181,Webster,SOUTH,2014,3.1,8080.0,2752.8,565.6,239.9,208.7,27,-21.8,4.0
31181,Webster,SOUTH,2015,3.95,7550.0,2835.6,571.8,280.1,198.7,23,-16.8,0.0
31183,Wheeler,NORTH,2000,2.23,5500.0,2671.4,354.9,154.0,124.4,42,,
31183,Wheeler,NORTH,2001,2.67,5600.0,2598.7,504.3,147.9,169.3,33,-20.7,7.0
31183,Wheeler,NORTH,2002,3.27,3900.0,2664.5,319.0,107.4,127.0,39,-15.4,0.0
31183,Wheeler,NORTH,2003,3.27,5200.0,2521.6,427.2,185.9,89.3,37,-20.7,4.0
31183,Wheeler,NORTH,2004,3.45,4600.0,2497.0,549.1,220.2,148.9,14,-20.6,3.0
31183,Wheeler,NORTH,2005,3.77,3700.0,2638.5,529.7,255.5,134.9,27,-18.9,2.0
31183,Wheeler,NORTH,2006,3.55,3900.0,2657.0,461.3,105.1,147.2,32,-24.1,7.0
31183,Wheeler,NORTH,2007,3.63,4200.0,2577.9,654.7,249.3,208.2,24,-20.3,6.0
31183,Wheeler,NORTH,2009,3.7,4000.0,2329.9,495.1,195.4,224.0,9,-24.0,9.0
31183,Wheeler,NORTH,2010,3.9,3600.0,2516.5,667.7,348.8,191.0,15,-26.8,11.0
31183,Wheeler,NORTH,2011,3.05,2900.0,2446.9,525.1,255.0,177.1,26,-21.5,7.0
31183,Wheeler,NORTH,2013,2.45,3000.0,2541.2,544.5,213.6,180.5,26,-17.5,0.0
31183,Wheeler,NORTH,2014,3.2,2980.0,2466.9,544.6,238.3,200.6,14,-24.0,11.0
31183,Wheeler,NORTH,2015,3.2,2990.0,2566.3,549.3,220.5,184.2,24,-22.5,13.0
31183,Wheeler,NORTH,2016,3.5,3020.0,2571.3,578.7,182.5,161.1,17,-21.1,4.0
31183,Wheeler,NORTH,2017,3.25,3000.0,2545.8,539.4,124.5,228.0,20,-22.1,3.0
31183,Wheeler,NORTH,2018,3.8,3180.0,2512.0,639.5,286.6,222.9,11,-24.4,8.0
31185,York,EAST,2000,3.69,4100.0,2815.3,352.9,126.2,157.5,41,,
31185,York,EAST,2001,3.84,4500.0,2743.4,522.7,231.4,125.9,39,-20.3,8.0
31185,York,EAST,2002,3.62,4400.0,2811.1,374.4,154.6,121.7,41,-14.3,0.0
31185,York,EAST,2003,4.14,4900.0,2637.0,492.7,219.1,66.8,48,-21.3,2.0
31185,York,EAST,2004,4.25,4500.0,2701.4,457.1,187.6,141.7,14,-23.3,7.0
31185,York,EAST,2005,4.43,4400.0,2824.8,502.0,226.3,145.5,31,-20.3,5.0
31185,York,EAST,2006,3.93,4600.0,2779.6,552.3,135.3,217.7,27,-20.4,3.0
31185,York,EAST,2007,4.48,3900.0,2698.9,694.4,241.2,282.2,16,-18.5,2.0
31185,York,EAST,2008,4.05,2900.0,2460.4,698.2,371.7,158.3,7,-19.5,2.0
31185,York,EAST,2009,3.95,2600.0,2524.1,447.8,199.7,159.6,14,-22.3,7.0
31185,York,EAST,2010,4.65,2600.0,2739.3,609.3,317.8,171.4,20,-26.8,13.0
31185,York,EAST,2011,4.65,2200.0,2634.5,590.7,263.3,223.4,25,-21.2,5.0
31185,York,EAST,2012,4.85,1900.0,2948.3,286.9,162.7,46.9,49,-18.9,1.0
31185,York,EAST,2013,4.55,1700.0,2688.7,496.6,224.0,125.3,28,-16.8,0.0
31185,York,EAST,2014,5.15,1980.0,2601.1,683.2,271.6,227.8,15,-23.2,6.0
31185,York,EAST,2015,4.15,1830.0,2675.2,617.3,290.2,167.4,11,-20.9,6.0
31185,York,EAST,2016,4.8,1570.0,2779.6,522.2,155.0,152.7,23,-20.0,2.0
31185,York,EAST,2017,5.1,1670.0,2713.7,576.1,191.4,225.2,18,-21.4,3.0
31185,York,EAST,2018,4.1,1740.0,2744.1,592.4,260.0,213.4,14,-23.7,4.0
