fips,year,gdd_season,precip_season_mm,precip_early_mm,precip_late_mm,heat_days,winter_min_c,freeze_days
31001,2000,2804.0,367.0,130.0,168.6,41,,
31001,2001,2766.5,507.8,194.5,160.4,41,-17.4,0.0
31001,2002,2804.0,311.8,128.6,105.3,42,-14.1,0.0
31001,2003,2674.6,438.0,210.9,49.6,51,-17.7,0.0
31001,2004,2695.4,482.2,168.4,154.2,20,-20.2,6.0
31001,2005,2770.0,506.3,255.5,171.1,27,-19.4,3.0
31001,2006,2778.8,503.3,156.9,209.8,27,-19.4,2.0
31001,2007,2691.3,662.2,272.7,227.6,26,-18.6,1.0
31001,2008,2483.1,658.8,337.9,175.1,12,-16.5,0.0
31001,2009,2504.8,460.4,195.4,166.0,13,-20.8,4.0
31001,2010,2690.0,683.9,330.1,209.5,20,-24.0,6.0
31001,2011,2603.7,621.4,264.5,252.8,26,-23.0,4.0
31001,2012,2931.3,303.4,127.9,78.7,43,-19.3,1.0
31001,2013,2714.7,468.4,165.0,154.9,32,-15.0,0.0
31001,2014,2633.7,593.9,242.8,211.9,20,-22.5,5.0
31001,2015,2719.4,554.9,277.2,153.4,19,-18.5,1.0
31001,2016,2759.7,489.9,128.2,143.2,29,-16.8,0.0
31001,2017,2714.8,547.7,194.8,197.3,21,-20.4,3.0
31001,2018,2741.0,578.2,241.2,196.2,28,-21.7,5.0
31001,2019,2631.9,705.0,328.7,312.7,3,-18.9,3.0
31001,2020,2653.6,363.8,191.1,129.0,21,-16.0,0.0
31001,2021,2753.1,430.7,174.3,173.0,26,-28.0,7.0
31001,2022,2852.6,366.5,165.3,114.7,40,-17.6,0.0
31001,2023,2891.8,407.9,175.2,147.2,34,-24.0,4.0
31001,2024,2847.9,446.2,205.9,157.0,27,-27.9,8.0
31001,2025,2812.5,525.5,232.2,199.6,27,-24.3,8.0
31003,2000,2688.8,344.7,152.4,117.9,38,,
31003,2001,2611.3,495.5,149.4,164.3,33,-21.8,10.0
31003,2002,2673.0,325.5,110.2,127.3,40,-15.4,0.0
31003,2003,2516.6,422.6,182.0,90.1,34,-21.7,4.0
31003,2004,2498.4,544.2,221.5,147.4,13,-21.9,5.0
31003,2005,2653.4,525.2,252.6,129.8,23,-19.0,3.0
31003,2006,2650.4,476.0,108.7,154.3,32,-25.5,7.0
31003,2007,2560.0,658.8,245.7,217.2,16,-19.9,8.0
31003,2008,2337.1,624.0,335.0,137.4,7,-21.8,3.0
31003,2009,2323.6,486.8,189.9,224.4,8,-23.9,9.0
31003,2010,2514.8,660.4,350.0,184.8,9,-27.3,11.0
31003,2011,2454.1,539.1,259.4,185.8,20,-23.2,9.0
31003,2012,2824.5,255.6,112.3,39.3,47,-20.1,2.0
31003,2013,2530.7,545.8,220.2,176.1,24,-18.6,2.0
31003,2014,2467.5,544.9,233.8,200.1,10,-24.0,12.0
31003,2015,2560.1,581.7,223.8,208.3,19,-23.5,13.0
31003,2016,2568.5,578.1,193.3,158.1,14,-22.7,3.0
31003,2017,2530.3,559.0,144.9,226.8,19,-22.4,3.0
31003,2018,2514.0,615.2,302.6,200.0,4,-24.6,9.0
31003,2019,2439.0,614.5,250.2,217.3,4,-23.5,11.0
31003,2020,2558.9,337.7,168.0,128.5,23,-20.5,4.0
31003,2021,2666.1,428.0,140.1,209.6,28,-27.2,8.0
31003,2022,2720.7,330.7,143.5,104.4,35,-20.0,7.0
31003,2023,2763.3,420.2,156.0,184.9,24,-25.9,8.0
31003,2024,2653.9,517.4,287.7,115.4,19,-32.7,8.0
31003,2025,2643.7,625.2,258.9,288.5,13,-24.5,11.0
31005,2000,2589.3,273.4,100.3,82.4,48,,
31005,2001,2530.5,447.2,100.7,167.9,38,-18.0,1.0
31005,2002,2556.6,275.6,68.1,143.6,32,-16.7,0.0
31005,2003,2486.1,311.1,137.4,75.0,47,-18.5,1.0
31005,2004,2391.5,447.0,122.7,184.9,20,-18.3,2.0
31005,2005,2512.8,383.1,196.3,113.6,34,-16.8,0.0
31005,2006,2595.2,308.6,109.1,110.8,35,-20.6,2.0
31005,2007,2514.0,510.7,230.1,153.3,32,-19.9,1.0
31005,2008,2348.8,419.8,172.8,117.3,28,-18.5,1.0
31005,2009,2237.3,536.6,224.1,165.5,10,-21.1,4.0
31005,2010,2419.3,507.6,196.6,197.5,29,-21.1,3.0
31005,2011,2370.4,513.9,223.6,194.4,32,-21.8,8.0
31005,2012,2752.5,190.3,47.8,50.1,45,-15.2,0.0
31005,2013,2542.4,387.7,191.9,111.9,27,-16.2,0.0
31005,2014,2404.6,479.0,260.2,147.9,26,-21.7,5.0
31005,2015,2465.1,491.9,266.9,113.6,26,-18.5,2.0
31005,2016,2495.3,393.4,129.8,128.8,26,-14.2,0.0
31005,2017,2476.8,380.3,107.6,163.5,28,-20.6,4.0
31005,2018,2495.5,466.7,248.7,133.8,23,-21.8,5.0
31005,2019,2437.5,468.0,201.2,192.1,24,-18.8,2.0
31005,2020,2565.6,245.1,141.0,66.5,42,-13.5,0.0
31005,2021,2605.4,305.8,134.1,82.9,43,-24.7,6.0
31005,2022,2653.3,231.4,100.6,82.3,45,-19.6,2.0
31005,2023,2578.0,392.4,218.5,128.0,33,-26.0,8.0
31005,2024,2676.5,325.1,127.2,120.5,30,-25.2,5.0
31005,2025,2598.2,374.7,212.3,99.6,37,-23.2,6.0
31007,2000,2490.5,246.8,79.4,69.0,46,,
31007,2001,2505.0,312.7,107.8,95.9,42,-17.4,0.0
31007,2002,2476.1,182.6,46.8,96.3,38,-16.1,0.0
31007,2003,2396.8,282.2,118.2,77.8,50,-20.7,1.0
31007,2004,2290.0,323.1,97.3,101.0,24,-17.5,0.0
31007,2005,2370.5,390.9,193.2,124.6,30,-16.4,0.0
31007,2006,2483.9,234.3,82.3,103.8,33,-20.5,2.0
31007,2007,2490.1,289.3,83.0,133.7,38,-19.8,3.0
31007,2008,2290.6,309.7,109.0,133.6,32,-18.2,2.0
31007,2009,2211.8,407.4,190.8,110.9,17,-21.5,2.0
31007,2010,2337.1,354.8,175.2,88.4,33,-22.2,3.0
31007,2011,2342.6,364.0,186.1,108.5,44,-23.3,4.0
31007,2012,2681.8,148.1,54.7,41.1,46,-16.6,0.0
31007,2013,2460.9,317.2,74.1,80.4,38,-17.2,0.0
31007,2014,2330.2,355.0,155.4,102.0,24,-21.6,6.0
31007,2015,2353.7,474.8,252.5,109.2,26,-22.4,4.0
31007,2016,2396.5,314.0,102.2,98.8,31,-14.4,0.0
31007,2017,2375.0,290.0,123.2,78.2,33,-20.3,3.0
31007,2018,2450.2,346.8,198.9,88.8,28,-17.9,0.0
31007,2019,2354.7,389.7,179.6,133.7,31,-19.5,1.0
31007,2020,2470.6,197.6,104.4,56.6,43,-13.1,0.0
31007,2021,2527.7,189.6,93.7,43.4,44,-24.6,5.0
31007,2022,2558.9,195.4,84.4,71.9,43,-20.4,1.0
31007,2023,2442.6,419.4,250.0,123.9,32,-26.6,7.0
31007,2024,2605.8,231.4,77.2,100.0,38,-25.7,5.0
31007,2025,2522.3,346.2,174.2,119.9,36,-23.6,3.0
31009,2000,2622.3,361.4,155.5,117.5,42,,
31009,2001,2555.1,526.4,140.1,164.2,32,-18.1,1.0
31009,2002,2641.6,256.8,85.3,99.6,39,-14.8,0.0
31009,2003,2518.2,362.8,181.7,61.0,46,-19.5,4.0
31009,2004,2475.4,451.6,139.9,159.4,18,-18.1,2.0
31009,2005,2617.1,381.3,182.4,112.9,33,-18.8,2.0
31009,2006,2692.9,284.2,66.1,95.4,35,-22.1,6.0
31009,2007,2572.6,554.0,267.9,131.6,33,-20.0,4.0
31009,2008,2351.6,564.6,264.1,149.2,17,-17.8,0.0
31009,2009,2281.0,509.1,208.6,190.7,9,-21.7,6.0
31009,2010,2452.5,654.3,335.5,202.4,19,-22.6,6.0
31009,2011,2426.2,448.7,206.8,170.2,28,-21.4,9.0
31009,2012,2808.2,215.4,62.3,44.7,46,-19.1,1.0
31009,2013,2557.1,471.6,187.6,167.9,24,-15.6,0.0
31009,2014,2446.7,462.3,218.7,159.3,16,-23.4,10.0
31009,2015,2533.5,506.3,231.3,143.6,27,-21.2,5.0
31009,2016,2517.6,537.3,178.4,139.6,19,-18.4,1.0
31009,2017,2502.7,515.1,107.9,235.3,22,-21.4,4.0
31009,2018,2466.3,615.8,302.2,184.9,13,-22.8,7.0
31009,2019,2395.6,699.8,262.4,281.4,7,-20.9,8.0
31009,2020,2498.1,361.8,188.5,136.7,27,-18.3,1.0
31009,2021,2637.4,373.4,124.7,141.1,31,-24.1,9.0
31009,2022,2681.8,301.7,120.6,100.1,39,-19.9,5.0
31009,2023,2665.9,464.2,239.4,147.7,26,-27.2,7.0
31009,2024,2677.3,383.7,206.3,85.9,30,-27.8,6.0
31009,2025,2622.0,527.7,259.1,170.3,28,-24.5,9.0
31011,2000,2742.6,341.1,123.9,141.2,42,,
31011,2001,2678.8,486.7,154.2,151.1,35,-20.3,4.0
31011,2002,2735.3,339.6,132.6,120.7,42,-14.6,0.0
31011,2003,2577.7,450.2,203.7,72.7,40,-21.0,4.0
31011,2004,2584.7,540.3,207.1,160.2,13,-21.3,4.0
31011,2005,2708.5,507.5,252.8,147.2,27,-19.0,3.0
31011,2006,2716.1,507.1,113.0,186.2,28,-22.7,6.0
31011,2007,2608.5,695.0,269.5,228.6,13,-19.0,6.0
31011,2008,2385.6,668.3,371.3,134.0,6,-20.3,2.0
31011,2009,2384.5,511.1,213.8,219.6,8,-24.5,9.0
31011,2010,2595.0,646.5,362.3,172.4,11,-26.8,11.0
31011,2011,2524.2,562.2,267.2,198.8,21,-22.9,6.0
31011,2012,2878.4,250.1,116.4,36.6,47,-19.5,2.0
31011,2013,2611.2,550.8,214.1,174.3,26,-17.3,0.0
31011,2014,2526.9,591.9,246.3,208.4,13,-23.4,7.0
31011,2015,2603.3,609.8,247.0,201.2,16,-20.6,9.0
31011,2016,2652.2,574.6,182.1,162.8,15,-21.0,3.0
31011,2017,2598.4,587.9,175.2,235.8,18,-21.7,3.0
31011,2018,2614.2,578.4,284.0,185.0,8,-23.9,7.0
31011,2019,2521.9,621.0,282.9,233.5,5,-22.1,7.0
31011,2020,2595.5,342.0,174.2,118.9,22,-19.4,1.0
31011,2021,2700.2,434.9,154.8,201.8,32,-27.7,8.0
31011,2022,2780.6,337.1,154.4,89.4,39,-19.2,4.0
31011,2023,2843.1,373.1,123.1,182.3,27,-25.0,4.0
31011,2024,2737.2,553.7,308.1,142.5,19,-33.2,8.0
31011,2025,2704.6,617.6,263.7,270.9,16,-24.8,10.0
31013,2000,2474.7,307.4,100.2,86.7,44,,
31013,2001,2498.6,330.7,97.6,124.7,41,-18.4,1.0
31013,2002,2483.1,201.0,49.4,101.1,38,-16.0,0.0
31013,2003,2398.0,311.8,134.4,76.1,51,-21.4,1.0
31013,2004,2307.5,330.7,99.4,102.5,26,-18.0,0.0
31013,2005,2396.5,406.2,209.6,114.3,32,-15.9,0.0
31013,2006,2511.0,246.6,98.4,83.4,41,-20.1,2.0
31013,2007,2516.6,271.0,88.8,101.8,42,-19.8,2.0
31013,2008,2298.2,346.1,130.8,121.8,32,-18.3,1.0
31013,2009,2204.2,455.3,211.2,130.4,14,-22.1,4.0
31013,2010,2346.6,405.4,190.7,112.0,32,-20.5,3.0
31013,2011,2358.1,399.6,203.0,110.6,41,-23.1,7.0
31013,2012,2706.7,139.5,51.3,31.3,45,-15.5,0.0
31013,2013,2484.1,322.7,106.9,84.4,36,-17.3,0.0
31013,2014,2327.4,413.9,186.1,104.8,28,-21.9,7.0
31013,2015,2366.4,488.5,275.1,111.9,27,-19.2,2.0
31013,2016,2428.2,355.7,105.4,120.1,29,-13.5,0.0
31013,2017,2391.7,325.9,116.7,123.4,31,-19.8,4.0
31013,2018,2425.3,401.0,220.2,111.8,28,-20.1,5.0
31013,2019,2334.8,425.5,189.6,155.9,29,-19.8,2.0
31013,2020,2500.8,192.4,115.8,39.9,43,-13.1,0.0
31013,2021,2561.4,218.2,101.2,50.2,43,-23.7,5.0
31013,2022,2564.8,240.1,107.1,88.2,43,-20.6,3.0
31013,2023,2479.7,409.6,228.7,122.1,33,-27.1,8.0
31013,2024,2606.9,257.4,97.8,90.5,35,-24.7,5.0
31013,2025,2519.4,342.6,205.2,86.2,36,-22.7,5.0
31015,2000,2671.2,328.3,164.0,99.3,47,,
31015,2001,2593.2,512.1,154.4,128.6,30,-22.7,12.0
31015,2002,2684.4,313.3,79.7,135.8,37,-15.7,0.0
31015,2003,2564.8,378.6,174.4,88.0,40,-21.3,3.0
31015,2004,2531.2,444.3,195.7,94.4,20,-21.0,3.0
31015,2005,2662.8,522.0,285.0,68.8,32,-19.8,3.0
31015,2006,2674.8,394.3,78.8,112.9,37,-24.2,8.0
31015,2007,2640.9,486.2,216.2,145.0,35,-20.3,6.0
31015,2008,2417.2,507.1,251.0,139.6,22,-22.7,4.0
31015,2009,2319.4,481.9,178.2,219.8,6,-23.8,10.0
31015,2010,2504.6,704.9,294.8,276.8,18,-29.7,10.0
31015,2011,2452.5,465.1,238.4,149.2,30,-22.7,16.0
31015,2012,2841.1,274.8,105.7,44.6,47,-19.5,1.0
31015,2013,2542.5,532.8,238.3,171.4,21,-19.4,2.0
31015,2014,2492.1,458.9,197.8,184.6,17,-24.0,20.0
31015,2015,2602.9,539.9,205.6,197.1,28,-24.3,16.0
31015,2016,2595.3,555.5,180.0,132.7,21,-22.2,4.0
31015,2017,2547.9,513.5,120.8,213.8,23,-23.1,4.0
31015,2018,2529.4,614.5,229.9,215.1,14,-25.7,14.0
31015,2019,2395.1,699.2,228.4,263.6,6,-24.7,12.0
31015,2020,2558.7,399.9,204.2,164.7,25,-20.8,5.0
31015,2021,2735.6,306.3,84.8,145.7,38,-25.5,8.0
31015,2022,2693.4,354.8,152.8,101.0,41,-20.7,8.0
31015,2023,2817.2,408.8,147.6,162.6,32,-27.3,13.0
31015,2024,2671.6,452.8,249.8,88.4,25,-31.1,8.0
31015,2025,2684.2,510.2,215.9,201.8,23,-24.4,15.0
31017,2000,2596.5,372.5,172.5,112.0,42,,
31017,2001,2525.5,524.0,156.6,154.3,29,-18.9,7.0
31017,2002,2614.0,257.0,74.9,101.8,37,-14.9,0.0
31017,2003,2507.7,351.2,189.8,66.1,42,-20.3,3.0
31017,2004,2469.4,374.7,124.7,116.1,21,-19.5,1.0
31017,2005,2604.3,409.7,203.9,95.2,33,-19.0,2.0
31017,2006,2680.6,268.7,65.3,76.6,37,-20.6,4.0
31017,2007,2586.9,475.5,248.0,113.4,34,-20.2,5.0
31017,2008,2361.6,486.3,239.8,128.5,20,-19.2,3.0
31017,2009,2280.5,457.8,177.0,182.7,12,-22.1,7.0
31017,2010,2460.0,574.2,287.1,170.5,23,-22.9,5.0
31017,2011,2396.7,485.3,223.9,189.9,29,-21.4,9.0
31017,2012,2787.3,220.0,78.9,44.2,45,-20.0,1.0
31017,2013,2534.0,451.2,188.6,160.0,25,-16.5,0.0
31017,2014,2420.5,449.6,214.5,154.9,15,-23.7,12.0
31017,2015,2512.3,509.9,229.9,153.2,30,-21.8,7.0
31017,2016,2510.1,510.1,173.0,132.9,20,-19.8,1.0
31017,2017,2480.9,481.5,118.0,201.7,25,-22.1,4.0
31017,2018,2448.3,610.9,275.9,196.8,13,-23.1,7.0
31017,2019,2352.3,697.5,266.0,250.0,6,-22.1,8.0
31017,2020,2485.7,388.0,207.6,145.5,23,-18.9,1.0
31017,2021,2623.2,404.0,130.4,150.4,30,-24.9,9.0
31017,2022,2653.2,298.8,119.6,87.7,40,-20.8,7.0
31017,2023,2656.0,482.2,230.0,158.8,25,-27.9,10.0
31017,2024,2659.4,363.1,205.4,69.1,32,-29.3,6.0
31017,2025,2606.8,491.5,222.4,152.0,26,-24.6,10.0
31019,2000,2738.5,325.2,108.9,141.9,42,,
31019,2001,2701.5,457.7,131.5,151.6,36,-17.2,0.0
31019,2002,2738.0,292.4,115.0,112.6,44,-13.9,0.0
31019,2003,2616.0,430.6,209.5,46.1,46,-17.4,0.0
31019,2004,2586.4,504.1,162.4,165.6,13,-19.4,3.0
31019,2005,2687.0,461.9,262.1,131.7,27,-18.5,1.0
31019,2006,2725.1,464.1,112.0,201.6,25,-19.7,3.0
31019,2007,2616.8,660.0,257.9,206.2,24,-18.9,2.0
31019,2008,2407.3,671.5,374.8,138.5,13,-17.0,0.0
31019,2009,2377.4,523.4,228.7,194.4,8,-21.0,5.0
31019,2010,2577.3,632.2,311.4,207.7,16,-22.6,6.0
31019,2011,2522.2,528.7,242.8,191.1,27,-22.9,6.0
31019,2012,2875.3,248.3,93.7,48.9,47,-18.7,1.0
31019,2013,2656.5,482.8,175.1,147.8,28,-15.4,0.0
31019,2014,2536.2,566.0,249.1,188.5,18,-22.6,5.0
31019,2015,2654.0,481.5,221.8,130.0,23,-19.6,2.0
31019,2016,2648.7,510.9,140.0,129.6,24,-17.0,0.0
31019,2017,2640.6,530.5,152.6,216.0,19,-20.6,4.0
31019,2018,2624.7,558.0,269.5,191.8,17,-21.6,5.0
31019,2019,2530.1,700.4,287.6,341.7,4,-20.6,6.0
31019,2020,2593.9,326.2,187.2,100.1,27,-17.0,0.0
31019,2021,2701.8,405.1,136.3,171.4,28,-26.2,9.0
31019,2022,2799.5,329.6,141.1,105.1,43,-18.3,1.0
31019,2023,2800.1,417.8,199.9,139.7,29,-25.0,3.0
31019,2024,2760.0,478.0,226.6,151.0,23,-27.5,7.0
31019,2025,2714.4,602.8,295.2,206.1,26,-23.3,9.0
31021,2000,2732.6,410.7,159.5,172.3,37,,
31021,2001,2617.0,570.5,235.6,173.9,32,-26.4,16.0
31021,2002,2693.2,447.8,143.8,189.9,35,-17.5,0.0
31021,2003,2538.1,499.8,202.9,112.6,34,-22.2,5.0
31021,2004,2580.1,496.4,216.6,140.6,10,-22.6,8.0
31021,2005,2781.2,468.6,218.1,104.1,38,-20.9,5.0
31021,2006,2709.3,495.5,85.6,191.6,32,-20.8,4.0
31021,2007,2663.5,673.9,194.4,280.3,27,-21.5,9.0
31021,2008,2466.2,613.7,293.6,138.0,5,-23.1,7.0
31021,2009,2402.5,539.4,194.8,235.5,7,-26.5,13.0
31021,2010,2614.3,744.5,299.2,291.2,7,-32.2,25.0
31021,2011,2567.0,542.5,277.2,158.3,24,-27.1,9.0
31021,2012,2879.9,374.4,203.0,62.6,48,-19.0,1.0
31021,2013,2575.3,508.5,238.8,107.8,23,-19.9,2.0
31021,2014,2467.2,786.8,388.0,243.4,4,-25.2,16.0
31021,2015,2590.0,697.5,225.2,258.2,18,-21.1,11.0
31021,2016,2668.8,658.2,177.0,210.2,12,-22.7,5.0
31021,2017,2634.4,572.0,183.6,215.8,23,-23.2,3.0
31021,2018,2622.3,697.5,343.9,200.2,7,-25.4,11.0
31021,2019,2584.6,611.9,245.9,150.8,6,-27.0,11.0
31021,2020,2673.9,316.6,157.3,90.2,37,-21.7,5.0
31021,2021,2751.1,471.4,170.7,203.2,35,-28.4,11.0
31021,2022,2787.1,332.1,134.2,122.2,39,-19.4,5.0
31021,2023,2842.0,399.4,129.8,178.4,25,-25.7,11.0
31021,2024,2776.4,547.5,294.8,140.4,20,-33.5,10.0
31021,2025,2718.5,661.0,217.3,308.8,10,-25.3,10.0
31023,2000,2824.6,407.3,165.6,171.1,39,,
31023,2001,2731.5,571.7,292.0,124.9,37,-21.7,13.0
31023,2002,2820.2,405.4,143.9,169.8,38,-15.1,0.0
31023,2003,2640.0,503.6,230.4,78.8,49,-21.8,2.0
31023,2004,2701.9,446.0,202.9,139.7,14,-24.8,9.0
31023,2005,2867.0,451.5,182.7,144.8,37,-20.3,5.0
31023,2006,2779.2,573.8,123.9,224.2,31,-19.6,2.0
31023,2007,2719.5,685.4,237.3,279.6,25,-19.2,5.0
31023,2008,2507.5,695.1,361.8,144.0,7,-20.3,3.0
31023,2009,2571.5,457.7,198.1,162.8,15,-24.3,7.0
31023,2010,2756.6,661.2,303.5,200.9,23,-30.1,15.0
31023,2011,2683.8,567.3,252.0,216.5,30,-20.7,3.0
31023,2012,2967.0,313.4,179.3,41.4,49,-18.2,1.0
31023,2013,2689.0,492.2,246.8,95.6,31,-17.5,0.0
31023,2014,2616.8,738.2,316.2,218.6,19,-23.4,5.0
31023,2015,2652.2,722.4,355.6,194.4,11,-21.8,5.0
31023,2016,2786.0,612.8,193.3,195.9,20,-20.7,3.0
31023,2017,2726.5,595.0,216.2,219.4,20,-21.8,3.0
31023,2018,2784.9,588.5,272.0,172.9,22,-23.9,4.0
31023,2019,2661.9,649.9,325.2,222.8,5,-22.7,4.0
31023,2020,2692.8,413.7,201.8,143.2,18,-19.7,1.0
31023,2021,2797.6,435.6,177.5,179.9,36,-27.3,7.0
31023,2022,2877.2,393.4,214.3,91.4,41,-18.0,0.0
31023,2023,2945.9,375.5,91.9,220.0,30,-23.7,4.0
31023,2024,2882.0,518.2,260.9,172.9,24,-33.6,8.0
31023,2025,2825.9,596.4,220.1,280.2,24,-25.0,9.0
31025,2000,2824.1,454.5,176.8,199.4,38,,
31025,2001,2718.9,597.5,294.2,152.4,35,-22.6,13.0
31025,2002,2819.9,447.1,142.1,209.3,40,-15.5,0.0
31025,2003,2659.4,454.9,226.4,84.3,49,-22.0,2.0
31025,2004,2693.3,499.7,230.7,180.8,13,-24.3,8.0
31025,2005,2874.3,465.1,196.8,150.2,38,-20.3,4.0
31025,2006,2784.4,571.2,122.5,232.5,33,-18.9,2.0
31025,2007,2736.0,706.5,264.1,275.4,31,-18.8,5.0
31025,2008,2532.8,722.9,399.7,119.9,5,-20.6,3.0
31025,2009,2580.9,493.7,196.8,188.2,15,-24.7,6.0
31025,2010,2762.4,738.5,308.3,244.6,23,-29.1,16.0
31025,2011,2711.3,554.5,234.0,217.7,29,-19.8,3.0
31025,2012,2963.9,358.1,171.6,64.0,49,-17.3,0.0
31025,2013,2688.1,526.5,278.0,82.2,31,-18.1,1.0
31025,2014,2628.8,760.4,330.4,225.9,17,-23.5,8.0
31025,2015,2654.1,798.2,355.8,236.4,10,-21.6,5.0
31025,2016,2772.2,712.1,217.3,263.9,15,-20.4,4.0
31025,2017,2759.1,571.5,235.8,177.4,22,-22.2,3.0
31025,2018,2801.6,629.8,279.0,186.4,29,-24.2,5.0
31025,2019,2719.5,626.7,302.9,172.6,7,-24.8,7.0
31025,2020,2732.4,402.8,197.4,123.5,29,-19.6,3.0
31025,2021,2827.0,469.6,187.1,200.4,38,-26.2,7.0
31025,2022,2892.8,373.1,197.6,93.4,41,-18.3,1.0
31025,2023,2929.8,422.9,118.3,230.3,27,-23.2,3.0
31025,2024,2907.6,526.2,263.9,179.0,25,-32.2,10.0
31025,2025,2839.6,620.5,215.5,275.7,25,-23.3,9.0
31027,2000,2680.8,366.2,173.4,125.4,40,,
31027,2001,2599.5,515.2,149.6,177.7,31,-24.4,15.0
31027,2002,2672.8,351.5,103.3,158.3,35,-16.2,0.0
31027,2003,2493.5,478.1,193.5,107.5,33,-22.5,5.0
31027,2004,2504.5,523.1,225.6,133.5,11,-22.4,6.0
31027,2005,2662.8,601.4,286.3,107.8,29,-20.0,3.0
31027,2006,2628.1,466.2,113.7,123.8,32,-26.4,8.0
31027,2007,2605.0,557.0,178.6,211.5,26,-23.4,11.0
31027,2008,2387.4,543.3,294.6,110.1,14,-23.2,7.0
31027,2009,2321.8,466.1,180.1,195.4,8,-25.9,13.0
31027,2010,2512.7,728.6,291.3,271.4,9,-30.3,17.0
31027,2011,2464.5,473.5,229.0,142.4,28,-27.5,12.0
31027,2012,2862.5,256.9,127.0,36.5,46,-19.7,1.0
31027,2013,2516.0,517.4,214.5,166.9,23,-20.0,2.0
31027,2014,2444.1,590.1,284.6,205.4,7,-24.9,20.0
31027,2015,2593.6,558.0,206.6,205.2,20,-22.9,18.0
31027,2016,2594.8,580.4,195.8,137.1,18,-24.2,5.0
31027,2017,2532.0,551.9,146.9,221.9,23,-23.7,4.0
31027,2018,2510.4,639.3,301.5,201.8,3,-25.5,12.0
31027,2019,2436.0,626.7,233.3,196.4,3,-26.6,12.0
31027,2020,2592.9,352.7,169.4,146.5,25,-22.0,8.0
31027,2021,2711.3,402.5,118.5,209.0,33,-26.3,8.0
31027,2022,2718.7,336.4,149.0,110.2,37,-19.9,9.0
31027,2023,2774.9,422.2,140.6,187.5,25,-26.5,12.0
31027,2024,2642.4,499.6,274.8,100.6,20,-32.8,9.0
31027,2025,2671.4,577.4,233.8,270.2,10,-24.9,13.0
31029,2000,2735.6,234.9,47.1,102.0,49,,
31029,2001,2701.4,365.2,103.6,131.5,43,-16.6,0.0
31029,2002,2711.3,232.6,60.8,125.4,41,-15.3,0.0
31029,2003,2613.0,298.7,126.0,69.2,53,-16.4,0.0
31029,2004,2565.1,388.5,102.8,166.3,24,-19.2,2.0
31029,2005,2668.7,385.3,193.8,131.5,36,-16.0,0.0
31029,2006,2715.7,318.4,105.0,137.4,36,-20.8,2.0
31029,2007,2662.4,448.8,191.7,149.0,35,-18.8,1.0
31029,2008,2505.1,402.5,155.7,144.2,32,-17.9,0.0
31029,2009,2402.8,523.6,224.3,149.5,19,-20.7,2.0
31029,2010,2611.2,425.0,163.6,169.2,36,-20.1,2.0
31029,2011,2539.6,468.9,220.1,159.8,44,-20.9,4.0
31029,2012,2864.9,223.8,51.8,75.9,48,-14.9,0.0
31029,2013,2680.9,320.9,115.1,114.9,36,-15.4,0.0
31029,2014,2598.2,434.9,235.4,147.8,37,-19.8,4.0
31029,2015,2664.5,424.0,246.6,93.2,36,-16.7,0.0
31029,2016,2632.4,426.6,151.4,106.7,32,-13.3,0.0
31029,2017,2618.1,369.6,126.6,122.1,30,-18.3,2.0
31029,2018,2677.7,398.3,195.2,152.3,28,-20.5,2.0
31029,2019,2622.2,444.5,201.3,188.8,31,-17.0,0.0
31029,2020,2697.8,253.9,102.0,119.2,41,-10.9,0.0
31029,2021,2723.0,320.2,149.3,93.9,44,-23.2,5.0
31029,2022,2784.4,219.4,87.9,91.5,48,-17.6,0.0
31029,2023,2716.8,386.0,257.3,104.7,37,-24.3,5.0
31029,2024,2812.1,325.0,105.3,158.9,36,-22.7,4.0
31029,2025,2718.9,500.9,232.9,158.4,41,-22.5,4.0
31031,2000,2516.9,341.0,170.0,72.0,41,,
31031,2001,2503.6,449.7,116.5,192.1,30,-19.9,5.0
31031,2002,2516.6,250.0,61.2,96.7,32,-15.7,0.0
31031,2003,2443.0,289.9,147.3,48.0,47,-20.9,1.0
31031,2004,2360.4,387.7,114.4,132.3,20,-18.2,1.0
31031,2005,2504.7,401.3,199.5,90.9,32,-18.7,2.0
31031,2006,2580.7,293.8,91.0,100.8,34,-20.7,4.0
31031,2007,2538.7,372.5,163.6,110.7,38,-19.9,6.0
31031,2008,2306.0,454.5,205.3,134.1,25,-17.7,0.0
31031,2009,2218.5,484.4,167.5,208.9,11,-21.9,4.0
31031,2010,2392.7,463.9,185.7,170.4,32,-23.0,3.0
31031,2011,2336.2,482.9,221.9,184.3,31,-21.6,9.0
31031,2012,2731.8,191.4,67.1,46.1,46,-19.8,1.0
31031,2013,2474.7,426.1,185.3,157.5,21,-16.0,0.0
31031,2014,2337.7,484.1,220.0,163.8,17,-23.2,10.0
31031,2015,2429.4,449.5,240.2,98.5,27,-21.0,7.0
31031,2016,2454.5,463.8,166.2,141.4,20,-18.1,1.0
31031,2017,2413.0,391.4,134.2,138.6,27,-22.9,4.0
31031,2018,2396.2,568.3,320.5,150.5,19,-22.6,9.0
31031,2019,2304.1,597.0,239.4,209.9,15,-21.7,8.0
31031,2020,2489.4,298.3,151.7,106.5,35,-16.4,0.0
31031,2021,2559.6,397.0,132.0,125.0,33,-25.1,9.0
31031,2022,2588.1,288.3,115.8,105.5,39,-22.2,5.0
31031,2023,2526.6,530.0,277.0,176.6,21,-28.0,13.0
31031,2024,2614.0,318.3,150.5,81.3,32,-28.8,8.0
31031,2025,2533.6,404.8,196.8,103.1,30,-25.7,11.0
31033,2000,2576.0,252.4,68.2,94.4,47,,
31033,2001,2563.6,357.2,125.4,115.3,42,-17.1,0.0
31033,2002,2560.2,212.7,61.4,114.2,40,-15.8,0.0
31033,2003,2477.1,318.4,126.7,98.0,50,-19.3,1.0
31033,2004,2393.4,357.0,120.0,121.7,25,-18.0,1.0
31033,2005,2499.5,382.5,186.0,119.3,37,-16.5,0.0
31033,2006,2592.4,232.1,72.0,101.7,35,-20.9,2.0
31033,2007,2562.7,357.6,123.9,134.9,39,-19.8,1.0
31033,2008,2383.4,364.3,121.0,164.2,32,-18.2,1.0
31033,2009,2267.1,516.1,236.6,141.4,17,-21.9,2.0
31033,2010,2459.9,361.4,156.3,119.8,36,-20.5,3.0
31033,2011,2431.0,432.6,203.7,145.8,44,-22.3,4.0
31033,2012,2760.2,170.2,43.3,61.0,47,-15.5,0.0
31033,2013,2531.9,362.5,103.4,93.2,37,-16.2,0.0
31033,2014,2446.0,388.1,180.3,122.0,32,-22.9,6.0
31033,2015,2454.1,464.9,245.9,107.0,30,-18.8,2.0
31033,2016,2493.0,355.9,128.1,111.5,30,-13.8,0.0
31033,2017,2475.3,338.4,117.4,111.2,31,-19.8,2.0
31033,2018,2534.8,394.6,207.9,110.8,29,-18.4,1.0
31033,2019,2471.6,419.0,184.3,164.3,33,-18.5,1.0
31033,2020,2568.7,221.5,115.8,68.9,44,-11.5,0.0
31033,2021,2586.8,292.3,136.2,82.1,44,-24.1,5.0
31033,2022,2652.7,204.7,77.5,79.9,47,-19.9,1.0
31033,2023,2558.2,396.4,238.3,122.6,37,-26.0,7.0
31033,2024,2663.3,321.9,102.6,133.0,39,-23.2,5.0
31033,2025,2597.2,397.9,183.8,130.7,40,-24.7,3.0
31035,2000,2833.4,372.1,127.6,176.4,43,,
31035,2001,2774.6,594.4,268.8,158.6,38,-18.5,1.0
31035,2002,2823.5,361.9,149.6,116.1,42,-14.2,0.0
31035,2003,2674.5,505.9,238.7,58.9,50,-18.9,1.0
31035,2004,2721.3,488.4,210.4,145.9,16,-21.4,7.0
31035,2005,2811.8,530.5,215.0,195.0,28,-19.9,5.0
31035,2006,2803.7,540.0,155.8,219.0,28,-20.0,2.0
31035,2007,2732.7,678.3,255.3,272.2,25,-18.4,2.0
31035,2008,2500.9,683.8,314.3,194.6,10,-17.3,0.0
31035,2009,2556.7,434.1,175.5,155.5,15,-21.8,5.0
31035,2010,2755.8,652.7,324.1,179.9,24,-25.3,11.0
31035,2011,2652.1,622.0,262.4,256.2,28,-21.9,5.0
31035,2012,2953.8,343.3,169.8,79.8,43,-19.4,1.0
31035,2013,2718.1,506.5,194.6,176.5,30,-15.3,0.0
31035,2014,2658.1,638.6,252.4,234.4,22,-22.6,5.0
31035,2015,2713.8,649.8,356.9,160.3,16,-19.7,4.0
31035,2016,2794.6,530.6,159.5,171.6,27,-17.9,0.0
31035,2017,2741.7,558.3,208.9,196.1,20,-20.5,3.0
31035,2018,2786.6,592.8,244.2,191.4,26,-22.5,4.0
31035,2019,2654.5,736.8,348.5,314.8,3,-19.8,2.0
31035,2020,2646.5,439.2,193.8,190.7,13,-17.2,0.0
31035,2021,2777.2,410.5,175.2,154.9,31,-29.0,7.0
31035,2022,2858.6,430.8,217.3,135.8,36,-17.7,0.0
31035,2023,2943.6,370.6,120.1,169.7,32,-23.5,4.0
31035,2024,2894.0,430.0,206.3,155.6,30,-31.9,8.0
31035,2025,2840.1,556.5,220.8,243.2,25,-25.8,9.0
31037,2000,2768.7,399.7,175.4,157.2,35,,
31037,2001,2670.3,545.1,249.4,139.6,36,-22.3,12.0
31037,2002,2753.1,397.1,145.0,160.0,37,-15.8,0.0
31037,2003,2575.9,516.6,215.4,95.9,42,-22.2,3.0
31037,2004,2623.9,468.2,203.3,142.7,13,-24.2,7.0
31037,2005,2801.1,471.8,208.1,123.9,37,-20.1,5.0
31037,2006,2723.6,561.9,119.5,210.7,30,-19.8,4.0
31037,2007,2666.7,676.6,201.4,295.5,25,-20.6,9.0
31037,2008,2464.0,647.6,342.5,117.6,8,-21.6,3.0
31037,2009,2473.3,478.1,195.5,185.9,13,-26.2,8.0
31037,2010,2656.5,707.9,334.8,221.8,15,-30.0,17.0
31037,2011,2595.8,561.0,269.4,187.4,25,-24.6,4.0
31037,2012,2921.6,312.6,181.1,42.9,49,-18.7,1.0
31037,2013,2619.3,497.2,235.9,110.0,27,-18.7,2.0
31037,2014,2522.8,741.9,349.9,220.5,14,-23.9,10.0
31037,2015,2607.6,686.1,281.8,221.3,14,-20.2,9.0
31037,2016,2710.4,646.1,208.7,195.2,17,-22.4,3.0
31037,2017,2644.2,603.3,199.5,228.5,19,-22.5,3.0
31037,2018,2685.4,597.2,295.3,170.2,15,-24.2,7.0
31037,2019,2623.2,586.1,274.9,174.9,6,-24.5,7.0
31037,2020,2677.8,346.4,175.0,111.9,29,-20.8,4.0
31037,2021,2747.6,466.4,171.1,208.3,37,-27.8,6.0
31037,2022,2828.5,336.7,164.7,84.1,40,-18.9,3.0
31037,2023,2886.7,383.6,112.0,201.2,27,-24.7,5.0
31037,2024,2790.9,555.9,300.1,155.9,23,-33.7,9.0
31037,2025,2747.1,640.2,237.7,293.0,16,-24.4,9.0
31039,2000,2717.0,401.9,184.8,147.2,36,,
31039,2001,2607.1,559.6,214.4,172.5,30,-23.6,16.0
31039,2002,2688.1,406.0,143.3,165.0,38,-16.6,0.0
31039,2003,2509.2,531.5,207.7,110.9,33,-22.5,4.0
31039,2004,2540.5,507.8,226.5,135.1,12,-23.4,8.0
31039,2005,2730.4,528.4,243.1,115.0,35,-20.2,5.0
31039,2006,2667.4,528.3,118.9,180.1,31,-21.2,6.0
31039,2007,2621.0,658.2,178.6,282.1,24,-22.0,10.0
31039,2008,2420.3,589.6,303.0,114.1,8,-22.8,6.0
31039,2009,2374.7,494.2,184.8,199.5,11,-27.2,12.0
31039,2010,2570.6,720.4,313.7,253.9,8,-30.1,21.0
31039,2011,2520.0,532.8,265.2,158.4,24,-26.9,6.0
31039,2012,2877.3,312.8,174.8,44.7,47,-19.4,1.0
31039,2013,2554.8,499.2,219.6,130.7,25,-19.6,2.0
31039,2014,2453.9,697.6,354.5,210.9,5,-24.7,16.0
31039,2015,2586.7,635.2,228.4,223.2,17,-21.3,13.0
31039,2016,2640.0,635.2,204.1,180.6,13,-23.7,4.0
31039,2017,2587.5,576.5,170.4,225.8,23,-23.3,3.0
31039,2018,2568.2,653.6,339.7,184.1,5,-25.0,11.0
31039,2019,2537.0,596.2,243.6,162.7,3,-26.0,11.0
31039,2020,2643.2,326.7,162.8,111.1,28,-21.7,7.0
31039,2021,2713.1,473.2,161.6,214.5,35,-28.5,9.0
31039,2022,2771.7,317.8,139.0,103.2,38,-19.4,6.0
31039,2023,2824.0,401.7,134.2,181.2,25,-25.8,11.0
31039,2024,2711.5,543.4,290.7,135.7,20,-33.3,9.0
31039,2025,2682.7,656.6,239.3,301.6,9,-24.6,11.0
31041,2000,2650.5,329.0,132.6,116.0,44,,
31041,2001,2587.9,495.6,121.3,158.4,35,-17.6,0.0
31041,2002,2663.0,254.1,93.2,97.4,42,-14.8,0.0
31041,2003,2535.0,375.5,178.9,51.7,45,-18.4,1.0
31041,2004,2484.4,496.6,155.9,179.0,13,-18.5,3.0
31041,2005,2609.6,407.4,205.2,127.2,28,-18.6,1.0
31041,2006,2687.7,340.4,84.0,130.2,33,-22.8,5.0
31041,2007,2549.6,610.7,275.0,150.5,25,-19.6,3.0
31041,2008,2337.3,623.2,296.9,154.1,12,-17.4,0.0
31041,2009,2278.6,527.5,218.0,198.7,7,-21.3,5.0
31041,2010,2455.0,658.8,318.3,221.9,12,-22.5,7.0
31041,2011,2439.2,436.5,205.2,152.2,28,-22.1,7.0
31041,2012,2811.8,222.1,55.5,49.8,44,-18.3,1.0
31041,2013,2577.0,465.0,176.3,158.9,25,-15.6,0.0
31041,2014,2463.0,475.8,236.0,153.4,18,-23.0,5.0
31041,2015,2561.2,492.0,225.7,137.9,27,-20.8,4.0
31041,2016,2529.1,546.2,179.1,142.7,17,-16.9,0.0
31041,2017,2532.5,515.7,103.1,238.2,21,-21.0,4.0
31041,2018,2499.9,581.6,310.2,165.7,13,-22.2,5.0
31041,2019,2422.3,679.8,259.9,316.4,5,-19.8,8.0
31041,2020,2515.7,337.2,173.8,125.6,29,-17.8,0.0
31041,2021,2648.3,364.0,121.9,142.3,31,-25.5,10.0
31041,2022,2709.1,319.5,133.8,110.8,39,-19.0,3.0
31041,2023,2676.7,452.0,241.2,141.2,27,-26.3,6.0
31041,2024,2680.6,422.0,212.7,110.8,25,-27.0,6.0
31041,2025,2631.1,565.1,283.0,186.0,28,-24.7,10.0
31043,2000,2673.8,430.7,156.8,183.5,34,,
31043,2001,2561.5,562.0,191.5,197.0,29,-27.7,20.0
31043,2002,2625.4,472.1,144.5,200.5,29,-17.8,0.0
31043,2003,2483.8,507.0,205.7,115.5,29,-22.2,6.0
31043,2004,2516.3,540.5,231.7,128.5,11,-22.2,10.0
31043,2005,2726.0,498.8,232.7,99.8,38,-21.2,9.0
31043,2006,2664.6,454.8,88.6,155.8,31,-22.3,4.0
31043,2007,2638.8,625.6,180.5,243.0,28,-22.3,11.0
31043,2008,2432.9,567.8,269.0,150.7,7,-24.6,11.0
31043,2009,2337.9,528.0,178.7,239.9,6,-29.4,17.0
31043,2010,2547.5,767.1,269.3,327.8,4,-34.8,26.0
31043,2011,2506.1,501.0,267.4,126.5,24,-28.2,13.0
31043,2012,2839.6,375.9,200.2,64.3,46,-19.2,1.0
31043,2013,2516.9,503.6,246.5,114.3,21,-20.5,3.0
31043,2014,2425.9,708.4,373.0,205.0,0,-26.3,21.0
31043,2015,2576.8,632.1,190.9,272.6,16,-22.5,20.0
31043,2016,2638.5,591.3,167.8,165.4,15,-23.6,5.0
31043,2017,2594.2,532.8,162.5,203.4,22,-23.7,4.0
31043,2018,2545.2,722.0,338.7,202.8,4,-26.4,12.0
31043,2019,2483.5,641.0,245.0,172.9,1,-28.0,14.0
31043,2020,2638.8,300.7,146.9,95.8,34,-22.7,9.0
31043,2021,2731.4,426.8,133.8,186.2,34,-28.3,11.0
31043,2022,2731.4,314.8,112.3,139.5,37,-20.8,8.0
31043,2023,2797.1,387.4,134.2,163.3,24,-27.4,15.0
31043,2024,2710.0,550.6,291.2,130.6,18,-33.6,11.0
31043,2025,2692.9,600.7,209.7,290.4,10,-24.8,10.0
31045,2000,2422.0,318.8,106.6,82.0,40,,
31045,2001,2481.9,317.5,102.4,124.6,40,-18.9,3.0
31045,2002,2436.6,205.1,52.5,80.9,36,-16.4,0.0
31045,2003,2361.4,321.8,149.6,57.6,48,-21.8,1.0
31045,2004,2286.7,294.0,86.2,81.6,28,-18.5,1.0
31045,2005,2380.1,406.1,217.2,108.5,30,-17.4,0.0
31045,2006,2485.8,252.2,93.8,82.1,36,-20.9,3.0
31045,2007,2504.0,241.4,80.7,90.0,45,-19.5,3.0
31045,2008,2270.1,356.4,142.6,119.9,31,-17.8,0.0
31045,2009,2202.0,404.5,177.5,120.0,16,-22.4,5.0
31045,2010,2306.3,412.9,197.2,101.1,32,-21.0,3.0
31045,2011,2312.8,402.4,228.0,95.1,41,-23.0,6.0
31045,2012,2660.0,152.2,70.2,28.7,44,-15.5,0.0
31045,2013,2461.7,323.8,109.0,101.7,33,-16.7,0.0
31045,2014,2288.2,441.3,183.0,112.9,24,-22.2,8.0
31045,2015,2353.2,464.4,279.9,97.0,28,-18.8,2.0
31045,2016,2412.8,329.6,87.6,109.7,27,-13.2,0.0
31045,2017,2367.9,303.2,122.3,96.8,32,-21.5,5.0
31045,2018,2403.4,375.3,201.1,111.0,26,-21.1,6.0
31045,2019,2282.1,430.9,192.2,144.9,24,-20.3,2.0
31045,2020,2467.8,175.7,100.1,36.6,42,-14.1,0.0
31045,2021,2550.3,225.0,96.6,58.1,39,-23.1,5.0
31045,2022,2521.9,244.4,105.4,86.8,40,-20.9,4.0
31045,2023,2474.9,423.0,226.2,121.9,32,-27.4,9.0
31045,2024,2568.9,230.6,87.6,74.5,35,-25.8,5.0
31045,2025,2485.4,349.9,208.6,72.8,34,-22.6,6.0
31047,2000,2724.3,299.2,103.6,119.2,46,,
31047,2001,2678.6,460.0,111.6,162.2,37,-16.9,0.0
31047,2002,2725.0,240.7,94.7,91.0,43,-14.3,0.0
31047,2003,2599.3,389.1,183.9,50.0,50,-17.2,0.0
31047,2004,2557.1,501.8,154.9,185.7,14,-19.1,2.0
31047,2005,2658.7,430.5,233.9,128.9,28,-18.2,1.0
31047,2006,2730.8,395.3,104.9,172.8,32,-19.9,3.0
31047,2007,2599.5,631.4,256.9,180.5,26,-18.8,2.0
31047,2008,2402.0,640.7,337.9,146.9,16,-17.2,0.0
31047,2009,2355.4,524.0,208.8,198.8,8,-20.1,4.0
31047,2010,2553.2,598.3,267.9,214.2,19,-21.7,6.0
31047,2011,2515.4,475.2,219.6,168.5,36,-21.9,5.0
31047,2012,2867.6,229.2,63.7,62.6,46,-17.6,0.0
31047,2013,2653.5,424.6,152.6,134.3,30,-15.3,0.0
31047,2014,2533.6,490.0,250.7,150.1,25,-22.1,4.0
31047,2015,2638.1,481.1,220.9,138.6,24,-20.2,2.0
31047,2016,2611.8,523.7,170.9,130.6,25,-15.6,0.0
31047,2017,2619.8,497.9,119.0,215.3,20,-20.6,4.0
31047,2018,2597.3,531.4,276.6,166.2,17,-21.4,5.0
31047,2019,2525.7,641.0,261.6,309.7,6,-18.8,6.0
31047,2020,2601.4,309.8,167.3,108.1,36,-15.6,0.0
31047,2021,2701.9,395.3,141.0,153.4,31,-25.9,7.0
31047,2022,2777.2,312.9,137.6,105.9,43,-18.1,2.0
31047,2023,2744.6,429.5,219.7,137.5,31,-25.0,4.0
31047,2024,2742.4,447.9,206.4,142.3,25,-25.7,5.0
31047,2025,2694.5,573.8,270.1,196.4,28,-24.3,9.0
31049,2000,2642.0,242.5,55.7,94.9,49,,
31049,2001,2609.7,388.5,101.3,134.9,39,-17.4,0.0
31049,2002,2611.0,265.1,63.5,149.4,35,-15.7,0.0
31049,2003,2536.7,302.9,133.7,76.4,50,-17.7,0.0
31049,2004,2461.9,369.7,110.3,146.7,25,-18.3,1.0
31049,2005,2580.0,368.4,185.6,115.6,38,-16.0,0.0
31049,2006,2650.5,268.0,90.3,104.8,35,-20.4,2.0
31049,2007,2593.3,450.3,189.9,141.8,33,-19.3,1.0
31049,2008,2421.1,400.3,147.9,144.5,29,-18.2,1.0
31049,2009,2296.8,551.7,247.4,147.0,13,-21.5,3.0
31049,2010,2510.2,412.0,171.0,150.6,32,-20.0,3.0
31049,2011,2460.9,486.5,218.4,170.7,40,-21.9,5.0
31049,2012,2806.6,184.5,46.6,61.2,47,-15.0,0.0
31049,2013,2583.1,362.3,145.2,105.1,33,-15.8,0.0
31049,2014,2496.1,430.9,221.8,139.6,33,-21.7,5.0
31049,2015,2530.0,458.9,252.0,103.6,30,-17.6,0.0
31049,2016,2553.5,376.7,136.5,110.0,31,-13.2,0.0
31049,2017,2526.9,366.3,114.7,132.6,29,-19.8,4.0
31049,2018,2571.1,428.4,218.3,149.0,23,-20.1,3.0
31049,2019,2512.9,442.1,199.7,169.6,31,-17.8,0.0
31049,2020,2616.0,245.8,122.5,87.2,43,-10.9,0.0
31049,2021,2634.6,350.9,147.7,108.3,45,-24.0,4.0
31049,2022,2708.3,191.8,81.4,63.9,46,-19.2,1.0
31049,2023,2643.8,368.7,225.5,105.7,35,-24.8,7.0
31049,2024,2728.5,318.7,111.4,139.7,37,-23.3,5.0
31049,2025,2638.7,435.2,219.6,130.5,41,-23.0,4.0
31051,2000,2689.8,413.8,179.6,158.6,40,,
31051,2001,2594.3,543.8,170.0,186.5,29,-24.3,17.0
31051,2002,2659.0,423.1,131.1,188.1,34,-16.7,0.0
31051,2003,2486.0,530.8,209.5,107.7,30,-22.6,5.0
31051,2004,2522.6,526.5,235.9,126.4,13,-23.0,8.0
31051,2005,2709.5,582.3,275.1,105.4,33,-20.7,4.0
31051,2006,2653.2,481.1,111.4,137.3,32,-22.4,6.0
31051,2007,2637.1,583.8,166.0,230.1,28,-22.6,12.0
31051,2008,2430.6,536.8,271.3,122.4,15,-23.9,9.0
31051,2009,2338.2,504.6,176.1,213.2,9,-27.6,14.0
31051,2010,2541.1,756.0,273.5,307.4,6,-30.8,24.0
31051,2011,2489.1,511.1,256.1,141.1,26,-27.1,11.0
31051,2012,2874.8,306.9,165.9,43.5,47,-19.3,1.0
31051,2013,2537.7,490.3,217.4,138.4,26,-20.1,2.0
31051,2014,2462.4,633.6,330.2,194.5,5,-25.4,18.0
31051,2015,2616.8,576.7,189.9,222.0,20,-21.7,18.0
31051,2016,2639.0,579.7,181.7,149.2,19,-24.1,5.0
31051,2017,2583.9,533.3,152.9,205.4,23,-23.8,4.0
31051,2018,2528.9,697.4,355.1,192.2,2,-26.1,11.0
31051,2019,2483.0,635.8,238.6,176.9,2,-27.3,13.0
31051,2020,2641.1,310.3,146.0,120.0,33,-22.5,8.0
31051,2021,2739.5,417.2,126.9,193.7,37,-27.2,8.0
31051,2022,2742.0,317.5,125.1,127.8,39,-20.2,7.0
31051,2023,2800.2,405.2,138.3,172.9,26,-26.8,13.0
31051,2024,2688.6,534.8,280.3,117.8,20,-32.6,10.0
31051,2025,2695.4,592.0,220.9,283.1,9,-24.6,11.0
31053,2000,2768.7,399.7,175.4,157.2,35,,
31053,2001,2670.3,545.1,249.4,139.6,36,-22.3,12.0
31053,2002,2753.1,397.1,145.0,160.0,37,-15.8,0.0
31053,2003,2575.9,516.6,215.4,95.9,42,-22.2,3.0
31053,2004,2623.9,468.2,203.3,142.7,13,-24.2,7.0
31053,2005,2801.1,471.8,208.1,123.9,37,-20.1,5.0
31053,2006,2723.6,561.9,119.5,210.7,30,-19.8,4.0
31053,2007,2666.7,676.6,201.4,295.5,25,-20.6,9.0
31053,2008,2464.0,647.6,342.5,117.6,8,-21.6,3.0
31053,2009,2473.3,478.1,195.5,185.9,13,-26.2,8.0
31053,2010,2656.5,707.9,334.8,221.8,15,-30.0,17.0
31053,2011,2595.8,561.0,269.4,187.4,25,-24.6,4.0
31053,2012,2921.6,312.6,181.1,42.9,49,-18.7,1.0
31053,2013,2619.3,497.2,235.9,110.0,27,-18.7,2.0
31053,2014,2522.8,741.9,349.9,220.5,14,-23.9,10.0
31053,2015,2607.6,686.1,281.8,221.3,14,-20.2,9.0
31053,2016,2710.4,646.1,208.7,195.2,17,-22.4,3.0
31053,2017,2644.2,603.3,199.5,228.5,19,-22.5,3.0
31053,2018,2685.4,597.2,295.3,170.2,15,-24.2,7.0
31053,2019,2623.2,586.1,274.9,174.9,6,-24.5,7.0
31053,2020,2677.8,346.4,175.0,111.9,29,-20.8,4.0
31053,2021,2747.6,466.4,171.1,208.3,37,-27.8,6.0
31053,2022,2828.5,336.7,164.7,84.1,40,-18.9,3.0
31053,2023,2886.7,383.6,112.0,201.2,27,-24.7,5.0
31053,2024,2790.9,555.9,300.1,155.9,23,-33.7,9.0
31053,2025,2747.1,640.2,237.7,293.0,16,-24.4,9.0
31055,2000,2775.8,424.0,165.5,184.6,37,,
31055,2001,2667.8,572.0,267.2,155.2,32,-25.1,15.0
31055,2002,2753.6,442.8,138.3,200.5,37,-16.6,0.0
31055,2003,2597.6,474.6,211.4,93.8,42,-22.2,4.0
31055,2004,2630.7,485.5,211.5,166.1,11,-23.7,9.0
31055,2005,2828.1,455.6,202.7,122.4,40,-20.0,5.0
31055,2006,2744.2,539.0,92.5,221.5,31,-19.0,2.0
31055,2007,2693.9,688.5,222.2,286.8,28,-20.3,9.0
31055,2008,2497.3,666.7,343.7,122.4,5,-21.8,3.0
31055,2009,2483.8,525.3,201.3,218.2,12,-26.2,9.0
31055,2010,2680.9,759.0,325.4,265.5,14,-30.1,21.0
31055,2011,2626.1,574.8,274.8,193.2,24,-23.9,4.0
31055,2012,2918.9,366.0,194.2,58.2,47,-18.0,1.0
31055,2013,2629.1,515.2,256.7,92.5,25,-19.2,2.0
31055,2014,2533.1,816.1,376.3,253.2,12,-24.1,12.0
31055,2015,2605.6,757.0,276.9,250.6,16,-21.1,9.0
31055,2016,2702.4,724.1,205.4,251.6,11,-21.8,4.0
31055,2017,2683.6,583.4,213.3,199.5,21,-22.8,3.0
31055,2018,2709.1,666.4,321.3,192.0,15,-24.6,6.0
31055,2019,2664.1,606.7,270.1,146.9,8,-26.1,7.0
31055,2020,2703.3,342.4,175.0,91.5,35,-20.8,4.0
31055,2021,2776.0,501.6,187.0,222.6,37,-27.1,9.0
31055,2022,2836.7,350.7,164.0,103.1,39,-18.9,2.0
31055,2023,2889.0,405.5,117.1,205.3,24,-24.5,6.0
31055,2024,2832.9,557.4,299.5,162.2,23,-33.0,10.0
31055,2025,2769.7,667.9,219.7,302.2,15,-24.5,9.0
31057,2000,2792.2,253.1,59.0,117.6,49,,
31057,2001,2783.1,336.2,104.8,140.3,46,-16.1,0.0
31057,2002,2789.2,200.3,58.0,95.7,43,-14.7,0.0
31057,2003,2658.7,310.9,147.2,68.8,50,-15.0,0.0
31057,2004,2617.5,417.7,106.0,170.3,24,-18.1,1.0
31057,2005,2706.7,417.9,214.7,146.8,35,-15.7,0.0
31057,2006,2749.9,353.9,129.9,160.9,34,-20.5,2.0
31057,2007,2717.6,408.3,140.1,167.4,37,-18.0,0.0
31057,2008,2578.6,394.2,127.1,174.8,31,-17.1,0.0
31057,2009,2470.0,525.0,220.7,160.3,24,-19.9,2.0
31057,2010,2683.9,414.2,135.7,185.6,39,-19.7,2.0
31057,2011,2619.6,439.2,198.9,157.8,45,-20.3,3.0
31057,2012,2909.2,236.9,54.7,82.4,47,-15.9,0.0
31057,2013,2738.3,317.6,96.6,118.8,37,-14.2,0.0
31057,2014,2688.0,412.0,209.8,146.3,36,-18.2,3.0
31057,2015,2741.1,405.2,241.7,80.8,39,-16.6,0.0
31057,2016,2702.3,409.6,137.6,104.6,38,-14.6,0.0
31057,2017,2658.2,411.4,178.8,117.8,32,-16.4,0.0
31057,2018,2755.6,381.6,200.6,119.5,38,-17.7,0.0
31057,2019,2700.9,434.5,180.8,217.3,33,-16.8,0.0
31057,2020,2757.4,274.8,115.2,131.4,44,-9.6,0.0
31057,2021,2776.2,300.1,155.9,72.0,45,-23.3,4.0
31057,2022,2823.8,280.6,102.1,143.6,47,-16.9,0.0
31057,2023,2769.7,387.0,241.5,128.8,40,-23.5,5.0
31057,2024,2880.4,303.0,109.2,142.4,41,-21.8,4.0
31057,2025,2790.8,459.6,175.5,169.6,42,-23.1,3.0
31059,2000,2862.2,380.0,132.3,177.5,43,,
31059,2001,2783.7,622.7,297.7,153.6,40,-19.5,4.0
31059,2002,2853.2,379.7,156.1,124.6,43,-14.6,0.0
31059,2003,2680.2,531.0,245.3,63.2,50,-20.4,2.0
31059,2004,2737.4,484.1,228.2,138.0,14,-23.3,9.0
31059,2005,2852.9,528.0,194.3,197.3,30,-20.4,5.0
31059,2006,2820.5,560.4,150.3,228.7,33,-20.0,1.0
31059,2007,2754.5,697.2,254.0,287.5,23,-18.9,2.0
31059,2008,2524.6,694.7,309.4,201.1,11,-17.9,0.0
31059,2009,2591.6,432.0,176.3,148.6,17,-22.1,5.0
31059,2010,2808.9,626.9,306.9,169.1,28,-26.4,11.0
31059,2011,2700.3,607.5,257.7,247.3,30,-20.7,5.0
31059,2012,2977.3,349.7,180.4,73.3,46,-19.1,1.0
31059,2013,2734.3,503.9,206.7,162.7,27,-15.8,0.0
31059,2014,2680.4,646.6,254.7,228.6,20,-22.9,5.0
31059,2015,2745.0,650.8,357.1,161.3,11,-20.3,4.0
31059,2016,2838.7,531.4,161.8,171.9,24,-18.1,1.0
31059,2017,2780.2,561.6,210.2,197.6,20,-20.8,3.0
31059,2018,2833.9,593.8,239.1,196.6,25,-23.1,4.0
31059,2019,2682.3,738.1,348.2,317.7,4,-20.6,2.0
31059,2020,2675.1,440.1,191.0,195.0,12,-18.1,1.0
31059,2021,2830.0,408.2,175.3,153.1,33,-27.5,6.0
31059,2022,2896.6,435.4,217.2,141.6,37,-17.5,0.0
31059,2023,2978.3,364.9,115.7,168.0,32,-23.2,3.0
31059,2024,2936.8,427.2,205.6,154.8,31,-32.2,8.0
31059,2025,2876.3,554.7,221.3,242.5,27,-27.0,9.0
31061,2000,2887.4,338.9,136.1,134.4,47,,
31061,2001,2840.9,568.5,253.7,171.6,40,-19.0,1.0
31061,2002,2868.7,340.7,156.6,102.5,44,-14.0,0.0
31061,2003,2733.5,467.4,200.4,82.8,52,-16.4,0.0
31061,2004,2770.5,496.0,183.8,176.4,21,-20.6,6.0
31061,2005,2830.9,549.1,210.6,235.1,27,-19.0,3.0
31061,2006,2856.1,517.9,175.1,202.6,32,-17.3,0.0
31061,2007,2781.7,643.0,277.8,232.5,31,-18.6,2.0
31061,2008,2588.7,665.1,281.6,237.3,17,-16.3,0.0
31061,2009,2613.6,456.7,158.6,197.7,15,-19.3,3.0
31061,2010,2812.9,661.6,306.2,199.7,30,-22.2,5.0
31061,2011,2714.9,643.2,285.3,273.2,34,-21.8,4.0
31061,2012,2997.7,313.9,105.1,99.7,41,-17.5,0.0
31061,2013,2802.7,451.8,156.3,171.1,32,-14.3,0.0
31061,2014,2752.8,565.6,239.9,208.7,27,-21.8,4.0
31061,2015,2835.6,571.8,280.1,198.7,23,-16.8,0.0
31061,2016,2824.1,612.3,155.2,230.7,28,-16.0,0.0
31061,2017,2791.3,520.4,206.4,153.5,23,-19.5,2.0
31061,2018,2849.4,601.4,244.4,205.5,31,-21.0,4.0
31061,2019,2751.0,697.2,347.3,289.1,10,-17.5,0.0
31061,2020,2718.7,443.0,185.4,214.2,19,-14.4,0.0
31061,2021,2831.8,448.3,185.4,168.2,34,-25.5,5.0
31061,2022,2914.7,395.8,184.5,126.4,41,-16.8,0.0
31061,2023,2959.5,439.0,183.6,184.7,35,-22.8,3.0
31061,2024,2927.3,420.6,196.7,143.5,35,-25.8,7.0
31061,2025,2900.5,532.3,213.4,207.3,30,-22.7,7.0
31063,2000,2796.9,278.1,72.6,123.3,49,,
31063,2001,2759.0,421.6,115.2,150.8,41,-15.9,0.0
31063,2002,2795.5,210.4,92.3,65.2,44,-14.0,0.0
31063,2003,2660.3,373.3,163.7,74.7,51,-17.1,0.0
31063,2004,2629.5,502.3,138.8,215.8,20,-19.1,2.0
31063,2005,2709.9,436.0,215.2,153.3,32,-17.1,0.0
31063,2006,2780.5,381.7,126.3,170.0,35,-19.0,2.0
31063,2007,2689.2,559.1,194.7,187.5,29,-18.2,1.0
31063,2008,2518.1,537.6,272.2,145.9,26,-17.1,0.0
31063,2009,2446.3,540.5,215.5,190.6,11,-19.2,3.0
31063,2010,2660.2,506.1,208.6,188.3,30,-20.6,4.0
31063,2011,2606.8,483.6,214.1,187.7,38,-19.9,4.0
31063,2012,2936.1,221.7,61.0,80.0,46,-16.6,0.0
31063,2013,2750.2,356.3,120.8,112.5,34,-14.9,0.0
31063,2014,2631.6,488.7,265.0,148.2,32,-20.2,2.0
31063,2015,2723.7,491.1,231.4,150.5,28,-18.4,2.0
31063,2016,2685.9,502.3,159.4,129.7,31,-13.8,0.0
31063,2017,2680.4,467.2,125.3,191.7,24,-19.4,3.0
31063,2018,2690.0,481.8,238.7,178.1,23,-20.8,4.0
31063,2019,2640.7,539.3,236.9,254.8,21,-17.1,0.0
31063,2020,2705.0,293.0,138.6,126.8,40,-12.8,0.0
31063,2021,2782.2,340.7,160.5,97.4,39,-23.4,5.0
31063,2022,2849.2,238.4,111.7,81.1,50,-17.1,0.0
31063,2023,2793.7,401.1,225.8,129.1,37,-23.3,4.0
31063,2024,2840.2,408.8,171.9,162.0,35,-23.2,4.0
31063,2025,2784.5,505.4,210.8,185.2,34,-22.4,7.0
31065,2000,2891.7,290.0,104.0,119.5,50,,
31065,2001,2852.7,478.9,160.7,169.3,44,-15.3,0.0
31065,2002,2894.6,223.0,105.3,69.5,49,-13.2,0.0
31065,2003,2757.2,390.3,184.2,77.5,53,-15.8,0.0
31065,2004,2754.1,490.0,136.6,194.8,24,-18.2,1.0
31065,2005,2805.3,478.0,205.0,185.3,34,-17.6,0.0
31065,2006,2865.1,411.5,158.6,168.8,36,-17.6,0.0
31065,2007,2795.2,511.5,164.1,183.4,32,-17.0,0.0
31065,2008,2626.0,554.5,253.2,188.5,28,-15.5,0.0
31065,2009,2555.8,545.5,205.6,216.9,15,-18.6,1.0
31065,2010,2791.2,518.2,224.4,158.1,38,-20.3,3.0
31065,2011,2742.4,490.7,185.2,232.7,38,-19.5,4.0
31065,2012,3016.9,229.7,59.3,83.1,48,-15.1,0.0
31065,2013,2855.4,322.2,94.1,106.7,39,-14.8,0.0
31065,2014,2760.9,488.2,225.6,165.3,39,-19.8,3.0
31065,2015,2865.4,436.0,186.7,155.7,35,-16.6,0.0
31065,2016,2807.2,561.7,144.7,158.2,36,-14.4,0.0
31065,2017,2764.1,501.7,173.7,171.4,26,-18.2,1.0
31065,2018,2806.8,532.2,237.1,212.9,27,-19.8,3.0
31065,2019,2764.3,584.2,288.5,242.4,25,-18.2,1.0
31065,2020,2774.6,336.0,161.2,146.6,40,-12.0,0.0
31065,2021,2858.1,385.7,181.9,116.0,41,-23.0,5.0
31065,2022,2927.2,299.8,125.0,107.7,50,-16.7,0.0
31065,2023,2911.8,406.6,201.2,155.3,40,-22.7,2.0
31065,2024,2934.3,386.5,166.0,149.9,40,-22.2,4.0
31065,2025,2906.8,474.1,159.5,208.2,37,-21.1,7.0
31067,2000,2879.3,416.7,159.3,178.4,44,,
31067,2001,2767.5,681.3,341.7,160.1,35,-20.7,11.0
31067,2002,2874.0,413.4,159.3,161.8,44,-15.7,0.0
31067,2003,2689.6,520.7,250.2,76.3,50,-21.4,2.0
31067,2004,2733.1,476.8,239.4,138.3,14,-24.9,9.0
31067,2005,2893.6,492.0,171.5,188.3,33,-20.1,5.0
31067,2006,2826.1,594.2,145.0,234.7,34,-18.9,1.0
31067,2007,2758.5,725.3,281.8,272.9,25,-19.3,2.0
31067,2008,2549.8,705.4,329.6,180.4,11,-18.8,3.0
31067,2009,2637.8,452.3,192.4,142.8,18,-22.4,5.0
31067,2010,2842.6,625.9,273.1,179.4,32,-29.6,14.0
31067,2011,2768.3,540.0,220.1,228.3,33,-19.0,4.0
31067,2012,3003.0,332.1,165.0,58.0,49,-18.0,1.0
31067,2013,2739.8,521.1,244.5,121.1,32,-15.9,0.0
31067,2014,2714.2,641.6,258.7,187.8,30,-23.3,6.0
31067,2015,2715.6,759.1,456.8,156.4,8,-21.2,4.0
31067,2016,2850.5,583.2,188.7,201.3,22,-18.7,2.0
31067,2017,2808.6,535.5,218.3,168.6,23,-21.2,3.0
31067,2018,2867.8,618.4,258.3,188.4,25,-23.3,4.0
31067,2019,2696.9,756.7,365.4,279.1,4,-21.9,4.0
31067,2020,2684.8,522.9,228.4,216.6,12,-18.9,1.0
31067,2021,2848.3,414.5,177.8,155.3,38,-26.2,6.0
31067,2022,2903.6,460.6,248.0,135.0,38,-17.5,0.0
31067,2023,2974.6,406.4,99.5,229.0,27,-22.6,3.0
31067,2024,2960.6,437.5,208.2,167.3,31,-32.3,8.0
31067,2025,2879.2,605.5,198.9,287.7,26,-24.8,8.0
31069,2000,2577.8,283.3,86.9,93.6,47,,
31069,2001,2547.7,393.0,95.0,143.1,39,-18.1,1.0
31069,2002,2553.3,255.2,58.0,139.0,35,-15.8,0.0
31069,2003,2481.3,311.4,139.7,80.5,50,-19.1,1.0
31069,2004,2393.0,396.0,118.9,147.5,23,-18.1,1.0
31069,2005,2493.5,405.1,206.1,122.9,35,-16.1,0.0
31069,2006,2591.2,269.8,97.6,96.2,36,-20.3,2.0
31069,2007,2539.7,442.5,176.8,148.8,33,-19.5,1.0
31069,2008,2354.8,403.3,150.5,136.4,31,-18.2,1.0
31069,2009,2233.9,569.4,248.0,167.8,10,-21.7,3.0
31069,2010,2423.6,457.8,181.7,171.9,29,-20.2,3.0
31069,2011,2387.9,492.9,209.1,185.7,37,-22.3,6.0
31069,2012,2765.5,162.7,42.4,49.8,46,-14.7,0.0
31069,2013,2534.6,380.1,160.1,102.6,33,-16.3,0.0
31069,2014,2419.3,438.3,222.9,129.7,30,-21.5,5.0
31069,2015,2448.8,492.9,267.2,108.0,27,-17.7,0.0
31069,2016,2487.3,402.4,136.0,132.1,27,-13.8,0.0
31069,2017,2465.3,383.5,113.9,155.4,30,-20.6,4.0
31069,2018,2488.1,482.8,262.3,135.8,23,-20.9,3.0
31069,2019,2425.7,458.2,200.0,180.9,28,-18.6,2.0
31069,2020,2549.2,263.2,145.5,77.0,42,-11.8,0.0
31069,2021,2589.1,336.6,140.1,101.6,44,-25.9,6.0
31069,2022,2647.4,228.8,97.2,77.2,47,-19.8,1.0
31069,2023,2566.7,413.2,227.0,138.4,31,-25.7,8.0
31069,2024,2663.2,335.5,136.1,118.8,33,-24.5,5.0
31069,2025,2593.7,368.8,206.2,97.4,37,-22.7,4.0
31071,2000,2671.4,354.9,154.0,124.4,42,,
31071,2001,2598.7,504.3,147.9,169.3,33,-20.7,7.0
31071,2002,2664.5,319.0,107.4,127.0,39,-15.4,0.0
31071,2003,2521.6,427.2,185.9,89.3,37,-20.7,4.0
31071,2004,2497.0,549.1,220.2,148.9,14,-20.6,3.0
31071,2005,2638.5,529.7,255.5,134.9,27,-18.9,2.0
31071,2006,2657.0,461.3,105.1,147.2,32,-24.1,7.0
31071,2007,2577.9,654.7,249.3,208.2,24,-20.3,6.0
31071,2008,2354.0,616.2,331.3,132.3,11,-21.1,3.0
31071,2009,2329.9,495.1,195.4,224.0,9,-24.0,9.0
31071,2010,2516.5,667.7,348.8,191.0,15,-26.8,11.0
31071,2011,2446.9,525.1,255.0,177.1,26,-21.5,7.0
31071,2012,2825.4,250.9,106.7,37.8,45,-20.2,2.0
31071,2013,2541.2,544.5,213.6,180.5,26,-17.5,0.0
31071,2014,2466.9,544.6,238.3,200.6,14,-24.0,11.0
31071,2015,2566.3,549.3,220.5,184.2,24,-22.5,13.0
31071,2016,2571.3,578.7,182.5,161.1,17,-21.1,4.0
31071,2017,2545.8,539.4,124.5,228.0,20,-22.1,3.0
31071,2018,2512.0,639.5,286.6,222.9,11,-24.4,8.0
31071,2019,2441.7,671.2,253.2,276.3,7,-22.6,11.0
31071,2020,2539.1,354.2,177.2,142.8,25,-19.6,1.0
31071,2021,2673.9,387.4,130.6,179.3,31,-26.2,9.0
31071,2022,2714.6,354.0,149.0,117.4,35,-20.1,6.0
31071,2023,2737.8,453.9,193.7,179.6,27,-26.0,8.0
31071,2024,2684.4,472.4,263.2,98.6,23,-31.9,8.0
31071,2025,2646.3,639.9,280.3,280.6,20,-24.1,10.0
31073,2000,2805.8,307.4,101.0,132.7,47,,
31073,2001,2765.2,461.5,128.2,172.7,41,-16.3,0.0
31073,2002,2805.5,229.6,103.1,75.8,43,-13.7,0.0
31073,2003,2672.1,398.5,188.4,65.0,50,-16.9,0.0
31073,2004,2653.5,499.1,142.1,194.1,21,-19.4,2.0
31073,2005,2731.2,440.8,224.7,148.8,29,-17.8,0.0
31073,2006,2794.7,410.5,129.4,187.6,33,-18.6,1.0
31073,2007,2689.7,611.5,211.0,206.6,26,-17.9,0.0
31073,2008,2511.6,607.3,321.7,164.6,22,-16.9,0.0
31073,2009,2457.8,532.0,205.0,202.4,13,-19.2,4.0
31073,2010,2670.4,554.8,247.0,196.3,31,-20.9,4.0
31073,2011,2624.8,500.5,214.7,201.5,38,-20.6,5.0
31073,2012,2941.9,232.9,69.1,79.3,45,-16.5,0.0
31073,2013,2765.4,353.0,112.8,106.1,36,-15.3,0.0
31073,2014,2641.7,507.7,252.1,157.6,30,-21.1,4.0
31073,2015,2745.3,480.6,217.1,152.4,32,-18.8,1.0
31073,2016,2705.6,528.0,165.9,136.5,30,-14.7,0.0
31073,2017,2697.7,504.7,145.5,199.4,19,-20.0,3.0
31073,2018,2700.1,520.4,245.4,190.0,23,-20.6,5.0
31073,2019,2645.9,597.7,267.2,277.2,14,-19.4,2.0
31073,2020,2693.4,311.1,162.5,119.3,39,-13.8,0.0
31073,2021,2770.3,410.1,170.5,145.7,32,-24.5,5.0
31073,2022,2853.7,287.4,124.6,94.2,47,-17.2,0.0
31073,2023,2830.0,403.1,197.4,139.5,36,-23.8,3.0
31073,2024,2839.0,435.4,178.9,166.0,32,-23.8,4.0
31073,2025,2802.6,495.8,200.6,193.2,34,-22.7,8.0
31075,2000,2483.5,321.5,142.5,80.8,39,,
31075,2001,2452.5,445.1,98.7,189.7,31,-19.0,3.0
31075,2002,2469.3,252.5,57.2,120.1,32,-17.1,0.0
31075,2003,2394.6,297.7,141.0,63.9,40,-20.7,2.0
31075,2004,2282.9,434.6,121.6,166.4,19,-18.3,1.0
31075,2005,2423.7,400.6,203.9,102.9,31,-17.8,0.0
31075,2006,2499.8,302.4,105.4,103.6,33,-20.4,4.0
31075,2007,2454.4,440.9,187.3,138.3,30,-19.7,3.0
31075,2008,2250.6,444.9,185.6,132.0,24,-18.5,1.0
31075,2009,2136.0,550.2,208.5,204.2,8,-21.4,4.0
31075,2010,2320.1,510.8,188.0,209.0,22,-21.9,4.0
31075,2011,2286.4,511.5,216.6,205.4,29,-22.2,9.0
31075,2012,2673.7,183.4,49.6,52.5,43,-16.2,0.0
31075,2013,2436.2,415.8,192.2,136.6,20,-16.6,0.0
31075,2014,2293.0,493.7,240.0,161.6,17,-22.2,8.0
31075,2015,2360.0,488.1,275.2,105.9,23,-20.1,3.0
31075,2016,2403.4,415.7,130.0,140.9,20,-14.0,0.0
31075,2017,2372.5,389.5,118.0,167.7,23,-21.0,4.0
31075,2018,2392.5,488.1,268.8,139.0,18,-22.0,6.0
31075,2019,2321.5,459.3,203.2,172.0,19,-20.1,4.0
31075,2020,2481.6,244.3,138.2,65.3,40,-14.0,0.0
31075,2021,2534.2,303.7,124.0,85.4,41,-25.0,6.0
31075,2022,2558.3,256.9,108.8,92.4,40,-20.8,5.0
31075,2023,2480.8,424.1,226.4,140.1,23,-26.7,10.0
31075,2024,2584.6,301.8,128.1,94.5,29,-26.4,5.0
31075,2025,2507.4,348.8,209.7,78.6,31,-24.2,9.0
31077,2000,2712.1,330.9,121.5,134.8,43,,
31077,2001,2657.6,472.5,150.2,147.6,35,-18.8,3.0
31077,2002,2697.0,332.0,129.1,119.4,41,-14.2,0.0
31077,2003,2566.9,449.7,201.3,72.3,42,-20.0,4.0
31077,2004,2545.9,545.2,209.5,162.2,13,-20.1,5.0
31077,2005,2669.7,505.2,253.3,141.8,27,-18.8,2.0
31077,2006,2686.0,516.4,118.7,190.4,27,-21.8,5.0
31077,2007,2590.9,691.3,264.8,229.9,19,-19.5,4.0
31077,2008,2360.1,676.0,383.3,132.4,6,-19.5,1.0
31077,2009,2354.9,505.0,214.7,210.4,8,-24.4,7.0
31077,2010,2555.9,645.3,353.0,179.5,15,-25.7,10.0
31077,2011,2486.4,548.8,261.5,190.6,22,-21.3,6.0
31077,2012,2852.4,246.7,115.9,35.5,45,-19.6,2.0
31077,2013,2597.2,541.7,213.9,165.7,27,-16.1,0.0
31077,2014,2495.4,596.0,253.8,201.9,16,-23.3,5.0
31077,2015,2599.0,547.0,228.1,169.8,22,-20.9,7.0
31077,2016,2618.8,551.0,161.0,156.4,18,-19.5,2.0
31077,2017,2594.1,550.0,148.0,218.2,21,-21.3,4.0
31077,2018,2573.8,604.7,289.2,214.8,9,-23.2,6.0
31077,2019,2487.2,691.7,281.9,315.2,3,-21.3,9.0
31077,2020,2557.9,341.8,177.2,122.3,23,-18.6,1.0
31077,2021,2678.7,406.3,136.1,187.6,26,-26.9,9.0
31077,2022,2764.5,335.8,136.9,110.6,43,-19.2,4.0
31077,2023,2787.5,420.7,175.3,176.9,25,-25.3,4.0
31077,2024,2727.4,516.8,279.9,133.4,23,-31.6,8.0
31077,2025,2676.2,652.6,307.8,262.5,20,-24.1,10.0
31079,2000,2765.2,338.2,111.8,155.2,39,,
31079,2001,2724.1,490.9,187.1,135.4,38,-18.3,1.0
31079,2002,2754.2,350.9,146.5,114.4,40,-14.1,0.0
31079,2003,2634.2,461.7,217.4,56.9,49,-18.7,1.0
31079,2004,2634.2,482.7,172.8,155.1,15,-20.1,5.0
31079,2005,2736.2,509.6,259.2,144.3,28,-19.2,3.0
31079,2006,2738.0,527.2,134.8,212.8,26,-20.3,2.0
31079,2007,2657.7,688.4,254.1,257.6,21,-18.5,3.0
31079,2008,2420.9,689.8,381.3,148.0,9,-17.5,0.0
31079,2009,2434.1,470.0,211.5,169.6,10,-22.3,7.0
31079,2010,2638.7,627.5,330.0,182.4,18,-25.4,10.0
31079,2011,2555.4,585.1,261.5,220.2,22,-22.6,5.0
31079,2012,2905.8,266.5,134.8,48.7,48,-19.5,2.0
31079,2013,2667.8,504.1,206.0,141.9,28,-15.2,0.0
31079,2014,2561.2,644.8,256.9,220.6,17,-22.8,5.0
31079,2015,2656.0,553.0,252.8,151.1,19,-19.6,2.0
31079,2016,2700.8,501.8,138.0,137.8,25,-17.8,0.0
31079,2017,2668.3,564.2,181.1,221.7,19,-20.7,4.0
31079,2018,2668.2,579.9,267.3,204.6,17,-22.3,5.0
31079,2019,2561.9,721.6,311.4,336.9,3,-20.2,4.0
31079,2020,2605.6,352.9,189.0,115.7,22,-17.8,0.0
31079,2021,2723.3,410.8,149.2,179.7,27,-27.7,9.0
31079,2022,2822.7,349.3,156.3,103.0,41,-18.1,1.0
31079,2023,2870.3,361.8,141.9,151.4,33,-24.6,4.0
31079,2024,2799.4,506.3,257.8,155.4,22,-31.1,8.0
31079,2025,2751.8,589.3,284.6,219.7,25,-24.8,10.0
31081,2000,2792.0,341.5,107.1,160.8,40,,
31081,2001,2746.2,482.5,171.4,138.1,38,-18.6,1.0
31081,2002,2793.5,341.4,139.1,116.7,43,-14.2,0.0
31081,2003,2645.6,456.0,221.7,52.2,47,-20.1,2.0
31081,2004,2677.0,503.3,175.8,158.5,16,-21.2,4.0
31081,2005,2776.8,505.1,269.8,148.0,28,-19.3,3.0
31081,2006,2766.4,526.0,132.1,215.5,24,-21.7,4.0
31081,2007,2678.8,676.5,257.4,238.6,18,-18.2,2.0
31081,2008,2449.2,682.5,381.3,139.5,8,-18.4,1.0
31081,2009,2455.3,502.2,232.6,179.5,11,-23.2,6.0
31081,2010,2678.1,638.3,335.9,188.3,15,-25.7,10.0
31081,2011,2596.0,581.6,262.9,216.1,23,-21.5,6.0
31081,2012,2927.6,263.7,125.4,45.4,49,-19.1,1.0
31081,2013,2681.6,522.3,201.3,156.0,28,-15.6,0.0
31081,2014,2590.0,624.5,252.4,214.2,17,-22.9,5.0
31081,2015,2645.8,656.8,314.6,178.7,13,-19.8,5.0
31081,2016,2724.4,564.8,170.4,169.6,19,-19.4,2.0
31081,2017,2663.7,592.0,199.5,234.7,16,-21.1,4.0
31081,2018,2707.3,576.8,268.1,181.6,17,-23.0,5.0
31081,2019,2582.5,677.2,331.3,264.6,3,-20.8,4.0
31081,2020,2610.6,399.2,195.6,143.9,15,-18.7,1.0
31081,2021,2734.9,425.6,172.2,177.0,29,-28.5,8.0
31081,2022,2819.3,396.9,208.3,98.1,39,-18.1,2.0
31081,2023,2907.2,348.0,92.0,193.0,26,-24.4,4.0
31081,2024,2825.7,521.0,267.9,165.1,23,-33.8,8.0
31081,2025,2773.1,585.1,235.6,266.8,24,-25.6,10.0
31083,2000,2894.5,319.2,128.0,124.5,48,,
31083,2001,2853.3,523.2,198.9,176.8,41,-16.0,0.0
31083,2002,2892.2,271.1,129.3,84.5,46,-13.6,0.0
31083,2003,2757.5,418.0,191.2,75.8,52,-15.6,0.0
31083,2004,2777.3,483.7,151.7,177.4,24,-19.8,3.0
31083,2005,2818.7,528.1,222.1,213.2,30,-18.5,1.0
31083,2006,2857.8,477.6,175.7,193.5,34,-16.9,0.0
31083,2007,2783.9,578.8,221.7,204.4,31,-17.8,0.0
31083,2008,2618.8,611.7,272.0,219.2,27,-16.2,0.0
31083,2009,2584.5,511.9,192.4,215.1,13,-18.8,2.0
31083,2010,2804.8,602.7,274.4,177.7,35,-20.5,4.0
31083,2011,2740.5,547.7,222.9,248.7,37,-20.6,4.0
31083,2012,3019.4,260.3,77.3,85.7,44,-15.6,0.0
31083,2013,2849.4,351.0,109.8,115.3,35,-14.7,0.0
31083,2014,2776.9,496.5,212.8,174.9,35,-21.0,3.0
31083,2015,2877.1,457.1,201.6,166.8,32,-16.5,0.0
31083,2016,2823.2,588.2,147.9,182.8,34,-14.5,0.0
31083,2017,2783.5,511.2,189.0,162.6,23,-18.9,2.0
31083,2018,2824.6,583.1,240.4,228.8,27,-19.9,4.0
31083,2019,2763.2,642.2,317.4,266.6,14,-16.5,0.0
31083,2020,2755.5,378.8,176.5,168.1,34,-13.1,0.0
31083,2021,2844.2,442.0,189.7,156.2,36,-24.0,5.0
31083,2022,2923.2,344.4,150.8,114.8,49,-16.8,0.0
31083,2023,2942.2,434.2,196.0,176.0,37,-22.9,3.0
31083,2024,2932.6,403.4,180.8,147.6,34,-23.2,4.0
31083,2025,2908.7,490.1,182.9,203.7,32,-21.4,7.0
31085,2000,2766.8,250.6,53.4,107.9,51,,
31085,2001,2732.7,385.5,105.7,135.5,44,-16.2,0.0
31085,2002,2760.3,211.7,72.2,93.1,43,-14.7,0.0
31085,2003,2640.0,336.8,137.3,71.8,50,-16.7,0.0
31085,2004,2596.9,451.4,120.3,200.6,22,-18.6,2.0
31085,2005,2688.8,403.5,200.9,140.4,37,-16.4,0.0
31085,2006,2750.0,357.1,119.6,158.5,38,-19.7,2.0
31085,2007,2686.0,491.7,199.2,159.0,34,-18.7,1.0
31085,2008,2520.7,443.1,197.6,126.3,32,-17.6,0.0
31085,2009,2427.4,531.1,219.9,172.9,16,-19.9,2.0
31085,2010,2629.9,481.3,192.5,180.1,33,-20.5,2.0
31085,2011,2565.2,500.1,236.6,175.1,37,-20.4,4.0
31085,2012,2900.7,227.7,58.8,76.8,47,-15.9,0.0
31085,2013,2716.6,350.8,131.8,113.6,37,-15.3,0.0
31085,2014,2621.5,456.7,265.3,134.7,36,-20.1,2.0
31085,2015,2690.2,465.7,239.3,128.7,33,-17.2,0.0
31085,2016,2666.7,445.7,142.7,112.5,33,-12.8,0.0
31085,2017,2646.0,424.4,124.0,162.3,29,-18.7,3.0
31085,2018,2679.9,453.1,222.1,173.2,24,-21.0,3.0
31085,2019,2627.1,490.1,215.8,225.3,27,-17.1,0.0
31085,2020,2709.6,268.0,118.7,121.0,43,-11.7,0.0
31085,2021,2766.8,294.4,149.1,72.0,44,-23.1,5.0
31085,2022,2821.8,214.1,102.9,77.1,50,-17.2,0.0
31085,2023,2739.1,431.1,277.8,122.2,38,-23.4,4.0
31085,2024,2823.8,381.3,153.2,164.0,38,-22.6,4.0
31085,2025,2747.1,527.4,238.1,173.1,40,-21.9,6.0
31087,2000,2840.4,238.2,56.7,108.4,52,,
31087,2001,2811.0,372.4,120.6,143.2,46,-15.7,0.0
31087,2002,2835.6,207.6,70.3,89.4,43,-14.3,0.0
31087,2003,2697.5,333.4,151.5,75.0,50,-15.8,0.0
31087,2004,2667.4,440.0,106.7,189.0,24,-17.8,0.0
31087,2005,2749.6,405.4,195.0,146.4,37,-15.5,0.0
31087,2006,2804.2,350.8,132.1,157.0,38,-19.6,2.0
31087,2007,2764.4,417.7,124.5,166.1,35,-17.8,0.0
31087,2008,2607.1,409.1,155.8,156.2,31,-16.1,0.0
31087,2009,2504.6,532.3,225.0,166.9,24,-19.7,1.0
31087,2010,2735.5,414.8,149.7,166.3,39,-20.1,2.0
31087,2011,2664.2,458.7,186.4,188.5,41,-19.8,2.0
31087,2012,2958.0,230.9,57.9,81.4,47,-16.9,0.0
31087,2013,2783.2,332.6,105.7,112.8,38,-14.4,0.0
31087,2014,2713.9,432.5,230.7,140.9,39,-18.7,2.0
31087,2015,2779.8,435.3,222.6,119.0,38,-16.4,0.0
31087,2016,2737.8,442.7,123.6,112.9,38,-13.3,0.0
31087,2017,2689.7,461.5,175.2,148.1,27,-16.4,0.0
31087,2018,2774.3,404.1,207.4,139.3,34,-19.9,1.0
31087,2019,2720.2,480.1,219.4,224.9,31,-16.4,0.0
31087,2020,2779.2,276.4,123.6,126.5,44,-9.8,0.0
31087,2021,2827.4,294.0,159.3,61.6,47,-22.7,4.0
31087,2022,2872.1,256.7,96.9,124.2,50,-16.8,0.0
31087,2023,2801.2,422.0,262.0,135.1,40,-22.8,4.0
31087,2024,2915.4,331.4,140.5,135.0,41,-21.5,4.0
31087,2025,2828.3,494.1,178.4,188.0,41,-22.2,3.0
31089,2000,2670.6,350.7,166.1,111.5,44,,
31089,2001,2586.4,514.2,151.5,162.0,30,-21.6,8.0
31089,2002,2673.4,315.3,88.2,136.7,40,-15.1,0.0
31089,2003,2535.5,392.8,175.5,89.7,38,-21.0,3.0
31089,2004,2513.5,488.5,195.8,124.8,15,-20.8,3.0
31089,2005,2644.9,545.6,272.6,103.1,30,-19.2,2.0
31089,2006,2662.2,412.7,91.9,117.2,33,-24.6,8.0
31089,2007,2601.8,566.0,225.9,174.9,27,-20.5,5.0
31089,2008,2373.6,564.7,285.0,142.8,15,-21.8,3.0
31089,2009,2311.7,488.6,187.6,221.0,7,-22.9,9.0
31089,2010,2496.2,689.0,319.0,234.4,14,-27.8,10.0
31089,2011,2443.6,491.9,237.5,168.8,26,-22.0,11.0
31089,2012,2834.4,258.0,100.6,45.1,47,-19.7,1.0
31089,2013,2534.5,540.6,224.9,181.0,23,-18.6,1.0
31089,2014,2474.1,495.8,212.3,196.1,15,-24.0,15.0
31089,2015,2574.7,549.0,212.6,191.2,25,-24.8,13.0
31089,2016,2567.5,571.3,186.5,144.6,17,-21.7,3.0
31089,2017,2535.6,536.9,123.8,232.5,21,-22.7,3.0
31089,2018,2493.4,653.9,258.3,226.7,8,-25.6,10.0
31089,2019,2399.1,674.5,237.1,248.6,6,-23.3,11.0
31089,2020,2541.0,379.8,190.4,159.2,21,-20.2,3.0
31089,2021,2705.4,344.3,110.1,162.5,29,-25.4,8.0
31089,2022,2699.7,357.4,157.0,105.7,43,-20.4,7.0
31089,2023,2767.7,443.1,180.2,167.2,27,-26.6,11.0
31089,2024,2668.3,447.3,255.9,79.1,23,-31.9,8.0
31089,2025,2659.6,581.4,245.6,253.3,18,-24.1,12.0
31091,2000,2535.1,323.3,146.5,79.1,43,,
31091,2001,2504.5,447.6,105.6,182.9,34,-19.1,3.0
31091,2002,2529.8,252.3,62.4,114.7,33,-15.8,0.0
31091,2003,2447.0,311.2,151.9,62.8,43,-19.8,1.0
31091,2004,2354.1,438.1,121.9,169.7,19,-18.3,1.0
31091,2005,2491.5,392.0,201.3,101.7,31,-18.1,1.0
31091,2006,2571.9,305.2,104.4,105.6,32,-20.0,4.0
31091,2007,2512.1,439.5,188.2,134.3,34,-19.2,2.0
31091,2008,2305.4,451.9,188.1,135.4,25,-17.9,0.0
31091,2009,2200.2,534.4,204.1,197.3,10,-21.2,4.0
31091,2010,2384.5,531.2,204.8,209.4,25,-22.0,4.0
31091,2011,2341.6,498.5,214.5,197.1,31,-21.8,9.0
31091,2012,2728.8,186.3,50.1,50.2,43,-18.4,1.0
31091,2013,2483.5,407.6,187.6,133.8,22,-16.0,0.0
31091,2014,2350.2,494.3,240.3,162.8,18,-22.5,6.0
31091,2015,2419.9,491.5,259.6,107.0,27,-20.6,5.0
31091,2016,2446.8,469.4,163.8,145.7,20,-16.1,0.0
31091,2017,2415.7,416.2,121.6,161.1,25,-21.2,4.0
31091,2018,2410.4,561.0,316.9,154.1,19,-22.1,6.0
31091,2019,2347.1,542.2,226.7,203.0,17,-19.9,8.0
31091,2020,2496.1,299.5,153.6,102.5,37,-15.6,0.0
31091,2021,2557.0,371.4,135.0,121.8,34,-25.6,10.0
31091,2022,2598.1,271.8,111.9,94.7,42,-21.1,5.0
31091,2023,2523.9,494.1,263.6,168.2,22,-26.8,11.0
31091,2024,2620.1,338.8,161.0,98.0,32,-26.8,6.0
31091,2025,2543.0,396.6,221.8,95.3,29,-24.9,10.0
31093,2000,2765.2,338.2,111.8,155.2,39,,
31093,2001,2724.1,490.9,187.1,135.4,38,-18.3,1.0
31093,2002,2754.2,350.9,146.5,114.4,40,-14.1,0.0
31093,2003,2634.2,461.7,217.4,56.9,49,-18.7,1.0
31093,2004,2634.2,482.7,172.8,155.1,15,-20.1,5.0
31093,2005,2736.2,509.6,259.2,144.3,28,-19.2,3.0
31093,2006,2738.0,527.2,134.8,212.8,26,-20.3,2.0
31093,2007,2657.7,688.4,254.1,257.6,21,-18.5,3.0
31093,2008,2420.9,689.8,381.3,148.0,9,-17.5,0.0
31093,2009,2434.1,470.0,211.5,169.6,10,-22.3,7.0
31093,2010,2638.7,627.5,330.0,182.4,18,-25.4,10.0
31093,2011,2555.4,585.1,261.5,220.2,22,-22.6,5.0
31093,2012,2905.8,266.5,134.8,48.7,48,-19.5,2.0
31093,2013,2667.8,504.1,206.0,141.9,28,-15.2,0.0
31093,2014,2561.2,644.8,256.9,220.6,17,-22.8,5.0
31093,2015,2656.0,553.0,252.8,151.1,19,-19.6,2.0
31093,2016,2700.8,501.8,138.0,137.8,25,-17.8,0.0
31093,2017,2668.3,564.2,181.1,221.7,19,-20.7,4.0
31093,2018,2668.2,579.9,267.3,204.6,17,-22.3,5.0
31093,2019,2561.9,721.6,311.4,336.9,3,-20.2,4.0
31093,2020,2605.6,352.9,189.0,115.7,22,-17.8,0.0
31093,2021,2723.3,410.8,149.2,179.7,27,-27.7,9.0
31093,2022,2822.7,349.3,156.3,103.0,41,-18.1,1.0
31093,2023,2870.3,361.8,141.9,151.4,33,-24.6,4.0
31093,2024,2799.4,506.3,257.8,155.4,22,-31.1,8.0
31093,2025,2751.8,589.3,284.6,219.7,25,-24.8,10.0
31095,2000,2944.1,406.3,162.6,159.5,47,,
31095,2001,2833.1,742.7,313.2,226.8,38,-22.3,10.0
31095,2002,2935.3,398.0,165.6,138.1,48,-15.9,0.0
31095,2003,2756.6,513.6,240.0,88.9,52,-20.3,1.0
31095,2004,2774.6,525.8,253.8,165.6,14,-24.6,9.0
31095,2005,2896.0,599.4,211.3,233.6,30,-21.7,5.0
31095,2006,2880.1,617.4,149.8,253.0,34,-17.3,0.0
31095,2007,2800.4,770.2,320.1,268.6,27,-20.6,2.0
31095,2008,2609.1,706.3,278.8,223.1,13,-19.1,2.0
31095,2009,2667.8,543.0,200.6,177.8,20,-21.3,5.0
31095,2010,2903.3,671.2,276.1,195.6,34,-27.2,11.0
31095,2011,2844.0,571.0,231.5,256.0,38,-19.7,4.0
31095,2012,3033.0,392.8,160.4,105.1,47,-17.8,0.0
31095,2013,2769.6,598.7,242.4,184.3,31,-14.6,0.0
31095,2014,2808.7,584.0,236.0,180.8,31,-23.4,5.0
31095,2015,2799.5,745.6,424.7,176.2,10,-20.2,2.0
31095,2016,2895.1,650.7,209.3,228.2,25,-17.4,0.0
31095,2017,2856.0,532.2,230.2,122.2,25,-20.4,2.0
31095,2018,2930.1,686.1,273.0,198.8,33,-22.6,4.0
31095,2019,2746.1,875.7,410.3,309.8,5,-20.5,2.0
31095,2020,2722.7,568.7,239.1,239.8,14,-17.4,0.0
31095,2021,2907.5,451.7,182.7,189.0,35,-24.4,5.0
31095,2022,2928.2,547.0,254.6,187.8,34,-16.9,0.0
31095,2023,2991.2,471.4,135.9,217.5,34,-22.0,2.0
31095,2024,2991.7,502.3,268.8,158.4,35,-33.2,8.0
31095,2025,2942.9,582.3,204.3,230.2,32,-23.1,6.0
31097,2000,2869.3,456.8,183.3,191.4,40,,
31097,2001,2744.3,699.1,338.2,182.5,34,-21.5,12.0
31097,2002,2877.4,422.1,152.7,181.2,43,-16.6,0.0
31097,2003,2701.3,468.5,242.3,93.3,51,-21.7,2.0
31097,2004,2732.1,501.7,242.4,184.6,14,-24.3,9.0
31097,2005,2887.3,519.4,203.3,191.7,34,-20.2,5.0
31097,2006,2815.5,595.1,150.2,232.0,35,-17.8,0.0
31097,2007,2763.4,732.3,303.1,272.9,27,-19.0,2.0
31097,2008,2564.0,714.6,379.0,127.0,7,-19.5,4.0
31097,2009,2621.7,517.5,210.9,180.3,14,-22.8,6.0
31097,2010,2821.8,700.3,279.6,226.2,26,-29.7,14.0
31097,2011,2788.4,536.5,196.6,246.8,33,-18.4,2.0
31097,2012,2986.3,367.2,151.2,93.0,49,-17.1,0.0
31097,2013,2714.7,575.1,287.3,109.8,30,-16.4,0.0
31097,2014,2719.2,653.2,269.9,193.6,23,-23.5,7.0
31097,2015,2712.3,797.7,428.7,203.3,7,-20.8,5.0
31097,2016,2838.9,655.0,197.7,246.5,22,-19.0,3.0
31097,2017,2821.8,529.6,227.8,145.1,25,-21.6,3.0
31097,2018,2865.5,643.4,264.8,197.8,35,-23.8,4.0
31097,2019,2728.0,724.2,349.3,229.0,5,-23.3,6.0
31097,2020,2728.0,503.5,237.2,176.8,18,-19.0,1.0
31097,2021,2867.1,439.6,195.7,167.6,38,-25.4,6.0
31097,2022,2908.5,431.4,228.7,113.5,42,-17.5,0.0
31097,2023,2938.0,468.8,134.4,245.3,26,-22.2,3.0
31097,2024,2962.0,478.5,239.4,160.4,30,-31.0,8.0
31097,2025,2876.7,608.1,221.3,251.1,26,-22.9,7.0
31099,2000,2804.0,367.0,130.0,168.6,41,,
31099,2001,2766.5,507.8,194.5,160.4,41,-17.4,0.0
31099,2002,2804.0,311.8,128.6,105.3,42,-14.1,0.0
31099,2003,2674.6,438.0,210.9,49.6,51,-17.7,0.0
31099,2004,2695.4,482.2,168.4,154.2,20,-20.2,6.0
31099,2005,2770.0,506.3,255.5,171.1,27,-19.4,3.0
31099,2006,2778.8,503.3,156.9,209.8,27,-19.4,2.0
31099,2007,2691.3,662.2,272.7,227.6,26,-18.6,1.0
31099,2008,2483.1,658.8,337.9,175.1,12,-16.5,0.0
31099,2009,2504.8,460.4,195.4,166.0,13,-20.8,4.0
31099,2010,2690.0,683.9,330.1,209.5,20,-24.0,6.0
31099,2011,2603.7,621.4,264.5,252.8,26,-23.0,4.0
31099,2012,2931.3,303.4,127.9,78.7,43,-19.3,1.0
31099,2013,2714.7,468.4,165.0,154.9,32,-15.0,0.0
31099,2014,2633.7,593.9,242.8,211.9,20,-22.5,5.0
31099,2015,2719.4,554.9,277.2,153.4,19,-18.5,1.0
31099,2016,2759.7,489.9,128.2,143.2,29,-16.8,0.0
31099,2017,2714.8,547.7,194.8,197.3,21,-20.4,3.0
31099,2018,2741.0,578.2,241.2,196.2,28,-21.7,5.0
31099,2019,2631.9,705.0,328.7,312.7,3,-18.9,3.0
31099,2020,2653.6,363.8,191.1,129.0,21,-16.0,0.0
31099,2021,2753.1,430.7,174.3,173.0,26,-28.0,7.0
31099,2022,2852.6,366.5,165.3,114.7,40,-17.6,0.0
31099,2023,2891.8,407.9,175.2,147.2,34,-24.0,4.0
31099,2024,2847.9,446.2,205.9,157.0,27,-27.9,8.0
31099,2025,2812.5,525.5,232.2,199.6,27,-24.3,8.0
31101,2000,2672.4,247.5,68.8,90.1,50,,
31101,2001,2616.3,424.9,101.9,150.6,42,-17.1,0.0
31101,2002,2644.7,257.8,70.4,133.3,37,-15.4,0.0
31101,2003,2565.8,318.0,138.9,68.2,48,-17.1,0.0
31101,2004,2491.6,434.4,125.1,185.8,23,-18.5,2.0
31101,2005,2602.1,398.5,205.2,125.4,37,-16.4,0.0
31101,2006,2666.8,339.6,113.1,136.5,38,-20.6,2.0
31101,2007,2589.7,519.1,243.7,148.3,30,-19.3,1.0
31101,2008,2429.6,423.8,179.2,116.4,31,-18.1,1.0
31101,2009,2330.8,516.1,219.1,156.1,14,-20.7,3.0
31101,2010,2520.0,489.7,204.7,171.0,32,-20.6,3.0
31101,2011,2449.7,522.7,247.0,176.6,37,-21.4,7.0
31101,2012,2817.3,202.0,52.8,53.4,46,-15.0,0.0
31101,2013,2620.4,358.0,166.5,109.1,34,-16.0,0.0
31101,2014,2511.6,464.2,270.5,136.8,37,-20.8,5.0
31101,2015,2567.4,460.6,246.5,106.3,30,-17.4,0.0
31101,2016,2578.1,379.6,132.5,115.3,32,-13.2,0.0
31101,2017,2561.0,360.6,115.1,126.6,30,-19.8,4.0
31101,2018,2602.9,412.0,213.8,125.7,29,-21.1,3.0
31101,2019,2546.2,446.6,196.5,177.3,31,-17.9,0.0
31101,2020,2645.1,235.2,120.4,77.9,44,-11.4,0.0
31101,2021,2673.2,321.6,142.3,97.9,45,-23.6,5.0
31101,2022,2742.6,201.9,80.0,73.9,48,-18.8,1.0
31101,2023,2666.1,377.8,226.2,115.4,36,-25.2,5.0
31101,2024,2747.5,334.0,109.8,143.5,35,-23.9,5.0
31101,2025,2675.1,421.0,208.9,127.7,42,-22.4,5.0
31103,2000,2574.9,359.9,186.8,95.0,41,,
31103,2001,2519.0,500.8,166.6,126.8,32,-19.6,9.0
31103,2002,2597.3,261.4,71.3,103.0,35,-15.5,0.0
31103,2003,2507.4,337.3,184.4,69.2,44,-20.4,3.0
31103,2004,2463.3,345.3,138.2,83.5,26,-20.8,3.0
31103,2005,2582.9,461.4,242.1,81.8,34,-19.2,4.0
31103,2006,2665.9,285.8,78.8,73.4,41,-20.8,4.0
31103,2007,2597.0,426.0,227.5,110.1,34,-20.6,4.0
31103,2008,2374.2,431.9,223.6,107.5,27,-20.6,4.0
31103,2009,2293.3,399.9,140.1,180.1,11,-22.7,8.0
31103,2010,2469.1,496.0,227.3,152.9,27,-23.6,4.0
31103,2011,2376.6,512.6,248.6,183.3,30,-21.8,10.0
31103,2012,2772.6,240.6,101.9,43.5,48,-20.0,1.0
31103,2013,2513.5,429.6,185.9,147.0,25,-17.9,0.0
31103,2014,2404.2,440.1,215.1,145.3,18,-23.7,18.0
31103,2015,2503.7,514.2,226.0,169.2,29,-22.1,8.0
31103,2016,2518.9,490.0,163.7,135.4,21,-20.8,2.0
31103,2017,2480.4,426.4,112.9,163.8,26,-22.4,4.0
31103,2018,2460.4,563.1,252.4,184.4,17,-24.1,10.0
31103,2019,2316.7,694.5,264.9,261.8,6,-23.1,10.0
31103,2020,2481.1,411.7,220.8,155.7,25,-19.8,1.0
31103,2021,2612.6,406.3,119.0,151.7,34,-26.7,10.0
31103,2022,2630.3,320.9,131.5,89.4,38,-21.4,8.0
31103,2023,2665.8,472.0,210.4,161.2,26,-27.9,12.0
31103,2024,2640.4,373.8,202.0,72.4,31,-30.3,7.0
31103,2025,2605.2,461.9,192.3,135.6,28,-24.4,10.0
31105,2000,2499.0,225.2,76.6,72.0,49,,
31105,2001,2493.2,320.4,123.5,99.4,38,-17.6,0.0
31105,2002,2480.2,172.3,50.7,89.8,37,-15.8,0.0
31105,2003,2391.4,297.7,125.1,86.2,47,-20.0,1.0
31105,2004,2289.3,323.4,113.0,102.3,23,-17.4,0.0
31105,2005,2388.3,359.1,182.4,106.6,31,-16.3,0.0
31105,2006,2489.9,222.6,60.3,112.0,29,-21.7,2.0
31105,2007,2476.7,326.8,92.9,158.1,35,-20.0,4.0
31105,2008,2291.7,312.0,98.4,154.0,29,-18.0,1.0
31105,2009,2199.6,429.4,197.2,121.2,18,-21.0,2.0
31105,2010,2351.6,357.1,162.9,104.0,30,-22.4,4.0
31105,2011,2343.2,365.9,171.9,131.3,42,-23.6,5.0
31105,2012,2660.4,171.6,54.5,52.5,45,-16.9,0.0
31105,2013,2443.7,351.2,71.3,97.2,34,-17.2,0.0
31105,2014,2332.4,354.1,156.4,116.9,26,-23.8,7.0
31105,2015,2349.1,470.7,248.1,106.8,25,-21.5,4.0
31105,2016,2394.4,308.9,113.6,94.0,31,-14.7,0.0
31105,2017,2376.0,301.3,121.9,83.1,29,-20.2,4.0
31105,2018,2458.3,337.6,183.5,94.5,27,-18.8,1.0
31105,2019,2383.9,374.6,174.2,132.7,33,-18.7,1.0
31105,2020,2470.1,212.3,100.9,74.4,41,-13.7,0.0
31105,2021,2501.4,230.8,110.5,56.7,40,-23.9,5.0
31105,2022,2563.2,189.9,70.6,78.7,45,-20.6,1.0
31105,2023,2435.7,417.7,254.7,129.9,32,-25.9,8.0
31105,2024,2583.1,256.4,78.7,109.6,39,-24.6,5.0
31105,2025,2516.3,370.3,156.7,137.7,36,-25.4,4.0
31107,2000,2711.0,339.7,166.6,104.0,47,,
31107,2001,2624.0,504.7,147.4,160.9,31,-22.1,11.0
31107,2002,2704.8,322.1,89.7,137.9,40,-15.5,0.0
31107,2003,2557.5,401.5,175.4,93.7,37,-21.6,3.0
31107,2004,2539.5,507.8,210.6,125.6,16,-21.4,5.0
31107,2005,2685.2,557.6,273.6,102.6,29,-19.2,3.0
31107,2006,2673.2,441.8,103.1,125.3,33,-25.6,7.0
31107,2007,2620.4,572.7,213.8,190.8,26,-20.0,8.0
31107,2008,2403.7,568.1,299.7,134.7,16,-22.5,3.0
31107,2009,2348.9,476.1,184.7,213.8,8,-23.3,11.0
31107,2010,2533.3,694.8,306.7,247.3,13,-29.3,11.0
31107,2011,2480.0,488.0,239.6,159.7,24,-24.3,14.0
31107,2012,2865.9,257.9,106.0,41.5,49,-19.2,1.0
31107,2013,2548.3,541.2,227.3,178.6,23,-19.3,2.0
31107,2014,2501.1,522.1,227.1,203.1,13,-24.0,17.0
31107,2015,2613.8,550.9,206.3,205.1,23,-24.1,15.0
31107,2016,2603.9,575.0,188.6,141.3,18,-22.6,3.0
31107,2017,2555.8,540.1,137.1,219.0,22,-22.8,4.0
31107,2018,2527.9,646.1,292.2,209.1,5,-25.3,11.0
31107,2019,2444.3,638.6,233.9,213.8,4,-24.6,11.0
31107,2020,2596.7,356.1,174.7,147.5,30,-20.8,6.0
31107,2021,2727.5,386.0,115.7,200.4,32,-26.0,9.0
31107,2022,2733.8,347.7,153.6,111.6,40,-20.2,7.0
31107,2023,2796.7,434.4,154.8,187.7,25,-26.5,11.0
31107,2024,2672.6,484.0,276.6,86.8,22,-33.2,8.0
31107,2025,2688.2,581.2,237.9,272.1,12,-24.2,13.0
31109,2000,2824.6,407.3,165.6,171.1,39,,
31109,2001,2731.5,571.7,292.0,124.9,37,-21.7,13.0
31109,2002,2820.2,405.4,143.9,169.8,38,-15.1,0.0
31109,2003,2640.0,503.6,230.4,78.8,49,-21.8,2.0
31109,2004,2701.9,446.0,202.9,139.7,14,-24.8,9.0
31109,2005,2867.0,451.5,182.7,144.8,37,-20.3,5.0
31109,2006,2779.2,573.8,123.9,224.2,31,-19.6,2.0
31109,2007,2719.5,685.4,237.3,279.6,25,-19.2,5.0
31109,2008,2507.5,695.1,361.8,144.0,7,-20.3,3.0
31109,2009,2571.5,457.7,198.1,162.8,15,-24.3,7.0
31109,2010,2756.6,661.2,303.5,200.9,23,-30.1,15.0
31109,2011,2683.8,567.3,252.0,216.5,30,-20.7,3.0
31109,2012,2967.0,313.4,179.3,41.4,49,-18.2,1.0
31109,2013,2689.0,492.2,246.8,95.6,31,-17.5,0.0
31109,2014,2616.8,738.2,316.2,218.6,19,-23.4,5.0
31109,2015,2652.2,722.4,355.6,194.4,11,-21.8,5.0
31109,2016,2786.0,612.8,193.3,195.9,20,-20.7,3.0
31109,2017,2726.5,595.0,216.2,219.4,20,-21.8,3.0
31109,2018,2784.9,588.5,272.0,172.9,22,-23.9,4.0
31109,2019,2661.9,649.9,325.2,222.8,5,-22.7,4.0
31109,2020,2692.8,413.7,201.8,143.2,18,-19.7,1.0
31109,2021,2797.6,435.6,177.5,179.9,36,-27.3,7.0
31109,2022,2877.2,393.4,214.3,91.4,41,-18.0,0.0
31109,2023,2945.9,375.5,91.9,220.0,30,-23.7,4.0
31109,2024,2882.0,518.2,260.9,172.9,24,-33.6,8.0
31109,2025,2825.9,596.4,220.1,280.2,24,-25.0,9.0
31111,2000,2714.8,268.9,83.2,101.9,47,,
31111,2001,2672.8,449.1,106.0,157.5,35,-16.5,0.0
31111,2002,2714.1,234.2,83.7,94.6,40,-14.4,0.0
31111,2003,2601.8,343.0,154.4,60.6,47,-17.6,0.0
31111,2004,2547.3,483.0,143.7,202.0,19,-18.8,2.0
31111,2005,2652.7,423.5,219.6,134.4,27,-17.8,0.0
31111,2006,2727.2,372.0,117.1,154.0,34,-19.1,3.0
31111,2007,2618.7,571.3,254.5,157.6,28,-18.7,1.0
31111,2008,2434.2,525.8,252.5,130.0,22,-17.4,0.0
31111,2009,2357.4,515.6,209.2,176.8,9,-19.8,4.0
31111,2010,2557.2,544.9,230.2,194.6,26,-21.2,5.0
31111,2011,2494.8,496.1,234.5,169.2,34,-21.1,5.0
31111,2012,2867.5,211.4,53.6,60.6,45,-16.0,0.0
31111,2013,2653.5,383.1,158.8,119.0,31,-15.6,0.0
31111,2014,2547.4,466.6,268.9,133.9,27,-21.2,3.0
31111,2015,2631.7,491.8,236.7,139.5,27,-19.7,2.0
31111,2016,2607.5,478.2,170.4,124.8,24,-13.4,0.0
31111,2017,2611.0,459.4,107.0,193.5,25,-20.3,4.0
31111,2018,2593.7,508.4,270.3,165.0,19,-21.6,5.0
31111,2019,2535.2,574.0,240.3,262.2,14,-18.3,1.0
31111,2020,2626.2,289.5,139.1,116.2,34,-13.6,0.0
31111,2021,2713.7,365.7,147.6,121.9,34,-25.1,6.0
31111,2022,2773.7,260.7,117.9,88.7,45,-18.5,1.0
31111,2023,2711.0,428.0,235.0,142.6,32,-24.6,4.0
31111,2024,2759.0,405.8,182.3,143.1,30,-24.9,4.0
31111,2025,2684.8,544.2,272.0,171.2,32,-24.1,8.0
31113,2000,2639.7,294.6,120.4,91.9,46,,
31113,2001,2585.9,486.8,112.9,169.2,36,-17.3,0.0
31113,2002,2641.7,257.1,85.7,106.6,39,-15.1,0.0
31113,2003,2535.5,333.9,153.9,60.9,44,-18.5,1.0
31113,2004,2469.1,481.7,137.2,200.1,17,-18.3,3.0
31113,2005,2600.7,376.7,191.6,116.4,33,-18.5,1.0
31113,2006,2679.1,326.6,101.7,122.2,35,-20.8,3.0
31113,2007,2564.2,543.5,251.4,139.6,32,-18.8,2.0
31113,2008,2363.4,522.4,233.2,137.3,18,-17.7,0.0
31113,2009,2285.0,515.8,213.6,175.0,9,-20.8,5.0
31113,2010,2464.3,595.4,259.2,217.4,21,-21.7,6.0
31113,2011,2426.7,458.5,207.1,167.2,30,-22.0,9.0
31113,2012,2805.6,209.3,47.9,52.8,45,-17.6,0.0
31113,2013,2573.1,410.5,181.9,130.1,24,-15.6,0.0
31113,2014,2465.3,467.4,253.4,143.9,22,-22.2,5.0
31113,2015,2538.4,498.2,241.4,128.7,26,-20.8,4.0
31113,2016,2532.0,497.5,178.7,136.6,20,-15.5,0.0
31113,2017,2526.6,458.9,101.3,188.8,25,-20.6,4.0
31113,2018,2500.1,552.5,308.0,156.6,16,-22.1,6.0
31113,2019,2435.4,609.8,245.6,263.3,12,-19.4,6.0
31113,2020,2545.8,313.0,154.0,117.9,32,-16.2,0.0
31113,2021,2647.4,367.7,134.4,130.6,33,-26.1,10.0
31113,2022,2699.9,279.2,118.0,94.4,42,-19.3,3.0
31113,2023,2636.8,467.3,253.3,155.2,27,-26.0,8.0
31113,2024,2691.1,386.1,189.9,114.3,30,-25.8,5.0
31113,2025,2621.9,499.0,266.8,142.5,31,-24.7,9.0
31115,2000,2640.4,373.0,155.4,132.5,42,,
31115,2001,2562.6,528.2,153.1,167.0,32,-19.2,6.0
31115,2002,2653.2,283.0,94.3,114.6,38,-14.9,0.0
31115,2003,2520.2,393.9,184.1,72.6,40,-19.9,4.0
31115,2004,2487.8,495.5,180.1,143.9,14,-19.4,4.0
31115,2005,2615.4,483.1,235.5,132.6,25,-18.9,2.0
31115,2006,2673.4,367.9,78.9,119.7,30,-21.3,7.0
31115,2007,2565.8,628.4,274.6,167.6,24,-20.4,5.0
31115,2008,2340.9,603.3,298.5,147.5,14,-19.7,2.0
31115,2009,2287.8,512.9,204.1,216.1,6,-22.5,8.0
31115,2010,2468.6,663.6,355.3,188.0,14,-25.2,6.0
31115,2011,2413.5,500.6,240.0,178.0,23,-21.5,10.0
31115,2012,2805.1,240.0,82.1,42.0,45,-19.7,1.0
31115,2013,2548.0,521.7,202.1,178.0,25,-16.3,0.0
31115,2014,2450.3,494.2,219.0,182.1,13,-23.7,9.0
31115,2015,2547.2,524.5,218.6,165.2,26,-22.8,9.0
31115,2016,2534.2,565.2,176.3,150.8,16,-19.8,1.0
31115,2017,2515.1,539.3,112.6,247.2,18,-21.8,4.0
31115,2018,2478.3,646.5,288.8,211.8,10,-23.4,7.0
31115,2019,2397.8,705.4,258.8,297.6,4,-22.0,10.0
31115,2020,2492.6,364.3,185.9,146.4,21,-19.0,1.0
31115,2021,2648.5,366.7,123.3,150.7,29,-25.0,9.0
31115,2022,2693.0,342.9,138.8,115.0,37,-20.2,6.0
31115,2023,2702.7,448.3,214.7,153.2,25,-26.5,7.0
31115,2024,2675.6,423.9,230.5,88.7,23,-29.6,7.0
31115,2025,2627.3,605.8,279.4,238.7,23,-23.9,9.0
31117,2000,2614.4,279.0,98.1,87.3,47,,
31117,2001,2573.6,433.7,97.1,159.5,39,-17.5,0.0
31117,2002,2603.1,266.8,66.9,136.2,35,-15.2,0.0
31117,2003,2513.9,317.3,143.7,73.7,44,-18.6,1.0
31117,2004,2437.4,442.1,124.9,180.6,20,-18.0,0.0
31117,2005,2557.4,397.5,202.9,121.0,32,-17.9,0.0
31117,2006,2637.2,311.2,109.1,112.9,33,-19.7,3.0
31117,2007,2552.2,508.3,224.6,155.1,32,-19.3,1.0
31117,2008,2372.5,430.5,175.8,121.8,26,-18.2,1.0
31117,2009,2265.1,542.6,226.7,169.1,10,-20.5,4.0
31117,2010,2455.1,514.7,202.0,196.9,25,-21.2,4.0
31117,2011,2390.6,509.9,221.5,192.5,30,-21.2,7.0
31117,2012,2782.1,184.6,46.4,50.4,44,-15.7,0.0
31117,2013,2555.4,388.4,185.9,112.6,28,-15.6,0.0
31117,2014,2445.6,470.0,253.9,142.3,25,-21.5,5.0
31117,2015,2502.4,497.9,260.2,114.9,28,-19.6,2.0
31117,2016,2516.6,434.0,154.3,131.8,22,-13.7,0.0
31117,2017,2498.5,411.1,111.2,162.4,25,-20.6,4.0
31117,2018,2492.9,520.4,284.8,155.1,19,-21.8,6.0
31117,2019,2442.2,510.2,219.2,205.0,20,-18.7,2.0
31117,2020,2559.1,288.9,147.4,100.1,35,-13.7,0.0
31117,2021,2621.7,364.0,142.4,118.0,38,-25.4,7.0
31117,2022,2678.6,241.8,104.4,78.4,43,-19.5,3.0
31117,2023,2601.1,445.0,242.4,151.8,27,-25.3,8.0
31117,2024,2689.2,354.0,160.6,118.5,30,-25.4,5.0
31117,2025,2604.3,427.1,240.2,111.9,33,-24.0,7.0
31119,2000,2716.5,356.5,167.0,122.1,38,,
31119,2001,2624.9,505.6,167.5,165.9,34,-23.0,13.0
31119,2002,2697.4,349.9,123.1,136.1,39,-15.5,0.0
31119,2003,2517.7,482.1,194.4,104.9,33,-22.2,5.0
31119,2004,2521.7,534.3,231.7,142.5,11,-22.6,6.0
31119,2005,2689.4,541.0,250.8,123.2,31,-19.4,3.0
31119,2006,2656.9,516.9,128.9,165.0,30,-22.4,8.0
31119,2007,2591.6,649.6,204.1,254.2,20,-22.2,10.0
31119,2008,2376.6,611.5,345.1,113.5,6,-22.2,4.0
31119,2009,2366.6,458.7,185.0,193.1,11,-25.1,12.0
31119,2010,2553.6,684.4,333.0,211.4,8,-28.6,14.0
31119,2011,2504.5,505.8,246.5,158.7,28,-26.1,7.0
31119,2012,2866.9,263.3,137.3,35.9,46,-19.8,1.0
31119,2013,2547.0,518.9,221.7,151.1,26,-19.2,2.0
31119,2014,2465.2,621.3,291.9,205.9,7,-24.2,13.0
31119,2015,2587.0,591.4,229.8,212.3,19,-22.2,13.0
31119,2016,2620.8,592.4,199.4,163.6,14,-23.2,3.0
31119,2017,2560.9,569.1,150.0,235.0,23,-22.9,3.0
31119,2018,2554.0,605.6,286.8,201.6,5,-25.1,9.0
31119,2019,2481.3,601.0,249.5,203.4,3,-24.9,9.0
31119,2020,2612.4,346.7,172.4,133.0,27,-21.1,6.0
31119,2021,2700.2,427.0,144.2,208.4,31,-27.2,8.0
31119,2022,2753.8,336.0,152.6,96.5,38,-19.5,5.0
31119,2023,2795.0,419.8,152.0,187.5,24,-25.8,9.0
31119,2024,2676.1,514.3,288.6,113.2,21,-33.1,8.0
31119,2025,2677.2,620.8,252.1,288.2,10,-24.4,11.0
31121,2000,2792.0,341.5,107.1,160.8,40,,
31121,2001,2746.2,482.5,171.4,138.1,38,-18.6,1.0
31121,2002,2793.5,341.4,139.1,116.7,43,-14.2,0.0
31121,2003,2645.6,456.0,221.7,52.2,47,-20.1,2.0
31121,2004,2677.0,503.3,175.8,158.5,16,-21.2,4.0
31121,2005,2776.8,505.1,269.8,148.0,28,-19.3,3.0
31121,2006,2766.4,526.0,132.1,215.5,24,-21.7,4.0
31121,2007,2678.8,676.5,257.4,238.6,18,-18.2,2.0
31121,2008,2449.2,682.5,381.3,139.5,8,-18.4,1.0
31121,2009,2455.3,502.2,232.6,179.5,11,-23.2,6.0
31121,2010,2678.1,638.3,335.9,188.3,15,-25.7,10.0
31121,2011,2596.0,581.6,262.9,216.1,23,-21.5,6.0
31121,2012,2927.6,263.7,125.4,45.4,49,-19.1,1.0
31121,2013,2681.6,522.3,201.3,156.0,28,-15.6,0.0
31121,2014,2590.0,624.5,252.4,214.2,17,-22.9,5.0
31121,2015,2645.8,656.8,314.6,178.7,13,-19.8,5.0
31121,2016,2724.4,564.8,170.4,169.6,19,-19.4,2.0
31121,2017,2663.7,592.0,199.5,234.7,16,-21.1,4.0
31121,2018,2707.3,576.8,268.1,181.6,17,-23.0,5.0
31121,2019,2582.5,677.2,331.3,264.6,3,-20.8,4.0
31121,2020,2610.6,399.2,195.6,143.9,15,-18.7,1.0
31121,2021,2734.9,425.6,172.2,177.0,29,-28.5,8.0
31121,2022,2819.3,396.9,208.3,98.1,39,-18.1,2.0
31121,2023,2907.2,348.0,92.0,193.0,26,-24.4,4.0
31121,2024,2825.7,521.0,267.9,165.1,23,-33.8,8.0
31121,2025,2773.1,585.1,235.6,266.8,24,-25.6,10.0
31123,2000,2530.4,281.4,84.3,90.2,47,,
31123,2001,2526.2,353.4,111.1,118.0,41,-17.7,0.0
31123,2002,2522.6,213.5,55.6,116.4,38,-16.0,0.0
31123,2003,2442.1,308.3,123.6,91.4,51,-20.6,1.0
31123,2004,2340.3,360.7,113.3,119.0,26,-18.1,1.0
31123,2005,2434.7,405.8,202.0,122.6,33,-15.6,0.0
31123,2006,2544.6,239.7,90.5,90.7,37,-20.3,2.0
31123,2007,2535.1,327.4,111.3,123.5,39,-19.7,2.0
31123,2008,2334.8,356.4,128.1,139.4,32,-18.2,1.0
31123,2009,2225.1,504.3,233.5,142.5,14,-22.0,3.0
31123,2010,2398.6,392.1,176.9,119.8,33,-20.5,3.0
31123,2011,2385.6,419.2,195.9,135.9,41,-22.9,6.0
31123,2012,2738.2,148.2,43.6,43.4,47,-15.6,0.0
31123,2013,2503.5,351.2,108.9,84.2,37,-16.8,0.0
31123,2014,2384.6,388.0,184.9,102.6,32,-22.0,5.0
31123,2015,2398.9,494.9,267.5,116.2,27,-18.8,2.0
31123,2016,2454.3,359.7,117.3,119.9,29,-13.7,0.0
31123,2017,2426.4,336.9,110.4,131.4,32,-20.0,4.0
31123,2018,2471.8,418.6,224.9,110.0,27,-19.0,1.0
31123,2019,2398.1,439.0,189.0,176.5,30,-19.2,2.0
31123,2020,2526.7,214.9,126.6,52.6,43,-12.3,0.0
31123,2021,2570.9,243.3,117.2,57.9,44,-24.6,5.0
31123,2022,2609.7,224.5,97.3,83.7,46,-20.5,1.0
31123,2023,2511.9,402.2,229.0,129.1,34,-26.8,8.0
31123,2024,2637.8,297.0,106.6,113.3,37,-23.8,5.0
31123,2025,2558.7,359.3,195.4,106.2,36,-23.8,4.0
31125,2000,2742.6,341.1,123.9,141.2,42,,
31125,2001,2678.8,486.7,154.2,151.1,35,-20.3,4.0
31125,2002,2735.3,339.6,132.6,120.7,42,-14.6,0.0
31125,2003,2577.7,450.2,203.7,72.7,40,-21.0,4.0
31125,2004,2584.7,540.3,207.1,160.2,13,-21.3,4.0
31125,2005,2708.5,507.5,252.8,147.2,27,-19.0,3.0
31125,2006,2716.1,507.1,113.0,186.2,28,-22.7,6.0
31125,2007,2608.5,695.0,269.5,228.6,13,-19.0,6.0
31125,2008,2385.6,668.3,371.3,134.0,6,-20.3,2.0
31125,2009,2384.5,511.1,213.8,219.6,8,-24.5,9.0
31125,2010,2595.0,646.5,362.3,172.4,11,-26.8,11.0
31125,2011,2524.2,562.2,267.2,198.8,21,-22.9,6.0
31125,2012,2878.4,250.1,116.4,36.6,47,-19.5,2.0
31125,2013,2611.2,550.8,214.1,174.3,26,-17.3,0.0
31125,2014,2526.9,591.9,246.3,208.4,13,-23.4,7.0
31125,2015,2603.3,609.8,247.0,201.2,16,-20.6,9.0
31125,2016,2652.2,574.6,182.1,162.8,15,-21.0,3.0
31125,2017,2598.4,587.9,175.2,235.8,18,-21.7,3.0
31125,2018,2614.2,578.4,284.0,185.0,8,-23.9,7.0
31125,2019,2521.9,621.0,282.9,233.5,5,-22.1,7.0
31125,2020,2595.5,342.0,174.2,118.9,22,-19.4,1.0
31125,2021,2700.2,434.9,154.8,201.8,32,-27.7,8.0
31125,2022,2780.6,337.1,154.4,89.4,39,-19.2,4.0
31125,2023,2843.1,373.1,123.1,182.3,27,-25.0,4.0
31125,2024,2737.2,553.7,308.1,142.5,19,-33.2,8.0
31125,2025,2704.6,617.6,263.7,270.9,16,-24.8,10.0
31127,2000,2880.0,497.8,192.1,210.1,38,,
31127,2001,2762.4,659.2,299.6,183.3,32,-21.5,10.0
31127,2002,2899.5,412.9,150.4,164.8,43,-14.7,0.0
31127,2003,2736.0,452.0,217.2,100.6,50,-21.5,2.0
31127,2004,2708.0,587.8,285.4,240.8,9,-20.8,6.0
31127,2005,2885.9,570.5,234.7,204.5,31,-20.0,5.0
31127,2006,2830.3,591.1,143.7,253.9,35,-17.3,0.0
31127,2007,2790.7,734.7,309.4,282.5,27,-18.9,2.0
31127,2008,2557.9,753.8,401.1,116.0,4,-21.2,5.0
31127,2009,2565.4,624.7,256.8,228.8,8,-23.3,6.0
31127,2010,2829.7,769.6,316.6,239.6,23,-28.6,16.0
31127,2011,2791.3,587.5,234.3,246.3,31,-19.5,2.0
31127,2012,2958.2,434.4,158.2,138.8,46,-16.4,0.0
31127,2013,2722.3,579.2,287.6,93.3,29,-16.9,0.0
31127,2014,2697.1,743.0,279.4,267.3,16,-23.8,10.0
31127,2015,2718.7,813.8,363.1,262.8,6,-20.8,5.0
31127,2016,2830.1,739.9,197.0,295.6,12,-18.7,3.0
31127,2017,2842.8,515.7,213.5,143.1,23,-21.8,3.0
31127,2018,2900.3,628.8,241.2,220.0,35,-23.7,4.0
31127,2019,2748.1,733.8,345.0,206.6,3,-25.3,6.0
31127,2020,2737.0,503.6,221.2,180.9,20,-18.9,1.0
31127,2021,2884.0,486.1,225.0,184.1,33,-24.4,5.0
31127,2022,2906.5,444.0,211.5,130.6,39,-18.1,1.0
31127,2023,2934.0,491.6,165.2,231.9,25,-21.8,3.0
31127,2024,2954.6,570.7,297.7,164.4,26,-30.9,9.0
31127,2025,2884.8,635.8,248.9,234.2,19,-23.8,8.0
31129,2000,2915.2,332.1,130.4,132.1,47,,
31129,2001,2842.3,638.7,292.7,186.6,39,-20.4,1.0
31129,2002,2883.3,364.5,158.1,109.8,44,-14.3,0.0
31129,2003,2729.8,542.0,237.0,88.5,52,-17.4,0.0
31129,2004,2771.5,526.6,220.6,180.7,14,-21.3,6.0
31129,2005,2863.9,557.8,189.3,248.7,30,-19.8,4.0
31129,2006,2877.7,548.0,169.3,213.8,34,-18.1,1.0
31129,2007,2799.5,661.4,287.2,237.4,29,-19.6,2.0
31129,2008,2591.8,703.9,275.4,243.3,17,-17.2,0.0
31129,2009,2635.2,473.9,159.7,192.4,16,-20.2,4.0
31129,2010,2854.2,657.5,305.7,189.1,33,-23.3,9.0
31129,2011,2751.3,655.1,295.6,274.1,36,-21.9,3.0
31129,2012,3006.1,370.3,129.3,114.3,41,-18.3,1.0
31129,2013,2789.8,520.1,176.9,209.3,30,-14.3,0.0
31129,2014,2768.7,590.2,243.5,217.4,30,-22.1,5.0
31129,2015,2813.6,670.5,367.3,196.4,21,-19.9,2.0
31129,2016,2844.7,637.5,188.2,253.8,26,-16.8,0.0
31129,2017,2812.8,535.6,226.9,144.2,21,-19.7,2.0
31129,2018,2885.4,615.2,249.0,193.9,30,-21.6,4.0
31129,2019,2739.5,767.7,387.9,295.6,6,-18.6,2.0
31129,2020,2697.7,522.7,202.1,262.7,15,-15.7,0.0
31129,2021,2851.1,430.1,170.2,167.9,34,-25.3,5.0
31129,2022,2917.2,459.7,227.3,150.3,36,-16.7,0.0
31129,2023,2993.5,414.3,147.5,185.7,35,-22.4,3.0
31129,2024,2961.5,420.7,206.1,145.2,37,-29.8,8.0
31129,2025,2911.6,576.4,217.7,229.6,29,-23.5,7.0
31131,2000,2869.3,456.8,183.3,191.4,40,,
31131,2001,2744.3,699.1,338.2,182.5,34,-21.5,12.0
31131,2002,2877.4,422.1,152.7,181.2,43,-16.6,0.0
31131,2003,2701.3,468.5,242.3,93.3,51,-21.7,2.0
31131,2004,2732.1,501.7,242.4,184.6,14,-24.3,9.0
31131,2005,2887.3,519.4,203.3,191.7,34,-20.2,5.0
31131,2006,2815.5,595.1,150.2,232.0,35,-17.8,0.0
31131,2007,2763.4,732.3,303.1,272.9,27,-19.0,2.0
31131,2008,2564.0,714.6,379.0,127.0,7,-19.5,4.0
31131,2009,2621.7,517.5,210.9,180.3,14,-22.8,6.0
31131,2010,2821.8,700.3,279.6,226.2,26,-29.7,14.0
31131,2011,2788.4,536.5,196.6,246.8,33,-18.4,2.0
31131,2012,2986.3,367.2,151.2,93.0,49,-17.1,0.0
31131,2013,2714.7,575.1,287.3,109.8,30,-16.4,0.0
31131,2014,2719.2,653.2,269.9,193.6,23,-23.5,7.0
31131,2015,2712.3,797.7,428.7,203.3,7,-20.8,5.0
31131,2016,2838.9,655.0,197.7,246.5,22,-19.0,3.0
31131,2017,2821.8,529.6,227.8,145.1,25,-21.6,3.0
31131,2018,2865.5,643.4,264.8,197.8,35,-23.8,4.0
31131,2019,2728.0,724.2,349.3,229.0,5,-23.3,6.0
31131,2020,2728.0,503.5,237.2,176.8,18,-19.0,1.0
31131,2021,2867.1,439.6,195.7,167.6,38,-25.4,6.0
31131,2022,2908.5,431.4,228.7,113.5,42,-17.5,0.0
31131,2023,2938.0,468.8,134.4,245.3,26,-22.2,3.0
31131,2024,2962.0,478.5,239.4,160.4,30,-31.0,8.0
31131,2025,2876.7,608.1,221.3,251.1,26,-22.9,7.0
31133,2000,2916.0,435.0,181.2,168.3,46,,
31133,2001,2780.9,797.3,325.1,252.3,32,-22.0,9.0
31133,2002,2913.9,400.2,159.5,147.4,46,-16.0,0.0
31133,2003,2739.9,477.2,224.8,104.3,49,-21.4,2.0
31133,2004,2751.2,506.3,236.2,188.5,13,-24.2,9.0
31133,2005,2868.3,614.5,239.7,228.3,30,-22.3,4.0
31133,2006,2845.2,599.6,136.4,250.8,35,-16.5,0.0
31133,2007,2780.2,774.2,330.7,271.4,23,-20.0,2.0
31133,2008,2592.8,684.6,298.5,179.7,10,-21.7,3.0
31133,2009,2604.8,612.9,241.4,207.4,12,-21.6,5.0
31133,2010,2873.2,689.7,272.0,212.5,30,-29.1,11.0
31133,2011,2839.3,563.2,209.1,267.0,38,-18.7,4.0
31133,2012,2998.0,400.6,157.9,119.0,47,-17.2,0.0
31133,2013,2717.8,642.6,283.6,175.7,31,-15.0,0.0
31133,2014,2773.1,612.1,250.4,191.6,27,-23.8,6.0
31133,2015,2774.1,759.2,426.2,198.8,7,-21.2,4.0
31133,2016,2862.1,722.6,188.6,264.4,24,-18.0,0.0
31133,2017,2846.5,494.2,197.4,117.7,28,-21.1,3.0
31133,2018,2918.3,641.9,245.6,212.4,36,-23.1,4.0
31133,2019,2745.4,890.2,418.8,305.2,3,-22.0,2.0
31133,2020,2699.6,595.3,244.2,246.1,11,-17.8,0.0
31133,2021,2884.7,487.0,226.8,177.8,34,-24.1,5.0
31133,2022,2899.0,529.4,245.1,172.6,36,-18.1,1.0
31133,2023,2929.1,519.4,171.3,235.4,30,-21.8,3.0
31133,2024,2946.2,605.9,325.3,172.0,27,-31.7,8.0
31133,2025,2890.9,646.1,244.5,228.9,27,-23.2,7.0
31135,2000,2672.4,247.5,68.8,90.1,50,,
31135,2001,2616.3,424.9,101.9,150.6,42,-17.1,0.0
31135,2002,2644.7,257.8,70.4,133.3,37,-15.4,0.0
31135,2003,2565.8,318.0,138.9,68.2,48,-17.1,0.0
31135,2004,2491.6,434.4,125.1,185.8,23,-18.5,2.0
31135,2005,2602.1,398.5,205.2,125.4,37,-16.4,0.0
31135,2006,2666.8,339.6,113.1,136.5,38,-20.6,2.0
31135,2007,2589.7,519.1,243.7,148.3,30,-19.3,1.0
31135,2008,2429.6,423.8,179.2,116.4,31,-18.1,1.0
31135,2009,2330.8,516.1,219.1,156.1,14,-20.7,3.0
31135,2010,2520.0,489.7,204.7,171.0,32,-20.6,3.0
31135,2011,2449.7,522.7,247.0,176.6,37,-21.4,7.0
31135,2012,2817.3,202.0,52.8,53.4,46,-15.0,0.0
31135,2013,2620.4,358.0,166.5,109.1,34,-16.0,0.0
31135,2014,2511.6,464.2,270.5,136.8,37,-20.8,5.0
31135,2015,2567.4,460.6,246.5,106.3,30,-17.4,0.0
31135,2016,2578.1,379.6,132.5,115.3,32,-13.2,0.0
31135,2017,2561.0,360.6,115.1,126.6,30,-19.8,4.0
31135,2018,2602.9,412.0,213.8,125.7,29,-21.1,3.0
31135,2019,2546.2,446.6,196.5,177.3,31,-17.9,0.0
31135,2020,2645.1,235.2,120.4,77.9,44,-11.4,0.0
31135,2021,2673.2,321.6,142.3,97.9,45,-23.6,5.0
31135,2022,2742.6,201.9,80.0,73.9,48,-18.8,1.0
31135,2023,2666.1,377.8,226.2,115.4,36,-25.2,5.0
31135,2024,2747.5,334.0,109.8,143.5,35,-23.9,5.0
31135,2025,2675.1,421.0,208.9,127.7,42,-22.4,5.0
31137,2000,2801.1,333.3,121.2,143.3,43,,
31137,2001,2757.8,479.0,146.6,175.6,39,-16.8,0.0
31137,2002,2801.7,263.8,114.7,95.0,44,-13.9,0.0
31137,2003,2674.6,414.0,202.4,52.6,52,-16.6,0.0
31137,2004,2673.1,477.4,144.1,169.1,21,-19.8,3.0
31137,2005,2745.8,461.1,242.4,150.0,27,-18.4,1.0
31137,2006,2778.9,456.7,138.8,207.2,29,-18.1,1.0
31137,2007,2678.6,643.8,242.6,211.9,24,-18.0,1.0
31137,2008,2498.9,624.1,331.4,165.9,17,-16.9,0.0
31137,2009,2473.0,495.1,198.3,185.5,12,-19.8,4.0
31137,2010,2669.4,626.5,290.6,210.6,22,-21.3,4.0
31137,2011,2611.4,545.1,234.9,217.9,30,-22.1,5.0
31137,2012,2932.3,262.9,92.1,74.7,44,-17.7,0.0
31137,2013,2745.4,385.1,128.2,111.9,35,-15.3,0.0
31137,2014,2634.0,532.9,238.1,174.4,24,-21.9,5.0
31137,2015,2741.3,476.7,221.7,144.6,27,-18.4,1.0
31137,2016,2728.7,509.2,141.9,130.9,31,-15.0,0.0
31137,2017,2696.6,529.6,172.4,196.1,21,-20.3,3.0
31137,2018,2706.2,562.7,244.7,205.5,23,-20.9,5.0
31137,2019,2626.8,656.4,300.9,295.7,6,-19.3,2.0
31137,2020,2667.0,326.2,182.4,108.9,33,-14.8,0.0
31137,2021,2747.3,447.8,176.6,178.7,31,-25.7,7.0
31137,2022,2845.2,327.7,137.8,106.1,44,-17.6,0.0
31137,2023,2850.5,430.2,200.5,146.0,33,-24.0,3.0
31137,2024,2830.0,450.6,191.2,165.1,26,-25.0,6.0
31137,2025,2798.5,508.1,220.0,188.9,29,-23.1,7.0
31139,2000,2680.8,366.2,173.4,125.4,40,,
31139,2001,2599.5,515.2,149.6,177.7,31,-24.4,15.0
31139,2002,2672.8,351.5,103.3,158.3,35,-16.2,0.0
31139,2003,2493.5,478.1,193.5,107.5,33,-22.5,5.0
31139,2004,2504.5,523.1,225.6,133.5,11,-22.4,6.0
31139,2005,2662.8,601.4,286.3,107.8,29,-20.0,3.0
31139,2006,2628.1,466.2,113.7,123.8,32,-26.4,8.0
31139,2007,2605.0,557.0,178.6,211.5,26,-23.4,11.0
31139,2008,2387.4,543.3,294.6,110.1,14,-23.2,7.0
31139,2009,2321.8,466.1,180.1,195.4,8,-25.9,13.0
31139,2010,2512.7,728.6,291.3,271.4,9,-30.3,17.0
31139,2011,2464.5,473.5,229.0,142.4,28,-27.5,12.0
31139,2012,2862.5,256.9,127.0,36.5,46,-19.7,1.0
31139,2013,2516.0,517.4,214.5,166.9,23,-20.0,2.0
31139,2014,2444.1,590.1,284.6,205.4,7,-24.9,20.0
31139,2015,2593.6,558.0,206.6,205.2,20,-22.9,18.0
31139,2016,2594.8,580.4,195.8,137.1,18,-24.2,5.0
31139,2017,2532.0,551.9,146.9,221.9,23,-23.7,4.0
31139,2018,2510.4,639.3,301.5,201.8,3,-25.5,12.0
31139,2019,2436.0,626.7,233.3,196.4,3,-26.6,12.0
31139,2020,2592.9,352.7,169.4,146.5,25,-22.0,8.0
31139,2021,2711.3,402.5,118.5,209.0,33,-26.3,8.0
31139,2022,2718.7,336.4,149.0,110.2,37,-19.9,9.0
31139,2023,2774.9,422.2,140.6,187.5,25,-26.5,12.0
31139,2024,2642.4,499.6,274.8,100.6,20,-32.8,9.0
31139,2025,2671.4,577.4,233.8,270.2,10,-24.9,13.0
31141,2000,2788.5,342.0,139.9,134.0,39,,
31141,2001,2701.3,484.1,186.1,135.7,39,-21.0,10.0
31141,2002,2771.4,355.7,140.4,123.3,41,-15.0,0.0
31141,2003,2597.4,484.5,201.7,85.8,40,-21.8,3.0
31141,2004,2627.1,504.8,212.0,149.2,15,-22.8,6.0
31141,2005,2779.1,495.6,229.7,130.5,34,-19.4,5.0
31141,2006,2737.7,551.8,132.1,199.6,29,-20.9,6.0
31141,2007,2654.7,683.8,231.7,266.8,17,-20.1,4.0
31141,2008,2429.6,676.6,383.4,131.6,5,-20.7,3.0
31141,2009,2467.3,466.3,199.8,187.4,12,-23.8,8.0
31141,2010,2664.5,640.8,342.4,178.6,16,-27.9,14.0
31141,2011,2588.2,550.4,260.3,190.0,26,-23.9,5.0
31141,2012,2924.9,266.8,149.2,36.6,48,-19.2,1.0
31141,2013,2635.1,518.7,230.3,136.2,26,-18.0,0.0
31141,2014,2549.4,653.6,283.7,209.2,13,-23.6,9.0
31141,2015,2644.4,612.4,254.1,199.9,16,-20.2,10.0
31141,2016,2721.5,568.8,178.1,168.4,18,-21.6,3.0
31141,2017,2653.9,570.5,164.2,225.8,18,-22.1,3.0
31141,2018,2666.3,590.6,278.6,203.5,11,-24.3,6.0
31141,2019,2556.1,639.1,289.1,252.0,4,-23.0,7.0
31141,2020,2663.4,354.3,179.7,125.1,28,-19.9,2.0
31141,2021,2749.0,424.4,152.3,197.8,32,-27.5,7.0
31141,2022,2824.2,344.3,156.3,95.4,40,-18.9,3.0
31141,2023,2880.7,394.8,136.7,192.1,26,-24.8,5.0
31141,2024,2774.2,545.2,302.0,141.9,23,-33.7,8.0
31141,2025,2747.7,633.5,271.9,281.6,13,-25.0,9.0
31143,2000,2815.3,352.9,126.2,157.5,41,,
31143,2001,2743.4,522.7,231.4,125.9,39,-20.3,8.0
31143,2002,2811.1,374.4,154.6,121.7,41,-14.3,0.0
31143,2003,2637.0,492.7,219.1,66.8,48,-21.3,2.0
31143,2004,2701.4,457.1,187.6,141.7,14,-23.3,7.0
31143,2005,2824.8,502.0,226.3,145.5,31,-20.3,5.0
31143,2006,2779.6,552.3,135.3,217.7,27,-20.4,3.0
31143,2007,2698.9,694.4,241.2,282.2,16,-18.5,2.0
31143,2008,2460.4,698.2,371.7,158.3,7,-19.5,2.0
31143,2009,2524.1,447.8,199.7,159.6,14,-22.3,7.0
31143,2010,2739.3,609.3,317.8,171.4,20,-26.8,13.0
31143,2011,2634.5,590.7,263.3,223.4,25,-21.2,5.0
31143,2012,2948.3,286.9,162.7,46.9,49,-18.9,1.0
31143,2013,2688.7,496.6,224.0,125.3,28,-16.8,0.0
31143,2014,2601.1,683.2,271.6,227.8,15,-23.2,6.0
31143,2015,2675.2,617.3,290.2,167.4,11,-20.9,6.0
31143,2016,2779.6,522.2,155.0,152.7,23,-20.0,2.0
31143,2017,2713.7,576.1,191.4,225.2,18,-21.4,3.0
31143,2018,2744.1,592.4,260.0,213.4,14,-23.7,4.0
31143,2019,2597.2,715.7,324.2,312.8,3,-21.6,4.0
31143,2020,2649.8,387.5,192.2,139.7,14,-19.3,1.0
31143,2021,2773.8,417.6,160.3,182.0,30,-28.6,7.0
31143,2022,2861.8,377.3,180.9,106.2,40,-18.2,2.0
31143,2023,2941.5,339.6,106.4,169.5,31,-24.1,4.0
31143,2024,2853.5,518.0,269.0,159.9,23,-32.9,8.0
31143,2025,2806.7,585.1,260.3,242.7,21,-26.9,10.0
31145,2000,2877.8,256.9,72.9,114.5,52,,
31145,2001,2839.7,427.7,137.4,152.1,47,-15.4,0.0
31145,2002,2873.6,210.7,89.8,71.0,45,-13.6,0.0
31145,2003,2736.3,369.8,171.2,81.1,52,-16.1,0.0
31145,2004,2713.2,481.2,122.1,207.7,24,-17.7,0.0
31145,2005,2783.8,437.5,192.7,166.1,35,-16.2,0.0
31145,2006,2853.0,361.6,139.0,153.8,38,-18.5,1.0
31145,2007,2790.3,456.9,129.8,171.1,34,-17.3,0.0
31145,2008,2623.5,478.3,212.8,157.6,33,-15.2,0.0
31145,2009,2537.8,544.4,216.2,193.3,17,-19.0,1.0
31145,2010,2773.5,447.7,178.1,154.4,39,-20.3,3.0
31145,2011,2713.7,468.2,175.7,216.7,40,-19.5,3.0
31145,2012,2997.4,225.0,56.2,83.9,47,-16.5,0.0
31145,2013,2826.2,329.6,101.8,112.1,38,-14.3,0.0
31145,2014,2735.1,473.9,240.3,154.6,40,-18.8,2.0
31145,2015,2827.1,447.4,203.1,148.3,38,-16.7,0.0
31145,2016,2777.1,506.6,130.6,137.0,37,-13.8,0.0
31145,2017,2734.5,485.6,168.5,167.5,27,-17.4,0.0
31145,2018,2797.6,463.5,223.4,178.3,30,-20.0,2.0
31145,2019,2749.3,524.1,253.0,229.5,28,-16.6,0.0
31145,2020,2783.0,299.6,140.2,134.0,45,-10.7,0.0
31145,2021,2859.4,323.4,170.7,75.4,44,-22.6,5.0
31145,2022,2915.1,260.2,102.4,108.6,49,-16.7,0.0
31145,2023,2861.8,409.8,231.0,140.2,40,-22.4,3.0
31145,2024,2934.7,369.7,162.5,141.4,41,-21.6,4.0
31145,2025,2877.4,487.1,162.5,202.9,40,-21.4,4.0
31147,2000,2922.8,493.2,212.8,179.1,42,,
31147,2001,2788.6,801.8,345.4,244.6,29,-22.3,9.0
31147,2002,2937.7,407.1,173.9,136.3,43,-15.6,0.0
31147,2003,2773.7,492.6,216.1,115.7,51,-21.0,1.0
31147,2004,2741.5,601.0,282.6,242.1,9,-21.0,6.0
31147,2005,2878.9,642.3,271.6,226.6,29,-21.8,4.0
31147,2006,2862.2,594.6,124.2,272.3,35,-16.1,0.0
31147,2007,2832.2,724.9,317.0,258.9,29,-19.1,3.0
31147,2008,2603.4,710.4,308.2,146.4,7,-21.3,4.0
31147,2009,2570.5,705.3,282.0,255.1,7,-21.5,4.0
31147,2010,2885.9,773.7,319.3,235.1,26,-26.3,11.0
31147,2011,2861.0,583.3,229.0,252.8,38,-19.5,1.0
31147,2012,3009.4,395.1,151.8,120.9,47,-16.1,0.0
31147,2013,2743.8,613.1,284.4,138.4,32,-15.1,0.0
31147,2014,2755.8,692.5,263.8,240.5,24,-23.6,9.0
31147,2015,2784.4,797.7,426.6,233.7,6,-21.0,4.0
31147,2016,2879.7,757.3,182.6,269.6,17,-17.7,0.0
31147,2017,2870.1,512.7,191.2,135.0,28,-21.4,2.0
31147,2018,2970.0,581.7,230.5,206.3,37,-23.0,4.0
31147,2019,2785.0,877.7,404.6,291.7,3,-23.4,4.0
31147,2020,2711.7,632.2,245.0,268.1,11,-18.0,0.0
31147,2021,2906.7,536.8,271.4,176.3,31,-24.2,4.0
31147,2022,2908.2,535.1,231.4,192.1,37,-19.4,1.0
31147,2023,2934.4,530.4,183.3,245.8,28,-21.2,2.0
31147,2024,2958.7,668.0,350.4,180.8,25,-31.4,7.0
31147,2025,2907.0,657.5,258.0,222.3,23,-24.4,9.0
31149,2000,2621.6,372.0,168.9,121.6,42,,
31149,2001,2538.2,551.2,172.7,159.8,29,-20.3,7.0
31149,2002,2638.8,279.9,80.6,116.7,39,-14.9,0.0
31149,2003,2520.0,373.6,188.7,74.5,38,-20.2,3.0
31149,2004,2494.1,422.3,158.0,110.9,20,-20.4,3.0
31149,2005,2616.6,487.2,250.3,101.6,29,-19.0,2.0
31149,2006,2669.3,338.7,73.9,95.7,35,-23.1,6.0
31149,2007,2591.9,530.7,244.6,143.0,31,-20.3,4.0
31149,2008,2362.4,536.5,264.6,144.0,15,-20.9,3.0
31149,2009,2288.2,471.9,182.5,199.3,8,-22.8,10.0
31149,2010,2471.6,641.0,321.4,198.0,18,-26.0,6.0
31149,2011,2399.9,506.0,240.6,189.3,25,-21.8,10.0
31149,2012,2800.5,248.3,88.6,47.3,45,-19.9,1.0
31149,2013,2531.1,499.6,211.5,164.9,24,-17.6,0.0
31149,2014,2442.3,463.4,207.8,173.8,12,-23.9,15.0
31149,2015,2535.3,536.0,213.7,186.7,27,-23.7,12.0
31149,2016,2531.4,534.4,170.6,138.2,20,-20.8,2.0
31149,2017,2500.4,522.1,113.7,230.5,21,-22.5,3.0
31149,2018,2461.1,648.9,258.9,220.8,11,-24.5,9.0
31149,2019,2361.0,701.3,253.8,263.6,5,-22.8,8.0
31149,2020,2493.6,389.9,205.1,154.3,17,-19.8,1.0
31149,2021,2660.5,354.5,115.9,143.7,30,-25.2,8.0
31149,2022,2672.2,335.8,138.3,95.0,42,-20.6,6.0
31149,2023,2719.2,446.6,201.0,150.8,26,-27.1,10.0
31149,2024,2661.4,403.0,227.6,73.7,28,-30.7,8.0
31149,2025,2628.1,544.0,237.6,206.8,24,-23.8,9.0
31151,2000,2879.3,416.7,159.3,178.4,44,,
31151,2001,2767.5,681.3,341.7,160.1,35,-20.7,11.0
31151,2002,2874.0,413.4,159.3,161.8,44,-15.7,0.0
31151,2003,2689.6,520.7,250.2,76.3,50,-21.4,2.0
31151,2004,2733.1,476.8,239.4,138.3,14,-24.9,9.0
31151,2005,2893.6,492.0,171.5,188.3,33,-20.1,5.0
31151,2006,2826.1,594.2,145.0,234.7,34,-18.9,1.0
31151,2007,2758.5,725.3,281.8,272.9,25,-19.3,2.0
31151,2008,2549.8,705.4,329.6,180.4,11,-18.8,3.0
31151,2009,2637.8,452.3,192.4,142.8,18,-22.4,5.0
31151,2010,2842.6,625.9,273.1,179.4,32,-29.6,14.0
31151,2011,2768.3,540.0,220.1,228.3,33,-19.0,4.0
31151,2012,3003.0,332.1,165.0,58.0,49,-18.0,1.0
31151,2013,2739.8,521.1,244.5,121.1,32,-15.9,0.0
31151,2014,2714.2,641.6,258.7,187.8,30,-23.3,6.0
31151,2015,2715.6,759.1,456.8,156.4,8,-21.2,4.0
31151,2016,2850.5,583.2,188.7,201.3,22,-18.7,2.0
31151,2017,2808.6,535.5,218.3,168.6,23,-21.2,3.0
31151,2018,2867.8,618.4,258.3,188.4,25,-23.3,4.0
31151,2019,2696.9,756.7,365.4,279.1,4,-21.9,4.0
31151,2020,2684.8,522.9,228.4,216.6,12,-18.9,1.0
31151,2021,2848.3,414.5,177.8,155.3,38,-26.2,6.0
31151,2022,2903.6,460.6,248.0,135.0,38,-17.5,0.0
31151,2023,2974.6,406.4,99.5,229.0,27,-22.6,3.0
31151,2024,2960.6,437.5,208.2,167.3,31,-32.3,8.0
31151,2025,2879.2,605.5,198.9,287.7,26,-24.8,8.0
31153,2000,2824.1,454.5,176.8,199.4,38,,
31153,2001,2718.9,597.5,294.2,152.4,35,-22.6,13.0
31153,2002,2819.9,447.1,142.1,209.3,40,-15.5,0.0
31153,2003,2659.4,454.9,226.4,84.3,49,-22.0,2.0
31153,2004,2693.3,499.7,230.7,180.8,13,-24.3,8.0
31153,2005,2874.3,465.1,196.8,150.2,38,-20.3,4.0
31153,2006,2784.4,571.2,122.5,232.5,33,-18.9,2.0
31153,2007,2736.0,706.5,264.1,275.4,31,-18.8,5.0
31153,2008,2532.8,722.9,399.7,119.9,5,-20.6,3.0
31153,2009,2580.9,493.7,196.8,188.2,15,-24.7,6.0
31153,2010,2762.4,738.5,308.3,244.6,23,-29.1,16.0
31153,2011,2711.3,554.5,234.0,217.7,29,-19.8,3.0
31153,2012,2963.9,358.1,171.6,64.0,49,-17.3,0.0
31153,2013,2688.1,526.5,278.0,82.2,31,-18.1,1.0
31153,2014,2628.8,760.4,330.4,225.9,17,-23.5,8.0
31153,2015,2654.1,798.2,355.8,236.4,10,-21.6,5.0
31153,2016,2772.2,712.1,217.3,263.9,15,-20.4,4.0
31153,2017,2759.1,571.5,235.8,177.4,22,-22.2,3.0
31153,2018,2801.6,629.8,279.0,186.4,29,-24.2,5.0
31153,2019,2719.5,626.7,302.9,172.6,7,-24.8,7.0
31153,2020,2732.4,402.8,197.4,123.5,29,-19.6,3.0
31153,2021,2827.0,469.6,187.1,200.4,38,-26.2,7.0
31153,2022,2892.8,373.1,197.6,93.4,41,-18.3,1.0
31153,2023,2929.8,422.9,118.3,230.3,27,-23.2,3.0
31153,2024,2907.6,526.2,263.9,179.0,25,-32.2,10.0
31153,2025,2839.6,620.5,215.5,275.7,25,-23.3,9.0
31155,2000,2824.6,407.3,165.6,171.1,39,,
31155,2001,2731.5,571.7,292.0,124.9,37,-21.7,13.0
31155,2002,2820.2,405.4,143.9,169.8,38,-15.1,0.0
31155,2003,2640.0,503.6,230.4,78.8,49,-21.8,2.0
31155,2004,2701.9,446.0,202.9,139.7,14,-24.8,9.0
31155,2005,2867.0,451.5,182.7,144.8,37,-20.3,5.0
31155,2006,2779.2,573.8,123.9,224.2,31,-19.6,2.0
31155,2007,2719.5,685.4,237.3,279.6,25,-19.2,5.0
31155,2008,2507.5,695.1,361.8,144.0,7,-20.3,3.0
31155,2009,2571.5,457.7,198.1,162.8,15,-24.3,7.0
31155,2010,2756.6,661.2,303.5,200.9,23,-30.1,15.0
31155,2011,2683.8,567.3,252.0,216.5,30,-20.7,3.0
31155,2012,2967.0,313.4,179.3,41.4,49,-18.2,1.0
31155,2013,2689.0,492.2,246.8,95.6,31,-17.5,0.0
31155,2014,2616.8,738.2,316.2,218.6,19,-23.4,5.0
31155,2015,2652.2,722.4,355.6,194.4,11,-21.8,5.0
31155,2016,2786.0,612.8,193.3,195.9,20,-20.7,3.0
31155,2017,2726.5,595.0,216.2,219.4,20,-21.8,3.0
31155,2018,2784.9,588.5,272.0,172.9,22,-23.9,4.0
31155,2019,2661.9,649.9,325.2,222.8,5,-22.7,4.0
31155,2020,2692.8,413.7,201.8,143.2,18,-19.7,1.0
31155,2021,2797.6,435.6,177.5,179.9,36,-27.3,7.0
31155,2022,2877.2,393.4,214.3,91.4,41,-18.0,0.0
31155,2023,2945.9,375.5,91.9,220.0,30,-23.7,4.0
31155,2024,2882.0,518.2,260.9,172.9,24,-33.6,8.0
31155,2025,2825.9,596.4,220.1,280.2,24,-25.0,9.0
31157,2000,2464.6,269.9,82.6,69.3,50,,
31157,2001,2501.4,295.5,92.2,102.2,43,-17.8,0.0
31157,2002,2464.7,184.3,45.0,89.0,37,-15.8,0.0
31157,2003,2391.1,280.6,118.5,68.8,53,-21.6,1.0
31157,2004,2291.6,300.1,83.1,92.3,28,-17.5,0.0
31157,2005,2362.9,390.5,196.8,125.3,33,-16.3,0.0
31157,2006,2484.2,225.1,91.6,86.6,39,-20.5,2.0
31157,2007,2505.1,233.2,70.0,98.0,43,-20.0,3.0
31157,2008,2286.1,307.2,121.1,111.6,36,-18.4,1.0
31157,2009,2217.6,384.8,177.7,108.4,18,-22.2,5.0
31157,2010,2322.5,360.9,189.3,81.6,33,-21.5,3.0
31157,2011,2337.1,359.2,200.6,84.1,43,-23.3,6.0
31157,2012,2695.6,136.0,57.1,34.9,45,-15.9,0.0
31157,2013,2478.2,274.3,77.8,70.4,37,-17.8,0.0
31157,2014,2314.8,374.9,152.4,101.3,30,-21.2,6.0
31157,2015,2361.3,458.6,253.2,103.0,28,-21.0,2.0
31157,2016,2408.6,309.5,90.5,97.3,29,-14.0,0.0
31157,2017,2379.7,281.0,125.3,73.6,32,-20.2,3.0
31157,2018,2429.5,348.3,203.0,91.3,27,-19.0,1.0
31157,2019,2322.9,385.1,175.2,128.6,30,-20.1,1.0
31157,2020,2484.7,175.1,97.8,41.6,43,-13.5,0.0
31157,2021,2544.0,180.6,85.6,49.0,43,-24.7,5.0
31157,2022,2544.2,212.9,99.4,72.6,43,-19.8,2.0
31157,2023,2442.2,420.0,248.0,109.0,33,-27.1,8.0
31157,2024,2603.9,212.8,75.8,83.0,39,-25.6,5.0
31157,2025,2509.4,335.9,190.4,96.1,38,-22.6,3.0
31159,2000,2824.6,407.3,165.6,171.1,39,,
31159,2001,2731.5,571.7,292.0,124.9,37,-21.7,13.0
31159,2002,2820.2,405.4,143.9,169.8,38,-15.1,0.0
31159,2003,2640.0,503.6,230.4,78.8,49,-21.8,2.0
31159,2004,2701.9,446.0,202.9,139.7,14,-24.8,9.0
31159,2005,2867.0,451.5,182.7,144.8,37,-20.3,5.0
31159,2006,2779.2,573.8,123.9,224.2,31,-19.6,2.0
31159,2007,2719.5,685.4,237.3,279.6,25,-19.2,5.0
31159,2008,2507.5,695.1,361.8,144.0,7,-20.3,3.0
31159,2009,2571.5,457.7,198.1,162.8,15,-24.3,7.0
31159,2010,2756.6,661.2,303.5,200.9,23,-30.1,15.0
31159,2011,2683.8,567.3,252.0,216.5,30,-20.7,3.0
31159,2012,2967.0,313.4,179.3,41.4,49,-18.2,1.0
31159,2013,2689.0,492.2,246.8,95.6,31,-17.5,0.0
31159,2014,2616.8,738.2,316.2,218.6,19,-23.4,5.0
31159,2015,2652.2,722.4,355.6,194.4,11,-21.8,5.0
31159,2016,2786.0,612.8,193.3,195.9,20,-20.7,3.0
31159,2017,2726.5,595.0,216.2,219.4,20,-21.8,3.0
31159,2018,2784.9,588.5,272.0,172.9,22,-23.9,4.0
31159,2019,2661.9,649.9,325.2,222.8,5,-22.7,4.0
31159,2020,2692.8,413.7,201.8,143.2,18,-19.7,1.0
31159,2021,2797.6,435.6,177.5,179.9,36,-27.3,7.0
31159,2022,2877.2,393.4,214.3,91.4,41,-18.0,0.0
31159,2023,2945.9,375.5,91.9,220.0,30,-23.7,4.0
31159,2024,2882.0,518.2,260.9,172.9,24,-33.6,8.0
31159,2025,2825.9,596.4,220.1,280.2,24,-25.0,9.0
31161,2000,2443.6,337.8,141.9,77.6,39,,
31161,2001,2473.5,354.0,110.7,143.1,34,-19.6,4.0
31161,2002,2454.0,224.6,56.0,89.2,37,-16.7,0.0
31161,2003,2368.1,322.5,169.2,50.4,48,-21.8,2.0
31161,2004,2296.7,336.0,101.9,98.2,24,-18.8,1.0
31161,2005,2406.4,418.7,223.2,99.4,29,-17.6,0.0
31161,2006,2491.0,286.7,93.4,97.7,36,-20.7,4.0
31161,2007,2504.5,294.0,100.5,110.8,40,-19.4,4.0
31161,2008,2253.2,396.5,156.7,137.7,26,-17.9,0.0
31161,2009,2174.3,449.0,176.6,161.4,10,-21.8,4.0
31161,2010,2311.4,437.0,186.1,132.0,29,-21.9,3.0
31161,2011,2295.9,447.0,224.8,141.9,33,-22.5,8.0
31161,2012,2675.1,160.4,67.3,30.1,47,-16.9,0.0
31161,2013,2456.5,366.3,143.0,119.4,26,-16.3,0.0
31161,2014,2275.0,471.2,206.1,141.7,20,-22.1,7.0
31161,2015,2362.0,436.3,260.5,95.6,24,-19.2,2.0
31161,2016,2411.4,386.5,106.9,137.4,22,-14.2,0.0
31161,2017,2363.8,353.2,128.3,135.1,29,-22.9,5.0
31161,2018,2382.2,451.7,247.9,130.2,19,-21.8,5.0
31161,2019,2263.8,476.3,206.0,163.2,18,-20.2,4.0
31161,2020,2466.8,211.8,116.5,56.0,39,-13.3,0.0
31161,2021,2546.6,282.4,105.9,75.8,41,-23.6,6.0
31161,2022,2537.1,259.7,107.5,95.4,38,-20.9,5.0
31161,2023,2469.2,433.2,221.8,142.9,24,-28.2,10.0
31161,2024,2573.2,261.5,98.6,78.8,33,-26.8,6.0
31161,2025,2490.9,349.1,202.6,75.2,33,-23.5,9.0
31163,2000,2765.2,338.2,111.8,155.2,39,,
31163,2001,2724.1,490.9,187.1,135.4,38,-18.3,1.0
31163,2002,2754.2,350.9,146.5,114.4,40,-14.1,0.0
31163,2003,2634.2,461.7,217.4,56.9,49,-18.7,1.0
31163,2004,2634.2,482.7,172.8,155.1,15,-20.1,5.0
31163,2005,2736.2,509.6,259.2,144.3,28,-19.2,3.0
31163,2006,2738.0,527.2,134.8,212.8,26,-20.3,2.0
31163,2007,2657.7,688.4,254.1,257.6,21,-18.5,3.0
31163,2008,2420.9,689.8,381.3,148.0,9,-17.5,0.0
31163,2009,2434.1,470.0,211.5,169.6,10,-22.3,7.0
31163,2010,2638.7,627.5,330.0,182.4,18,-25.4,10.0
31163,2011,2555.4,585.1,261.5,220.2,22,-22.6,5.0
31163,2012,2905.8,266.5,134.8,48.7,48,-19.5,2.0
31163,2013,2667.8,504.1,206.0,141.9,28,-15.2,0.0
31163,2014,2561.2,644.8,256.9,220.6,17,-22.8,5.0
31163,2015,2656.0,553.0,252.8,151.1,19,-19.6,2.0
31163,2016,2700.8,501.8,138.0,137.8,25,-17.8,0.0
31163,2017,2668.3,564.2,181.1,221.7,19,-20.7,4.0
31163,2018,2668.2,579.9,267.3,204.6,17,-22.3,5.0
31163,2019,2561.9,721.6,311.4,336.9,3,-20.2,4.0
31163,2020,2605.6,352.9,189.0,115.7,22,-17.8,0.0
31163,2021,2723.3,410.8,149.2,179.7,27,-27.7,9.0
31163,2022,2822.7,349.3,156.3,103.0,41,-18.1,1.0
31163,2023,2870.3,361.8,141.9,151.4,33,-24.6,4.0
31163,2024,2799.4,506.3,257.8,155.4,22,-31.1,8.0
31163,2025,2751.8,589.3,284.6,219.7,25,-24.8,10.0
31165,2000,2366.5,284.8,86.6,68.6,41,,
31165,2001,2440.8,280.7,88.0,106.8,42,-18.7,4.0
31165,2002,2374.2,197.3,49.3,79.3,34,-16.6,0.0
31165,2003,2307.7,298.7,129.0,59.4,48,-22.7,2.0
31165,2004,2211.8,276.5,76.7,81.7,24,-18.1,1.0
31165,2005,2295.3,392.1,203.2,121.7,29,-17.6,0.0
31165,2006,2416.3,218.8,86.8,74.9,35,-21.7,3.0
31165,2007,2441.4,215.8,71.5,80.8,42,-20.1,3.0
31165,2008,2203.0,321.5,143.4,100.0,32,-18.4,1.0
31165,2009,2145.5,373.8,163.9,108.1,16,-22.9,5.0
31165,2010,2223.8,389.8,205.2,84.2,31,-21.8,4.0
31165,2011,2249.6,366.3,217.3,77.4,40,-23.8,6.0
31165,2012,2605.7,148.3,68.4,40.0,43,-16.0,0.0
31165,2013,2412.4,268.0,81.5,83.9,34,-17.6,0.0
31165,2014,2227.3,394.9,149.6,103.3,22,-22.6,10.0
31165,2015,2297.9,448.3,275.0,92.8,24,-19.7,2.0
31165,2016,2347.5,294.6,83.5,92.5,26,-14.3,0.0
31165,2017,2296.0,278.9,127.2,71.5,30,-21.2,4.0
31165,2018,2343.4,364.3,206.0,97.2,23,-19.7,5.0
31165,2019,2218.1,399.8,174.2,134.4,24,-21.4,3.0
31165,2020,2407.7,160.2,83.9,39.9,40,-15.0,0.0
31165,2021,2478.4,196.7,88.2,61.9,38,-26.6,5.0
31165,2022,2454.9,231.0,108.9,75.6,39,-20.2,2.0
31165,2023,2389.0,400.3,219.1,105.7,32,-28.1,8.0
31165,2024,2507.2,202.7,79.0,66.2,37,-27.2,5.0
31165,2025,2426.6,335.1,193.1,76.3,34,-22.0,5.0
31167,2000,2717.0,401.9,184.8,147.2,36,,
31167,2001,2607.1,559.6,214.4,172.5,30,-23.6,16.0
31167,2002,2688.1,406.0,143.3,165.0,38,-16.6,0.0
31167,2003,2509.2,531.5,207.7,110.9,33,-22.5,4.0
31167,2004,2540.5,507.8,226.5,135.1,12,-23.4,8.0
31167,2005,2730.4,528.4,243.1,115.0,35,-20.2,5.0
31167,2006,2667.4,528.3,118.9,180.1,31,-21.2,6.0
31167,2007,2621.0,658.2,178.6,282.1,24,-22.0,10.0
31167,2008,2420.3,589.6,303.0,114.1,8,-22.8,6.0
31167,2009,2374.7,494.2,184.8,199.5,11,-27.2,12.0
31167,2010,2570.6,720.4,313.7,253.9,8,-30.1,21.0
31167,2011,2520.0,532.8,265.2,158.4,24,-26.9,6.0
31167,2012,2877.3,312.8,174.8,44.7,47,-19.4,1.0
31167,2013,2554.8,499.2,219.6,130.7,25,-19.6,2.0
31167,2014,2453.9,697.6,354.5,210.9,5,-24.7,16.0
31167,2015,2586.7,635.2,228.4,223.2,17,-21.3,13.0
31167,2016,2640.0,635.2,204.1,180.6,13,-23.7,4.0
31167,2017,2587.5,576.5,170.4,225.8,23,-23.3,3.0
31167,2018,2568.2,653.6,339.7,184.1,5,-25.0,11.0
31167,2019,2537.0,596.2,243.6,162.7,3,-26.0,11.0
31167,2020,2643.2,326.7,162.8,111.1,28,-21.7,7.0
31167,2021,2713.1,473.2,161.6,214.5,35,-28.5,9.0
31167,2022,2771.7,317.8,139.0,103.2,38,-19.4,6.0
31167,2023,2824.0,401.7,134.2,181.2,25,-25.8,11.0
31167,2024,2711.5,543.4,290.7,135.7,20,-33.3,9.0
31167,2025,2682.7,656.6,239.3,301.6,9,-24.6,11.0
31169,2000,2930.4,369.0,151.1,140.5,47,,
31169,2001,2839.9,684.4,309.7,192.5,40,-22.6,3.0
31169,2002,2908.3,383.7,169.1,118.3,46,-15.0,0.0
31169,2003,2733.1,574.4,257.4,86.6,51,-19.0,1.0
31169,2004,2769.9,544.0,258.4,165.9,14,-22.9,8.0
31169,2005,2875.6,594.6,195.9,246.7,28,-20.7,4.0
31169,2006,2875.7,610.2,163.5,250.4,33,-17.9,0.0
31169,2007,2797.2,741.7,298.9,276.9,28,-20.6,2.0
31169,2008,2588.0,727.0,269.0,247.2,17,-17.9,0.0
31169,2009,2652.2,501.3,171.0,176.3,18,-20.9,5.0
31169,2010,2883.5,667.5,296.3,188.0,33,-25.4,8.0
31169,2011,2788.2,627.8,279.9,260.2,35,-19.7,3.0
31169,2012,3021.0,388.0,153.1,106.8,43,-18.4,1.0
31169,2013,2776.2,551.4,197.6,201.9,30,-14.3,0.0
31169,2014,2789.2,577.8,235.1,192.0,31,-22.6,5.0
31169,2015,2808.5,715.3,399.9,180.8,17,-21.1,3.0
31169,2016,2879.2,627.9,208.5,242.4,25,-16.7,0.0
31169,2017,2837.0,554.1,240.6,139.0,21,-20.1,2.0
31169,2018,2921.8,628.1,243.8,202.3,32,-22.0,4.0
31169,2019,2737.7,835.3,401.8,309.1,5,-19.6,3.0
31169,2020,2704.8,560.7,213.0,274.9,14,-17.2,0.0
31169,2021,2885.9,429.8,160.5,180.4,36,-25.0,5.0
31169,2022,2930.5,505.1,241.2,180.4,34,-16.8,0.0
31169,2023,3012.1,412.1,130.4,190.8,35,-22.0,2.0
31169,2024,2989.9,438.6,221.6,152.2,38,-32.6,8.0
31169,2025,2928.1,593.9,205.2,247.4,28,-23.7,8.0
31171,2000,2588.7,331.3,154.3,89.9,43,,
31171,2001,2536.7,504.0,119.8,185.7,34,-18.9,4.0
31171,2002,2597.2,255.1,77.9,102.1,39,-15.3,0.0
31171,2003,2499.7,320.8,156.6,57.5,44,-19.4,1.0
31171,2004,2426.8,450.6,126.8,181.0,17,-18.1,3.0
31171,2005,2579.3,336.3,165.0,93.0,37,-18.6,2.0
31171,2006,2659.4,271.2,79.7,94.6,36,-21.0,3.0
31171,2007,2562.5,481.6,231.4,118.2,36,-19.7,4.0
31171,2008,2343.8,515.8,230.3,143.8,23,-17.6,0.0
31171,2009,2261.4,515.2,204.3,191.3,12,-21.4,5.0
31171,2010,2433.4,603.2,275.3,214.4,23,-22.2,5.0
31171,2011,2400.4,452.1,198.5,178.2,30,-21.6,9.0
31171,2012,2783.1,205.8,54.0,49.4,45,-18.8,1.0
31171,2013,2530.7,437.9,190.5,156.6,24,-15.7,0.0
31171,2014,2416.7,469.3,231.4,157.9,19,-23.1,8.0
31171,2015,2489.5,498.9,245.4,118.4,27,-21.1,5.0
31171,2016,2494.7,510.8,184.6,138.0,21,-17.4,0.0
31171,2017,2476.9,454.7,111.9,183.6,26,-21.1,4.0
31171,2018,2447.0,590.4,321.5,166.0,17,-22.4,6.0
31171,2019,2380.0,646.2,253.2,249.8,11,-20.0,8.0
31171,2020,2516.2,336.8,172.5,122.7,32,-17.4,0.0
31171,2021,2606.1,390.8,133.8,136.9,30,-24.7,9.0
31171,2022,2653.1,281.2,115.1,95.3,41,-20.6,3.0
31171,2023,2599.8,503.7,271.3,162.3,24,-27.7,10.0
31171,2024,2662.1,359.6,187.2,93.2,34,-26.9,6.0
31171,2025,2593.3,461.3,237.5,124.7,29,-25.0,10.0
31173,2000,2732.6,410.7,159.5,172.3,37,,
31173,2001,2617.0,570.5,235.6,173.9,32,-26.4,16.0
31173,2002,2693.2,447.8,143.8,189.9,35,-17.5,0.0
31173,2003,2538.1,499.8,202.9,112.6,34,-22.2,5.0
31173,2004,2580.1,496.4,216.6,140.6,10,-22.6,8.0
31173,2005,2781.2,468.6,218.1,104.1,38,-20.9,5.0
31173,2006,2709.3,495.5,85.6,191.6,32,-20.8,4.0
31173,2007,2663.5,673.9,194.4,280.3,27,-21.5,9.0
31173,2008,2466.2,613.7,293.6,138.0,5,-23.1,7.0
31173,2009,2402.5,539.4,194.8,235.5,7,-26.5,13.0
31173,2010,2614.3,744.5,299.2,291.2,7,-32.2,25.0
31173,2011,2567.0,542.5,277.2,158.3,24,-27.1,9.0
31173,2012,2879.9,374.4,203.0,62.6,48,-19.0,1.0
31173,2013,2575.3,508.5,238.8,107.8,23,-19.9,2.0
31173,2014,2467.2,786.8,388.0,243.4,4,-25.2,16.0
31173,2015,2590.0,697.5,225.2,258.2,18,-21.1,11.0
31173,2016,2668.8,658.2,177.0,210.2,12,-22.7,5.0
31173,2017,2634.4,572.0,183.6,215.8,23,-23.2,3.0
31173,2018,2622.3,697.5,343.9,200.2,7,-25.4,11.0
31173,2019,2584.6,611.9,245.9,150.8,6,-27.0,11.0
31173,2020,2673.9,316.6,157.3,90.2,37,-21.7,5.0
31173,2021,2751.1,471.4,170.7,203.2,35,-28.4,11.0
31173,2022,2787.1,332.1,134.2,122.2,39,-19.4,5.0
31173,2023,2842.0,399.4,129.8,178.4,25,-25.7,11.0
31173,2024,2776.4,547.5,294.8,140.4,20,-33.5,10.0
31173,2025,2718.5,661.0,217.3,308.8,10,-25.3,10.0
31175,2000,2712.1,330.9,121.5,134.8,43,,
31175,2001,2657.6,472.5,150.2,147.6,35,-18.8,3.0
31175,2002,2697.0,332.0,129.1,119.4,41,-14.2,0.0
31175,2003,2566.9,449.7,201.3,72.3,42,-20.0,4.0
31175,2004,2545.9,545.2,209.5,162.2,13,-20.1,5.0
31175,2005,2669.7,505.2,253.3,141.8,27,-18.8,2.0
31175,2006,2686.0,516.4,118.7,190.4,27,-21.8,5.0
31175,2007,2590.9,691.3,264.8,229.9,19,-19.5,4.0
31175,2008,2360.1,676.0,383.3,132.4,6,-19.5,1.0
31175,2009,2354.9,505.0,214.7,210.4,8,-24.4,7.0
31175,2010,2555.9,645.3,353.0,179.5,15,-25.7,10.0
31175,2011,2486.4,548.8,261.5,190.6,22,-21.3,6.0
31175,2012,2852.4,246.7,115.9,35.5,45,-19.6,2.0
31175,2013,2597.2,541.7,213.9,165.7,27,-16.1,0.0
31175,2014,2495.4,596.0,253.8,201.9,16,-23.3,5.0
31175,2015,2599.0,547.0,228.1,169.8,22,-20.9,7.0
31175,2016,2618.8,551.0,161.0,156.4,18,-19.5,2.0
31175,2017,2594.1,550.0,148.0,218.2,21,-21.3,4.0
31175,2018,2573.8,604.7,289.2,214.8,9,-23.2,6.0
31175,2019,2487.2,691.7,281.9,315.2,3,-21.3,9.0
31175,2020,2557.9,341.8,177.2,122.3,23,-18.6,1.0
31175,2021,2678.7,406.3,136.1,187.6,26,-26.9,9.0
31175,2022,2764.5,335.8,136.9,110.6,43,-19.2,4.0
31175,2023,2787.5,420.7,175.3,176.9,25,-25.3,4.0
31175,2024,2727.4,516.8,279.9,133.4,23,-31.6,8.0
31175,2025,2676.2,652.6,307.8,262.5,20,-24.1,10.0
31177,2000,2775.8,424.0,165.5,184.6,37,,
31177,2001,2667.8,572.0,267.2,155.2,32,-25.1,15.0
31177,2002,2753.6,442.8,138.3,200.5,37,-16.6,0.0
31177,2003,2597.6,474.6,211.4,93.8,42,-22.2,4.0
31177,2004,2630.7,485.5,211.5,166.1,11,-23.7,9.0
31177,2005,2828.1,455.6,202.7,122.4,40,-20.0,5.0
31177,2006,2744.2,539.0,92.5,221.5,31,-19.0,2.0
31177,2007,2693.9,688.5,222.2,286.8,28,-20.3,9.0
31177,2008,2497.3,666.7,343.7,122.4,5,-21.8,3.0
31177,2009,2483.8,525.3,201.3,218.2,12,-26.2,9.0
31177,2010,2680.9,759.0,325.4,265.5,14,-30.1,21.0
31177,2011,2626.1,574.8,274.8,193.2,24,-23.9,4.0
31177,2012,2918.9,366.0,194.2,58.2,47,-18.0,1.0
31177,2013,2629.1,515.2,256.7,92.5,25,-19.2,2.0
31177,2014,2533.1,816.1,376.3,253.2,12,-24.1,12.0
31177,2015,2605.6,757.0,276.9,250.6,16,-21.1,9.0
31177,2016,2702.4,724.1,205.4,251.6,11,-21.8,4.0
31177,2017,2683.6,583.4,213.3,199.5,21,-22.8,3.0
31177,2018,2709.1,666.4,321.3,192.0,15,-24.6,6.0
31177,2019,2664.1,606.7,270.1,146.9,8,-26.1,7.0
31177,2020,2703.3,342.4,175.0,91.5,35,-20.8,4.0
31177,2021,2776.0,501.6,187.0,222.6,37,-27.1,9.0
31177,2022,2836.7,350.7,164.0,103.1,39,-18.9,2.0
31177,2023,2889.0,405.5,117.1,205.3,24,-24.5,6.0
31177,2024,2832.9,557.4,299.5,162.2,23,-33.0,10.0
31177,2025,2769.7,667.9,219.7,302.2,15,-24.5,9.0
31179,2000,2717.0,401.9,184.8,147.2,36,,
31179,2001,2607.1,559.6,214.4,172.5,30,-23.6,16.0
31179,2002,2688.1,406.0,143.3,165.0,38,-16.6,0.0
31179,2003,2509.2,531.5,207.7,110.9,33,-22.5,4.0
31179,2004,2540.5,507.8,226.5,135.1,12,-23.4,8.0
31179,2005,2730.4,528.4,243.1,115.0,35,-20.2,5.0
31179,2006,2667.4,528.3,118.9,180.1,31,-21.2,6.0
31179,2007,2621.0,658.2,178.6,282.1,24,-22.0,10.0
31179,2008,2420.3,589.6,303.0,114.1,8,-22.8,6.0
31179,2009,2374.7,494.2,184.8,199.5,11,-27.2,12.0
31179,2010,2570.6,720.4,313.7,253.9,8,-30.1,21.0
31179,2011,2520.0,532.8,265.2,158.4,24,-26.9,6.0
31179,2012,2877.3,312.8,174.8,44.7,47,-19.4,1.0
31179,2013,2554.8,499.2,219.6,130.7,25,-19.6,2.0
31179,2014,2453.9,697.6,354.5,210.9,5,-24.7,16.0
31179,2015,2586.7,635.2,228.4,223.2,17,-21.3,13.0
31179,2016,2640.0,635.2,204.1,180.6,13,-23.7,4.0
31179,2017,2587.5,576.5,170.4,225.8,23,-23.3,3.0
31179,2018,2568.2,653.6,339.7,184.1,5,-25.0,11.0
31179,2019,2537.0,596.2,243.6,162.7,3,-26.0,11.0
31179,2020,2643.2,326.7,162.8,111.1,28,-21.7,7.0
31179,2021,2713.1,473.2,161.6,214.5,35,-28.5,9.0
31179,2022,2771.7,317.8,139.0,103.2,38,-19.4,6.0
31179,2023,2824.0,401.7,134.2,181.2,25,-25.8,11.0
31179,2024,2711.5,543.4,290.7,135.7,20,-33.3,9.0
31179,2025,2682.7,656.6,239.3,301.6,9,-24.6,11.0
31181,2000,2887.4,338.9,136.1,134.4,47,,
31181,2001,2840.9,568.5,253.7,171.6,40,-19.0,1.0
31181,2002,2868.7,340.7,156.6,102.5,44,-14.0,0.0
31181,2003,2733.5,467.4,200.4,82.8,52,-16.4,0.0
31181,2004,2770.5,496.0,183.8,176.4,21,-20.6,6.0
31181,2005,2830.9,549.1,210.6,235.1,27,-19.0,3.0
31181,2006,2856.1,517.9,175.1,202.6,32,-17.3,0.0
31181,2007,2781.7,643.0,277.8,232.5,31,-18.6,2.0
31181,2008,2588.7,665.1,281.6,237.3,17,-16.3,0.0
31181,2009,2613.6,456.7,158.6,197.7,15,-19.3,3.0
31181,2010,2812.9,661.6,306.2,199.7,30,-22.2,5.0
31181,2011,2714.9,643.2,285.3,273.2,34,-21.8,4.0
31181,2012,2997.7,313.9,105.1,99.7,41,-17.5,0.0
31181,2013,2802.7,451.8,156.3,171.1,32,-14.3,0.0
31181,2014,2752.8,565.6,239.9,208.7,27,-21.8,4.0
31181,2015,2835.6,571.8,280.1,198.7,23,-16.8,0.0
31181,2016,2824.1,612.3,155.2,230.7,28,-16.0,0.0
31181,2017,2791.3,520.4,206.4,153.5,23,-19.5,2.0
31181,2018,2849.4,601.4,244.4,205.5,31,-21.0,4.0
31181,2019,2751.0,697.2,347.3,289.1,10,-17.5,0.0
31181,2020,2718.7,443.0,185.4,214.2,19,-14.4,0.0
31181,2021,2831.8,448.3,185.4,168.2,34,-25.5,5.0
31181,2022,2914.7,395.8,184.5,126.4,41,-16.8,0.0
31181,2023,2959.5,439.0,183.6,184.7,35,-22.8,3.0
31181,2024,2927.3,420.6,196.7,143.5,35,-25.8,7.0
31181,2025,2900.5,532.3,213.4,207.3,30,-22.7,7.0
31183,2000,2671.4,354.9,154.0,124.4,42,,
31183,2001,2598.7,504.3,147.9,169.3,33,-20.7,7.0
31183,2002,2664.5,319.0,107.4,127.0,39,-15.4,0.0
31183,2003,2521.6,427.2,185.9,89.3,37,-20.7,4.0
31183,2004,2497.0,549.1,220.2,148.9,14,-20.6,3.0
31183,2005,2638.5,529.7,255.5,134.9,27,-18.9,2.0
31183,2006,2657.0,461.3,105.1,147.2,32,-24.1,7.0
31183,2007,2577.9,654.7,249.3,208.2,24,-20.3,6.0
31183,2008,2354.0,616.2,331.3,132.3,11,-21.1,3.0
31183,2009,2329.9,495.1,195.4,224.0,9,-24.0,9.0
31183,2010,2516.5,667.7,348.8,191.0,15,-26.8,11.0
31183,2011,2446.9,525.1,255.0,177.1,26,-21.5,7.0
31183,2012,2825.4,250.9,106.7,37.8,45,-20.2,2.0
31183,2013,2541.2,544.5,213.6,180.5,26,-17.5,0.0
31183,2014,2466.9,544.6,238.3,200.6,14,-24.0,11.0
31183,2015,2566.3,549.3,220.5,184.2,24,-22.5,13.0
31183,2016,2571.3,578.7,182.5,161.1,17,-21.1,4.0
31183,2017,2545.8,539.4,124.5,228.0,20,-22.1,3.0
31183,2018,2512.0,639.5,286.6,222.9,11,-24.4,8.0
31183,2019,2441.7,671.2,253.2,276.3,7,-22.6,11.0
31183,2020,2539.1,354.2,177.2,142.8,25,-19.6,1.0
31183,2021,2673.9,387.4,130.6,179.3,31,-26.2,9.0
31183,2022,2714.6,354.0,149.0,117.4,35,-20.1,6.0
31183,2023,2737.8,453.9,193.7,179.6,27,-26.0,8.0
31183,2024,2684.4,472.4,263.2,98.6,23,-31.9,8.0
31183,2025,2646.3,639.9,280.3,280.6,20,-24.1,10.0
31185,2000,2815.3,352.9,126.2,157.5,41,,
31185,2001,2743.4,522.7,231.4,125.9,39,-20.3,8.0
31185,2002,2811.1,374.4,154.6,121.7,41,-14.3,0.0
31185,2003,2637.0,492.7,219.1,66.8,48,-21.3,2.0
31185,2004,2701.4,457.1,187.6,141.7,14,-23.3,7.0
31185,2005,2824.8,502.0,226.3,145.5,31,-20.3,5.0
31185,2006,2779.6,552.3,135.3,217.7,27,-20.4,3.0
31185,2007,2698.9,694.4,241.2,282.2,16,-18.5,2.0
31185,2008,2460.4,698.2,371.7,158.3,7,-19.5,2.0
31185,2009,2524.1,447.8,199.7,159.6,14,-22.3,7.0
31185,2010,2739.3,609.3,317.8,171.4,20,-26.8,13.0
31185,2011,2634.5,590.7,263.3,223.4,25,-21.2,5.0
31185,2012,2948.3,286.9,162.7,46.9,49,-18.9,1.0
31185,2013,2688.7,496.6,224.0,125.3,28,-16.8,0.0
31185,2014,2601.1,683.2,271.6,227.8,15,-23.2,6.0
31185,2015,2675.2,617.3,290.2,167.4,11,-20.9,6.0
31185,2016,2779.6,522.2,155.0,152.7,23,-20.0,2.0
31185,2017,2713.7,576.1,191.4,225.2,18,-21.4,3.0
31185,2018,2744.1,592.4,260.0,213.4,14,-23.7,4.0
31185,2019,2597.2,715.7,324.2,312.8,3,-21.6,4.0
31185,2020,2649.8,387.5,192.2,139.7,14,-19.3,1.0
31185,2021,2773.8,417.6,160.3,182.0,30,-28.6,7.0
31185,2022,2861.8,377.3,180.9,106.2,40,-18.2,2.0
31185,2023,2941.5,339.6,106.4,169.5,31,-24.1,4.0
31185,2024,2853.5,518.0,269.0,159.9,23,-32.9,8.0
31185,2025,2806.7,585.1,260.3,242.7,21,-26.9,10.0
