fips,state_alpha,county_name,asd_code,asd_desc,year,practice,yield_bu_acre
19001,IA,Adair,70,SOUTHWEST,2000,all,131.8
19001,IA,Adair,70,SOUTHWEST,2001,all,127.3
19001,IA,Adair,70,SOUTHWEST,2002,all,154.3
19001,IA,Adair,70,SOUTHWEST,2003,all,131.3
19001,IA,Adair,70,SOUTHWEST,2004,all,182.1
19001,IA,Adair,70,SOUTHWEST,2005,all,159.0
19001,IA,Adair,70,SOUTHWEST,2006,all,164.9
19001,IA,Adair,70,SOUTHWEST,2007,all,160.7
19001,IA,Adair,70,SOUTHWEST,2008,all,169.0
19001,IA,Adair,70,SOUTHWEST,2009,all,179.3
19001,IA,Adair,70,SOUTHWEST,2010,all,139.1
19001,IA,Adair,70,SOUTHWEST,2011,all,152.8
19001,IA,Adair,70,SOUTHWEST,2012,all,104.4
19001,IA,Adair,70,SOUTHWEST,2013,all,137.8
19001,IA,Adair,70,SOUTHWEST,2014,all,169.3
19001,IA,Adair,70,SOUTHWEST,2015,all,176.5
19001,IA,Adair,70,SOUTHWEST,2016,all,190.3
19001,IA,Adair,70,SOUTHWEST,2017,all,175.2
19001,IA,Adair,70,SOUTHWEST,2018,all,149.5
19001,IA,Adair,70,SOUTHWEST,2019,all,176.5
19001,IA,Adair,70,SOUTHWEST,2020,all,168.7
19001,IA,Adair,70,SOUTHWEST,2022,all,164.2
19001,IA,Adair,70,SOUTHWEST,2024,all,211.2
19001,IA,Adair,70,SOUTHWEST,2025,all,187.0
19003,IA,Adams,70,SOUTHWEST,2000,all,140.0
19003,IA,Adams,70,SOUTHWEST,2001,all,120.3
19003,IA,Adams,70,SOUTHWEST,2002,all,132.3
19003,IA,Adams,70,SOUTHWEST,2003,all,122.2
19003,IA,Adams,70,SOUTHWEST,2004,all,169.3
19003,IA,Adams,70,SOUTHWEST,2005,all,157.1
19003,IA,Adams,70,SOUTHWEST,2006,all,145.4
19003,IA,Adams,70,SOUTHWEST,2007,all,153.4
19003,IA,Adams,70,SOUTHWEST,2008,all,156.0
19003,IA,Adams,70,SOUTHWEST,2009,all,168.1
19003,IA,Adams,70,SOUTHWEST,2010,all,139.3
19003,IA,Adams,70,SOUTHWEST,2011,all,151.7
19003,IA,Adams,70,SOUTHWEST,2012,all,109.8
19003,IA,Adams,70,SOUTHWEST,2013,all,147.6
19003,IA,Adams,70,SOUTHWEST,2014,all,169.9
19003,IA,Adams,70,SOUTHWEST,2015,all,169.6
19003,IA,Adams,70,SOUTHWEST,2016,all,187.4
19003,IA,Adams,70,SOUTHWEST,2017,all,179.9
19003,IA,Adams,70,SOUTHWEST,2018,all,171.6
19003,IA,Adams,70,SOUTHWEST,2020,all,173.3
19005,IA,Allamakee,30,NORTHEAST,2000,all,146.6
19005,IA,Allamakee,30,NORTHEAST,2001,all,150.3
19005,IA,Allamakee,30,NORTHEAST,2002,all,158.7
19005,IA,Allamakee,30,NORTHEAST,2003,all,142.7
19005,IA,Allamakee,30,NORTHEAST,2004,all,163.3
19005,IA,Allamakee,30,NORTHEAST,2005,all,177.4
19005,IA,Allamakee,30,NORTHEAST,2006,all,166.2
19005,IA,Allamakee,30,NORTHEAST,2007,all,167.1
19005,IA,Allamakee,30,NORTHEAST,2008,all,170.0
19005,IA,Allamakee,30,NORTHEAST,2009,all,179.6
19005,IA,Allamakee,30,NORTHEAST,2010,all,175.8
19005,IA,Allamakee,30,NORTHEAST,2011,all,173.3
19005,IA,Allamakee,30,NORTHEAST,2012,all,153.6
19005,IA,Allamakee,30,NORTHEAST,2013,all,162.1
19005,IA,Allamakee,30,NORTHEAST,2014,all,175.6
19005,IA,Allamakee,30,NORTHEAST,2015,all,175.4
19005,IA,Allamakee,30,NORTHEAST,2016,all,205.1
19005,IA,Allamakee,30,NORTHEAST,2017,all,190.5
19005,IA,Allamakee,30,NORTHEAST,2018,all,198.4
19005,IA,Allamakee,30,NORTHEAST,2019,all,187.2
19005,IA,Allamakee,30,NORTHEAST,2020,all,196.3
19005,IA,Allamakee,30,NORTHEAST,2021,all,198.5
19005,IA,Allamakee,30,NORTHEAST,2022,all,215.9
19005,IA,Allamakee,30,NORTHEAST,2023,all,183.9
19005,IA,Allamakee,30,NORTHEAST,2024,all,216.3
19005,IA,Allamakee,30,NORTHEAST,2025,all,211.1
19007,IA,Appanoose,80,SOUTH CENTRAL,2000,all,147.7
19007,IA,Appanoose,80,SOUTH CENTRAL,2001,all,110.1
19007,IA,Appanoose,80,SOUTH CENTRAL,2002,all,129.4
19007,IA,Appanoose,80,SOUTH CENTRAL,2003,all,125.7
19007,IA,Appanoose,80,SOUTH CENTRAL,2004,all,171.9
19007,IA,Appanoose,80,SOUTH CENTRAL,2005,all,150.0
19007,IA,Appanoose,80,SOUTH CENTRAL,2006,all,157.7
19007,IA,Appanoose,80,SOUTH CENTRAL,2007,all,152.0
19007,IA,Appanoose,80,SOUTH CENTRAL,2008,all,118.0
19007,IA,Appanoose,80,SOUTH CENTRAL,2009,all,153.0
19007,IA,Appanoose,80,SOUTH CENTRAL,2010,all,75.2
19007,IA,Appanoose,80,SOUTH CENTRAL,2011,all,120.1
19007,IA,Appanoose,80,SOUTH CENTRAL,2012,all,44.5
19007,IA,Appanoose,80,SOUTH CENTRAL,2013,all,109.1
19007,IA,Appanoose,80,SOUTH CENTRAL,2014,all,170.9
19007,IA,Appanoose,80,SOUTH CENTRAL,2015,all,154.3
19007,IA,Appanoose,80,SOUTH CENTRAL,2016,all,186.3
19007,IA,Appanoose,80,SOUTH CENTRAL,2017,all,170.0
19007,IA,Appanoose,80,SOUTH CENTRAL,2019,all,166.8
19007,IA,Appanoose,80,SOUTH CENTRAL,2020,all,143.6
19007,IA,Appanoose,80,SOUTH CENTRAL,2021,all,171.6
19007,IA,Appanoose,80,SOUTH CENTRAL,2022,all,146.1
19007,IA,Appanoose,80,SOUTH CENTRAL,2023,all,172.8
19009,IA,Audubon,40,WEST CENTRAL,2000,all,136.2
19009,IA,Audubon,40,WEST CENTRAL,2001,all,129.1
19009,IA,Audubon,40,WEST CENTRAL,2002,all,151.5
19009,IA,Audubon,40,WEST CENTRAL,2003,all,137.4
19009,IA,Audubon,40,WEST CENTRAL,2004,all,179.6
19009,IA,Audubon,40,WEST CENTRAL,2005,all,172.1
19009,IA,Audubon,40,WEST CENTRAL,2006,all,173.9
19009,IA,Audubon,40,WEST CENTRAL,2007,all,160.7
19009,IA,Audubon,40,WEST CENTRAL,2008,all,181.0
19009,IA,Audubon,40,WEST CENTRAL,2009,all,190.4
19009,IA,Audubon,40,WEST CENTRAL,2010,all,160.3
19009,IA,Audubon,40,WEST CENTRAL,2011,all,176.6
19009,IA,Audubon,40,WEST CENTRAL,2012,all,114.8
19009,IA,Audubon,40,WEST CENTRAL,2013,all,157.1
19009,IA,Audubon,40,WEST CENTRAL,2014,all,185.5
19009,IA,Audubon,40,WEST CENTRAL,2015,all,189.8
19009,IA,Audubon,40,WEST CENTRAL,2016,all,206.1
19009,IA,Audubon,40,WEST CENTRAL,2017,all,211.2
19009,IA,Audubon,40,WEST CENTRAL,2018,all,180.0
19009,IA,Audubon,40,WEST CENTRAL,2019,all,216.0
19009,IA,Audubon,40,WEST CENTRAL,2020,all,170.8
19009,IA,Audubon,40,WEST CENTRAL,2021,all,216.0
19009,IA,Audubon,40,WEST CENTRAL,2022,all,197.9
19009,IA,Audubon,40,WEST CENTRAL,2023,all,197.6
19009,IA,Audubon,40,WEST CENTRAL,2024,all,224.2
19009,IA,Audubon,40,WEST CENTRAL,2025,all,224.7
19011,IA,Benton,60,EAST CENTRAL,2000,all,148.7
19011,IA,Benton,60,EAST CENTRAL,2001,all,160.2
19011,IA,Benton,60,EAST CENTRAL,2002,all,177.8
19011,IA,Benton,60,EAST CENTRAL,2003,all,168.0
19011,IA,Benton,60,EAST CENTRAL,2004,all,171.8
19011,IA,Benton,60,EAST CENTRAL,2005,all,170.0
19011,IA,Benton,60,EAST CENTRAL,2006,all,171.4
19011,IA,Benton,60,EAST CENTRAL,2007,all,180.2
19011,IA,Benton,60,EAST CENTRAL,2008,all,179.0
19011,IA,Benton,60,EAST CENTRAL,2009,all,184.7
19011,IA,Benton,60,EAST CENTRAL,2010,all,179.0
19011,IA,Benton,60,EAST CENTRAL,2011,all,157.2
19011,IA,Benton,60,EAST CENTRAL,2012,all,129.3
19011,IA,Benton,60,EAST CENTRAL,2013,all,163.7
19011,IA,Benton,60,EAST CENTRAL,2014,all,185.4
19011,IA,Benton,60,EAST CENTRAL,2015,all,187.5
19011,IA,Benton,60,EAST CENTRAL,2016,all,199.9
19011,IA,Benton,60,EAST CENTRAL,2017,all,215.3
19011,IA,Benton,60,EAST CENTRAL,2018,all,214.6
19011,IA,Benton,60,EAST CENTRAL,2019,all,197.6
19011,IA,Benton,60,EAST CENTRAL,2020,all,144.8
19011,IA,Benton,60,EAST CENTRAL,2021,all,211.7
19011,IA,Benton,60,EAST CENTRAL,2022,all,221.7
19011,IA,Benton,60,EAST CENTRAL,2023,all,199.7
19011,IA,Benton,60,EAST CENTRAL,2024,all,238.6
19013,IA,Black Hawk,30,NORTHEAST,2000,all,144.0
19013,IA,Black Hawk,30,NORTHEAST,2001,all,162.7
19013,IA,Black Hawk,30,NORTHEAST,2002,all,176.7
19013,IA,Black Hawk,30,NORTHEAST,2003,all,151.3
19013,IA,Black Hawk,30,NORTHEAST,2004,all,178.1
19013,IA,Black Hawk,30,NORTHEAST,2005,all,180.7
19013,IA,Black Hawk,30,NORTHEAST,2006,all,185.5
19013,IA,Black Hawk,30,NORTHEAST,2007,all,176.7
19013,IA,Black Hawk,30,NORTHEAST,2008,all,165.0
19013,IA,Black Hawk,30,NORTHEAST,2009,all,173.2
19013,IA,Black Hawk,30,NORTHEAST,2010,all,170.4
19013,IA,Black Hawk,30,NORTHEAST,2011,all,186.1
19013,IA,Black Hawk,30,NORTHEAST,2012,all,126.4
19013,IA,Black Hawk,30,NORTHEAST,2013,all,166.1
19013,IA,Black Hawk,30,NORTHEAST,2014,all,165.2
19013,IA,Black Hawk,30,NORTHEAST,2015,all,192.9
19013,IA,Black Hawk,30,NORTHEAST,2016,all,206.4
19013,IA,Black Hawk,30,NORTHEAST,2017,all,209.2
19013,IA,Black Hawk,30,NORTHEAST,2018,all,206.2
19013,IA,Black Hawk,30,NORTHEAST,2019,all,205.1
19013,IA,Black Hawk,30,NORTHEAST,2020,all,169.8
19013,IA,Black Hawk,30,NORTHEAST,2021,all,193.6
19013,IA,Black Hawk,30,NORTHEAST,2022,all,202.4
19013,IA,Black Hawk,30,NORTHEAST,2024,all,205.9
19013,IA,Black Hawk,30,NORTHEAST,2025,all,207.2
19015,IA,Boone,50,CENTRAL,2000,all,154.5
19015,IA,Boone,50,CENTRAL,2001,all,154.0
19015,IA,Boone,50,CENTRAL,2002,all,171.0
19015,IA,Boone,50,CENTRAL,2003,all,170.4
19015,IA,Boone,50,CENTRAL,2004,all,192.2
19015,IA,Boone,50,CENTRAL,2005,all,192.4
19015,IA,Boone,50,CENTRAL,2006,all,172.7
19015,IA,Boone,50,CENTRAL,2007,all,182.2
19015,IA,Boone,50,CENTRAL,2008,all,166.0
19015,IA,Boone,50,CENTRAL,2009,all,183.4
19015,IA,Boone,50,CENTRAL,2010,all,162.5
19015,IA,Boone,50,CENTRAL,2011,all,182.5
19015,IA,Boone,50,CENTRAL,2012,all,147.1
19015,IA,Boone,50,CENTRAL,2013,all,154.2
19015,IA,Boone,50,CENTRAL,2014,all,180.9
19015,IA,Boone,50,CENTRAL,2015,all,192.3
19015,IA,Boone,50,CENTRAL,2016,all,208.4
19015,IA,Boone,50,CENTRAL,2017,all,192.4
19015,IA,Boone,50,CENTRAL,2018,all,193.7
19015,IA,Boone,50,CENTRAL,2019,all,194.8
19015,IA,Boone,50,CENTRAL,2020,all,160.7
19015,IA,Boone,50,CENTRAL,2021,all,208.4
19015,IA,Boone,50,CENTRAL,2022,all,202.4
19015,IA,Boone,50,CENTRAL,2023,all,226.5
19015,IA,Boone,50,CENTRAL,2024,all,217.6
19015,IA,Boone,50,CENTRAL,2025,all,209.9
19017,IA,Bremer,30,NORTHEAST,2000,all,151.3
19017,IA,Bremer,30,NORTHEAST,2001,all,161.0
19017,IA,Bremer,30,NORTHEAST,2002,all,184.1
19017,IA,Bremer,30,NORTHEAST,2003,all,152.7
19017,IA,Bremer,30,NORTHEAST,2004,all,184.5
19017,IA,Bremer,30,NORTHEAST,2005,all,193.0
19017,IA,Bremer,30,NORTHEAST,2006,all,183.1
19017,IA,Bremer,30,NORTHEAST,2007,all,181.4
19017,IA,Bremer,30,NORTHEAST,2008,all,161.0
19017,IA,Bremer,30,NORTHEAST,2009,all,188.9
19017,IA,Bremer,30,NORTHEAST,2010,all,174.6
19017,IA,Bremer,30,NORTHEAST,2011,all,196.5
19017,IA,Bremer,30,NORTHEAST,2012,all,133.3
19017,IA,Bremer,30,NORTHEAST,2013,all,175.1
19017,IA,Bremer,30,NORTHEAST,2014,all,159.0
19017,IA,Bremer,30,NORTHEAST,2015,all,203.1
19017,IA,Bremer,30,NORTHEAST,2016,all,210.6
19017,IA,Bremer,30,NORTHEAST,2017,all,212.7
19017,IA,Bremer,30,NORTHEAST,2018,all,212.4
19017,IA,Bremer,30,NORTHEAST,2019,all,212.5
19017,IA,Bremer,30,NORTHEAST,2020,all,187.6
19017,IA,Bremer,30,NORTHEAST,2021,all,200.1
19017,IA,Bremer,30,NORTHEAST,2022,all,210.8
19017,IA,Bremer,30,NORTHEAST,2023,all,199.9
19017,IA,Bremer,30,NORTHEAST,2024,all,205.9
19017,IA,Bremer,30,NORTHEAST,2025,all,213.1
19019,IA,Buchanan,30,NORTHEAST,2000,all,140.6
19019,IA,Buchanan,30,NORTHEAST,2001,all,166.6
19019,IA,Buchanan,30,NORTHEAST,2002,all,183.1
19019,IA,Buchanan,30,NORTHEAST,2003,all,159.4
19019,IA,Buchanan,30,NORTHEAST,2004,all,163.0
19019,IA,Buchanan,30,NORTHEAST,2005,all,178.7
19019,IA,Buchanan,30,NORTHEAST,2006,all,180.8
19019,IA,Buchanan,30,NORTHEAST,2007,all,173.9
19019,IA,Buchanan,30,NORTHEAST,2008,all,167.0
19019,IA,Buchanan,30,NORTHEAST,2009,all,170.5
19019,IA,Buchanan,30,NORTHEAST,2010,all,167.5
19019,IA,Buchanan,30,NORTHEAST,2011,all,187.0
19019,IA,Buchanan,30,NORTHEAST,2012,all,140.4
19019,IA,Buchanan,30,NORTHEAST,2013,all,168.8
19019,IA,Buchanan,30,NORTHEAST,2014,all,169.3
19019,IA,Buchanan,30,NORTHEAST,2015,all,191.6
19019,IA,Buchanan,30,NORTHEAST,2016,all,205.6
19019,IA,Buchanan,30,NORTHEAST,2017,all,221.3
19019,IA,Buchanan,30,NORTHEAST,2018,all,207.1
19019,IA,Buchanan,30,NORTHEAST,2019,all,218.9
19019,IA,Buchanan,30,NORTHEAST,2020,all,188.3
19019,IA,Buchanan,30,NORTHEAST,2021,all,209.0
19019,IA,Buchanan,30,NORTHEAST,2022,all,209.7
19019,IA,Buchanan,30,NORTHEAST,2023,all,190.7
19019,IA,Buchanan,30,NORTHEAST,2024,all,220.8
19019,IA,Buchanan,30,NORTHEAST,2025,all,208.9
19021,IA,Buena Vista,10,NORTHWEST,2000,all,135.7
19021,IA,Buena Vista,10,NORTHWEST,2001,all,144.4
19021,IA,Buena Vista,10,NORTHWEST,2002,all,159.2
19021,IA,Buena Vista,10,NORTHWEST,2003,all,160.0
19021,IA,Buena Vista,10,NORTHWEST,2004,all,192.5
19021,IA,Buena Vista,10,NORTHWEST,2005,all,185.3
19021,IA,Buena Vista,10,NORTHWEST,2006,all,143.3
19021,IA,Buena Vista,10,NORTHWEST,2007,all,163.0
19021,IA,Buena Vista,10,NORTHWEST,2008,all,179.0
19021,IA,Buena Vista,10,NORTHWEST,2009,all,190.7
19021,IA,Buena Vista,10,NORTHWEST,2010,all,178.3
19021,IA,Buena Vista,10,NORTHWEST,2011,all,180.2
19021,IA,Buena Vista,10,NORTHWEST,2012,all,148.2
19021,IA,Buena Vista,10,NORTHWEST,2013,all,160.5
19021,IA,Buena Vista,10,NORTHWEST,2014,all,172.1
19021,IA,Buena Vista,10,NORTHWEST,2015,all,202.7
19021,IA,Buena Vista,10,NORTHWEST,2016,all,201.1
19021,IA,Buena Vista,10,NORTHWEST,2017,all,187.9
19021,IA,Buena Vista,10,NORTHWEST,2018,all,193.1
19021,IA,Buena Vista,10,NORTHWEST,2019,all,190.8
19021,IA,Buena Vista,10,NORTHWEST,2020,all,183.9
19021,IA,Buena Vista,10,NORTHWEST,2021,all,203.9
19021,IA,Buena Vista,10,NORTHWEST,2022,all,196.9
19021,IA,Buena Vista,10,NORTHWEST,2023,all,212.0
19021,IA,Buena Vista,10,NORTHWEST,2025,all,210.0
19023,IA,Butler,20,NORTH CENTRAL,2000,all,140.9
19023,IA,Butler,20,NORTH CENTRAL,2001,all,157.9
19023,IA,Butler,20,NORTH CENTRAL,2002,all,175.1
19023,IA,Butler,20,NORTH CENTRAL,2003,all,160.1
19023,IA,Butler,20,NORTH CENTRAL,2004,all,187.9
19023,IA,Butler,20,NORTH CENTRAL,2005,all,185.6
19023,IA,Butler,20,NORTH CENTRAL,2006,all,176.6
19023,IA,Butler,20,NORTH CENTRAL,2007,all,176.2
19023,IA,Butler,20,NORTH CENTRAL,2008,all,175.0
19023,IA,Butler,20,NORTH CENTRAL,2009,all,181.8
19023,IA,Butler,20,NORTH CENTRAL,2010,all,180.5
19023,IA,Butler,20,NORTH CENTRAL,2011,all,186.7
19023,IA,Butler,20,NORTH CENTRAL,2012,all,122.0
19023,IA,Butler,20,NORTH CENTRAL,2013,all,179.2
19023,IA,Butler,20,NORTH CENTRAL,2014,all,167.7
19023,IA,Butler,20,NORTH CENTRAL,2015,all,193.3
19023,IA,Butler,20,NORTH CENTRAL,2016,all,207.3
19023,IA,Butler,20,NORTH CENTRAL,2017,all,211.4
19023,IA,Butler,20,NORTH CENTRAL,2018,all,211.3
19023,IA,Butler,20,NORTH CENTRAL,2019,all,209.5
19023,IA,Butler,20,NORTH CENTRAL,2020,all,192.8
19023,IA,Butler,20,NORTH CENTRAL,2021,all,204.5
19023,IA,Butler,20,NORTH CENTRAL,2022,all,212.4
19023,IA,Butler,20,NORTH CENTRAL,2023,all,183.1
19023,IA,Butler,20,NORTH CENTRAL,2024,all,209.8
19023,IA,Butler,20,NORTH CENTRAL,2025,all,210.8
19025,IA,Calhoun,40,WEST CENTRAL,2000,all,149.5
19025,IA,Calhoun,40,WEST CENTRAL,2001,all,144.2
19025,IA,Calhoun,40,WEST CENTRAL,2002,all,166.8
19025,IA,Calhoun,40,WEST CENTRAL,2003,all,160.0
19025,IA,Calhoun,40,WEST CENTRAL,2004,all,184.2
19025,IA,Calhoun,40,WEST CENTRAL,2005,all,182.5
19025,IA,Calhoun,40,WEST CENTRAL,2006,all,165.5
19025,IA,Calhoun,40,WEST CENTRAL,2007,all,180.2
19025,IA,Calhoun,40,WEST CENTRAL,2008,all,178.0
19025,IA,Calhoun,40,WEST CENTRAL,2009,all,168.3
19025,IA,Calhoun,40,WEST CENTRAL,2010,all,173.3
19025,IA,Calhoun,40,WEST CENTRAL,2011,all,181.9
19025,IA,Calhoun,40,WEST CENTRAL,2012,all,134.8
19025,IA,Calhoun,40,WEST CENTRAL,2013,all,132.6
19025,IA,Calhoun,40,WEST CENTRAL,2014,all,189.6
19025,IA,Calhoun,40,WEST CENTRAL,2015,all,194.7
19025,IA,Calhoun,40,WEST CENTRAL,2016,all,207.3
19025,IA,Calhoun,40,WEST CENTRAL,2017,all,195.1
19025,IA,Calhoun,40,WEST CENTRAL,2018,all,193.3
19025,IA,Calhoun,40,WEST CENTRAL,2019,all,198.8
19025,IA,Calhoun,40,WEST CENTRAL,2020,all,159.6
19025,IA,Calhoun,40,WEST CENTRAL,2021,all,217.8
19025,IA,Calhoun,40,WEST CENTRAL,2022,all,202.3
19025,IA,Calhoun,40,WEST CENTRAL,2023,all,201.6
19025,IA,Calhoun,40,WEST CENTRAL,2024,all,228.8
19025,IA,Calhoun,40,WEST CENTRAL,2025,all,214.6
19027,IA,Carroll,40,WEST CENTRAL,2000,all,136.4
19027,IA,Carroll,40,WEST CENTRAL,2001,all,142.7
19027,IA,Carroll,40,WEST CENTRAL,2002,all,159.2
19027,IA,Carroll,40,WEST CENTRAL,2003,all,161.8
19027,IA,Carroll,40,WEST CENTRAL,2004,all,193.5
19027,IA,Carroll,40,WEST CENTRAL,2005,all,177.0
19027,IA,Carroll,40,WEST CENTRAL,2006,all,162.5
19027,IA,Carroll,40,WEST CENTRAL,2007,all,169.3
19027,IA,Carroll,40,WEST CENTRAL,2008,all,179.0
19027,IA,Carroll,40,WEST CENTRAL,2009,all,200.1
19027,IA,Carroll,40,WEST CENTRAL,2010,all,182.0
19027,IA,Carroll,40,WEST CENTRAL,2011,all,180.2
19027,IA,Carroll,40,WEST CENTRAL,2012,all,105.3
19027,IA,Carroll,40,WEST CENTRAL,2013,all,136.5
19027,IA,Carroll,40,WEST CENTRAL,2014,all,188.6
19027,IA,Carroll,40,WEST CENTRAL,2015,all,195.4
19027,IA,Carroll,40,WEST CENTRAL,2016,all,203.1
19027,IA,Carroll,40,WEST CENTRAL,2017,all,211.3
19027,IA,Carroll,40,WEST CENTRAL,2018,all,208.4
19027,IA,Carroll,40,WEST CENTRAL,2019,all,219.7
19027,IA,Carroll,40,WEST CENTRAL,2020,all,150.6
19027,IA,Carroll,40,WEST CENTRAL,2021,all,218.3
19027,IA,Carroll,40,WEST CENTRAL,2022,all,195.7
19027,IA,Carroll,40,WEST CENTRAL,2023,all,196.7
19027,IA,Carroll,40,WEST CENTRAL,2024,all,240.9
19029,IA,Cass,70,SOUTHWEST,2000,all,132.2
19029,IA,Cass,70,SOUTHWEST,2001,all,126.7
19029,IA,Cass,70,SOUTHWEST,2002,all,135.0
19029,IA,Cass,70,SOUTHWEST,2003,all,133.2
19029,IA,Cass,70,SOUTHWEST,2004,all,192.3
19029,IA,Cass,70,SOUTHWEST,2005,all,168.2
19029,IA,Cass,70,SOUTHWEST,2006,all,170.8
19029,IA,Cass,70,SOUTHWEST,2007,all,157.5
19029,IA,Cass,70,SOUTHWEST,2008,all,174.0
19029,IA,Cass,70,SOUTHWEST,2009,all,182.4
19029,IA,Cass,70,SOUTHWEST,2010,all,155.1
19029,IA,Cass,70,SOUTHWEST,2011,all,175.2
19029,IA,Cass,70,SOUTHWEST,2012,all,120.4
19029,IA,Cass,70,SOUTHWEST,2013,all,159.5
19029,IA,Cass,70,SOUTHWEST,2014,all,173.7
19029,IA,Cass,70,SOUTHWEST,2015,all,193.7
19029,IA,Cass,70,SOUTHWEST,2016,all,195.9
19029,IA,Cass,70,SOUTHWEST,2017,all,197.4
19029,IA,Cass,70,SOUTHWEST,2018,all,169.5
19029,IA,Cass,70,SOUTHWEST,2019,all,200.3
19029,IA,Cass,70,SOUTHWEST,2020,all,177.5
19029,IA,Cass,70,SOUTHWEST,2021,all,212.4
19029,IA,Cass,70,SOUTHWEST,2022,all,179.2
19029,IA,Cass,70,SOUTHWEST,2024,all,217.0
19029,IA,Cass,70,SOUTHWEST,2025,all,188.4
19031,IA,Cedar,60,EAST CENTRAL,2000,all,147.1
19031,IA,Cedar,60,EAST CENTRAL,2001,all,172.7
19031,IA,Cedar,60,EAST CENTRAL,2002,all,187.0
19031,IA,Cedar,60,EAST CENTRAL,2003,all,180.1
19031,IA,Cedar,60,EAST CENTRAL,2004,all,188.8
19031,IA,Cedar,60,EAST CENTRAL,2005,all,144.4
19031,IA,Cedar,60,EAST CENTRAL,2006,all,181.6
19031,IA,Cedar,60,EAST CENTRAL,2007,all,184.2
19031,IA,Cedar,60,EAST CENTRAL,2008,all,180.0
19031,IA,Cedar,60,EAST CENTRAL,2009,all,191.5
19031,IA,Cedar,60,EAST CENTRAL,2010,all,174.4
19031,IA,Cedar,60,EAST CENTRAL,2011,all,184.9
19031,IA,Cedar,60,EAST CENTRAL,2012,all,158.9
19031,IA,Cedar,60,EAST CENTRAL,2013,all,169.7
19031,IA,Cedar,60,EAST CENTRAL,2014,all,184.1
19031,IA,Cedar,60,EAST CENTRAL,2015,all,188.8
19031,IA,Cedar,60,EAST CENTRAL,2016,all,215.3
19031,IA,Cedar,60,EAST CENTRAL,2017,all,222.3
19031,IA,Cedar,60,EAST CENTRAL,2018,all,222.3
19031,IA,Cedar,60,EAST CENTRAL,2019,all,193.7
19031,IA,Cedar,60,EAST CENTRAL,2020,all,153.3
19031,IA,Cedar,60,EAST CENTRAL,2021,all,207.1
19031,IA,Cedar,60,EAST CENTRAL,2022,all,221.4
19031,IA,Cedar,60,EAST CENTRAL,2023,all,205.7
19031,IA,Cedar,60,EAST CENTRAL,2024,all,236.2
19031,IA,Cedar,60,EAST CENTRAL,2025,all,215.0
19033,IA,Cerro Gordo,20,NORTH CENTRAL,2000,all,149.4
19033,IA,Cerro Gordo,20,NORTH CENTRAL,2001,all,146.8
19033,IA,Cerro Gordo,20,NORTH CENTRAL,2002,all,168.5
19033,IA,Cerro Gordo,20,NORTH CENTRAL,2003,all,161.5
19033,IA,Cerro Gordo,20,NORTH CENTRAL,2004,all,168.2
19033,IA,Cerro Gordo,20,NORTH CENTRAL,2005,all,184.0
19033,IA,Cerro Gordo,20,NORTH CENTRAL,2006,all,169.1
19033,IA,Cerro Gordo,20,NORTH CENTRAL,2007,all,173.2
19033,IA,Cerro Gordo,20,NORTH CENTRAL,2008,all,166.0
19033,IA,Cerro Gordo,20,NORTH CENTRAL,2009,all,169.8
19033,IA,Cerro Gordo,20,NORTH CENTRAL,2010,all,173.0
19033,IA,Cerro Gordo,20,NORTH CENTRAL,2011,all,169.3
19033,IA,Cerro Gordo,20,NORTH CENTRAL,2012,all,124.8
19033,IA,Cerro Gordo,20,NORTH CENTRAL,2013,all,163.1
19033,IA,Cerro Gordo,20,NORTH CENTRAL,2014,all,168.3
19033,IA,Cerro Gordo,20,NORTH CENTRAL,2015,all,196.9
19033,IA,Cerro Gordo,20,NORTH CENTRAL,2016,all,193.6
19033,IA,Cerro Gordo,20,NORTH CENTRAL,2017,all,208.9
19033,IA,Cerro Gordo,20,NORTH CENTRAL,2018,all,184.4
19033,IA,Cerro Gordo,20,NORTH CENTRAL,2019,all,191.8
19033,IA,Cerro Gordo,20,NORTH CENTRAL,2020,all,182.5
19033,IA,Cerro Gordo,20,NORTH CENTRAL,2021,all,200.0
19033,IA,Cerro Gordo,20,NORTH CENTRAL,2022,all,216.9
19033,IA,Cerro Gordo,20,NORTH CENTRAL,2024,all,199.7
19033,IA,Cerro Gordo,20,NORTH CENTRAL,2025,all,196.3
19035,IA,Cherokee,10,NORTHWEST,2000,all,119.9
19035,IA,Cherokee,10,NORTHWEST,2001,all,150.0
19035,IA,Cherokee,10,NORTHWEST,2002,all,161.9
19035,IA,Cherokee,10,NORTHWEST,2003,all,165.2
19035,IA,Cherokee,10,NORTHWEST,2004,all,187.1
19035,IA,Cherokee,10,NORTHWEST,2005,all,185.5
19035,IA,Cherokee,10,NORTHWEST,2006,all,144.4
19035,IA,Cherokee,10,NORTHWEST,2007,all,166.5
19035,IA,Cherokee,10,NORTHWEST,2008,all,196.0
19035,IA,Cherokee,10,NORTHWEST,2009,all,201.9
19035,IA,Cherokee,10,NORTHWEST,2010,all,186.9
19035,IA,Cherokee,10,NORTHWEST,2011,all,176.7
19035,IA,Cherokee,10,NORTHWEST,2012,all,158.7
19035,IA,Cherokee,10,NORTHWEST,2013,all,185.1
19035,IA,Cherokee,10,NORTHWEST,2014,all,183.6
19035,IA,Cherokee,10,NORTHWEST,2015,all,209.6
19035,IA,Cherokee,10,NORTHWEST,2016,all,219.7
19035,IA,Cherokee,10,NORTHWEST,2017,all,203.7
19035,IA,Cherokee,10,NORTHWEST,2018,all,213.3
19035,IA,Cherokee,10,NORTHWEST,2019,all,208.9
19035,IA,Cherokee,10,NORTHWEST,2020,all,185.7
19035,IA,Cherokee,10,NORTHWEST,2022,all,198.7
19035,IA,Cherokee,10,NORTHWEST,2023,all,211.7
19035,IA,Cherokee,10,NORTHWEST,2024,all,207.1
19035,IA,Cherokee,10,NORTHWEST,2025,all,225.4
19037,IA,Chickasaw,30,NORTHEAST,2000,all,144.4
19037,IA,Chickasaw,30,NORTHEAST,2001,all,140.3
19037,IA,Chickasaw,30,NORTHEAST,2002,all,172.6
19037,IA,Chickasaw,30,NORTHEAST,2003,all,146.6
19037,IA,Chickasaw,30,NORTHEAST,2004,all,175.0
19037,IA,Chickasaw,30,NORTHEAST,2005,all,187.2
19037,IA,Chickasaw,30,NORTHEAST,2006,all,174.6
19037,IA,Chickasaw,30,NORTHEAST,2007,all,168.8
19037,IA,Chickasaw,30,NORTHEAST,2008,all,159.0
19037,IA,Chickasaw,30,NORTHEAST,2009,all,169.3
19037,IA,Chickasaw,30,NORTHEAST,2010,all,182.0
19037,IA,Chickasaw,30,NORTHEAST,2011,all,188.8
19037,IA,Chickasaw,30,NORTHEAST,2012,all,125.8
19037,IA,Chickasaw,30,NORTHEAST,2013,all,171.8
19037,IA,Chickasaw,30,NORTHEAST,2014,all,157.6
19037,IA,Chickasaw,30,NORTHEAST,2015,all,202.8
19037,IA,Chickasaw,30,NORTHEAST,2016,all,206.6
19037,IA,Chickasaw,30,NORTHEAST,2017,all,194.4
19037,IA,Chickasaw,30,NORTHEAST,2018,all,192.9
19037,IA,Chickasaw,30,NORTHEAST,2019,all,212.1
19037,IA,Chickasaw,30,NORTHEAST,2020,all,185.7
19037,IA,Chickasaw,30,NORTHEAST,2021,all,208.2
19037,IA,Chickasaw,30,NORTHEAST,2022,all,214.6
19037,IA,Chickasaw,30,NORTHEAST,2023,all,198.9
19037,IA,Chickasaw,30,NORTHEAST,2024,all,206.5
19037,IA,Chickasaw,30,NORTHEAST,2025,all,219.6
19039,IA,Clarke,80,SOUTH CENTRAL,2000,all,127.8
19039,IA,Clarke,80,SOUTH CENTRAL,2001,all,123.7
19039,IA,Clarke,80,SOUTH CENTRAL,2002,all,131.5
19039,IA,Clarke,80,SOUTH CENTRAL,2003,all,114.2
19039,IA,Clarke,80,SOUTH CENTRAL,2004,all,157.1
19039,IA,Clarke,80,SOUTH CENTRAL,2005,all,146.3
19039,IA,Clarke,80,SOUTH CENTRAL,2006,all,147.0
19039,IA,Clarke,80,SOUTH CENTRAL,2007,all,151.3
19039,IA,Clarke,80,SOUTH CENTRAL,2008,all,109.0
19039,IA,Clarke,80,SOUTH CENTRAL,2009,all,138.9
19039,IA,Clarke,80,SOUTH CENTRAL,2010,all,84.5
19039,IA,Clarke,80,SOUTH CENTRAL,2011,all,107.7
19039,IA,Clarke,80,SOUTH CENTRAL,2012,all,76.7
19039,IA,Clarke,80,SOUTH CENTRAL,2013,all,126.5
19039,IA,Clarke,80,SOUTH CENTRAL,2014,all,162.2
19039,IA,Clarke,80,SOUTH CENTRAL,2015,all,152.4
19039,IA,Clarke,80,SOUTH CENTRAL,2016,all,163.9
19039,IA,Clarke,80,SOUTH CENTRAL,2018,all,161.8
19039,IA,Clarke,80,SOUTH CENTRAL,2020,all,155.2
19039,IA,Clarke,80,SOUTH CENTRAL,2024,all,183.9
19041,IA,Clay,10,NORTHWEST,2000,all,153.1
19041,IA,Clay,10,NORTHWEST,2001,all,136.7
19041,IA,Clay,10,NORTHWEST,2002,all,143.6
19041,IA,Clay,10,NORTHWEST,2003,all,160.1
19041,IA,Clay,10,NORTHWEST,2004,all,183.4
19041,IA,Clay,10,NORTHWEST,2005,all,183.1
19041,IA,Clay,10,NORTHWEST,2006,all,159.6
19041,IA,Clay,10,NORTHWEST,2007,all,163.6
19041,IA,Clay,10,NORTHWEST,2008,all,175.0
19041,IA,Clay,10,NORTHWEST,2009,all,184.2
19041,IA,Clay,10,NORTHWEST,2010,all,177.6
19041,IA,Clay,10,NORTHWEST,2011,all,185.4
19041,IA,Clay,10,NORTHWEST,2012,all,170.1
19041,IA,Clay,10,NORTHWEST,2013,all,167.2
19041,IA,Clay,10,NORTHWEST,2014,all,166.3
19041,IA,Clay,10,NORTHWEST,2015,all,202.8
19041,IA,Clay,10,NORTHWEST,2016,all,202.0
19041,IA,Clay,10,NORTHWEST,2017,all,197.3
19041,IA,Clay,10,NORTHWEST,2018,all,158.5
19041,IA,Clay,10,NORTHWEST,2019,all,185.5
19041,IA,Clay,10,NORTHWEST,2020,all,168.1
19041,IA,Clay,10,NORTHWEST,2021,all,203.3
19041,IA,Clay,10,NORTHWEST,2022,all,191.4
19041,IA,Clay,10,NORTHWEST,2023,all,203.9
19041,IA,Clay,10,NORTHWEST,2024,all,176.1
19041,IA,Clay,10,NORTHWEST,2025,all,212.1
19043,IA,Clayton,30,NORTHEAST,2000,all,147.2
19043,IA,Clayton,30,NORTHEAST,2001,all,152.5
19043,IA,Clayton,30,NORTHEAST,2002,all,172.5
19043,IA,Clayton,30,NORTHEAST,2003,all,160.6
19043,IA,Clayton,30,NORTHEAST,2004,all,176.3
19043,IA,Clayton,30,NORTHEAST,2005,all,180.9
19043,IA,Clayton,30,NORTHEAST,2006,all,173.2
19043,IA,Clayton,30,NORTHEAST,2007,all,173.6
19043,IA,Clayton,30,NORTHEAST,2008,all,171.0
19043,IA,Clayton,30,NORTHEAST,2009,all,172.1
19043,IA,Clayton,30,NORTHEAST,2010,all,176.9
19043,IA,Clayton,30,NORTHEAST,2011,all,186.8
19043,IA,Clayton,30,NORTHEAST,2012,all,152.9
19043,IA,Clayton,30,NORTHEAST,2013,all,181.2
19043,IA,Clayton,30,NORTHEAST,2014,all,176.7
19043,IA,Clayton,30,NORTHEAST,2015,all,193.2
19043,IA,Clayton,30,NORTHEAST,2016,all,210.3
19043,IA,Clayton,30,NORTHEAST,2017,all,213.6
19043,IA,Clayton,30,NORTHEAST,2018,all,201.5
19043,IA,Clayton,30,NORTHEAST,2019,all,197.5
19043,IA,Clayton,30,NORTHEAST,2020,all,191.1
19043,IA,Clayton,30,NORTHEAST,2021,all,195.3
19043,IA,Clayton,30,NORTHEAST,2022,all,215.4
19043,IA,Clayton,30,NORTHEAST,2023,all,201.1
19043,IA,Clayton,30,NORTHEAST,2024,all,220.2
19043,IA,Clayton,30,NORTHEAST,2025,all,224.0
19045,IA,Clinton,60,EAST CENTRAL,2000,all,147.1
19045,IA,Clinton,60,EAST CENTRAL,2001,all,168.1
19045,IA,Clinton,60,EAST CENTRAL,2002,all,176.9
19045,IA,Clinton,60,EAST CENTRAL,2003,all,172.8
19045,IA,Clinton,60,EAST CENTRAL,2004,all,173.1
19045,IA,Clinton,60,EAST CENTRAL,2005,all,116.8
19045,IA,Clinton,60,EAST CENTRAL,2006,all,173.8
19045,IA,Clinton,60,EAST CENTRAL,2007,all,182.7
19045,IA,Clinton,60,EAST CENTRAL,2008,all,181.0
19045,IA,Clinton,60,EAST CENTRAL,2009,all,190.4
19045,IA,Clinton,60,EAST CENTRAL,2010,all,171.2
19045,IA,Clinton,60,EAST CENTRAL,2011,all,180.0
19045,IA,Clinton,60,EAST CENTRAL,2012,all,139.6
19045,IA,Clinton,60,EAST CENTRAL,2013,all,185.6
19045,IA,Clinton,60,EAST CENTRAL,2014,all,197.0
19045,IA,Clinton,60,EAST CENTRAL,2015,all,188.2
19045,IA,Clinton,60,EAST CENTRAL,2016,all,213.8
19045,IA,Clinton,60,EAST CENTRAL,2017,all,213.3
19045,IA,Clinton,60,EAST CENTRAL,2018,all,210.9
19045,IA,Clinton,60,EAST CENTRAL,2019,all,196.1
19045,IA,Clinton,60,EAST CENTRAL,2020,all,178.4
19045,IA,Clinton,60,EAST CENTRAL,2021,all,206.5
19045,IA,Clinton,60,EAST CENTRAL,2022,all,225.2
19045,IA,Clinton,60,EAST CENTRAL,2023,all,198.0
19045,IA,Clinton,60,EAST CENTRAL,2024,all,235.9
19045,IA,Clinton,60,EAST CENTRAL,2025,all,220.9
19047,IA,Crawford,40,WEST CENTRAL,2000,all,131.1
19047,IA,Crawford,40,WEST CENTRAL,2001,all,137.6
19047,IA,Crawford,40,WEST CENTRAL,2002,all,161.3
19047,IA,Crawford,40,WEST CENTRAL,2003,all,152.0
19047,IA,Crawford,40,WEST CENTRAL,2004,all,175.6
19047,IA,Crawford,40,WEST CENTRAL,2005,all,179.2
19047,IA,Crawford,40,WEST CENTRAL,2006,all,138.7
19047,IA,Crawford,40,WEST CENTRAL,2007,all,165.5
19047,IA,Crawford,40,WEST CENTRAL,2008,all,191.0
19047,IA,Crawford,40,WEST CENTRAL,2009,all,199.6
19047,IA,Crawford,40,WEST CENTRAL,2010,all,185.8
19047,IA,Crawford,40,WEST CENTRAL,2011,all,181.8
19047,IA,Crawford,40,WEST CENTRAL,2012,all,131.3
19047,IA,Crawford,40,WEST CENTRAL,2013,all,157.8
19047,IA,Crawford,40,WEST CENTRAL,2014,all,183.0
19047,IA,Crawford,40,WEST CENTRAL,2015,all,199.1
19047,IA,Crawford,40,WEST CENTRAL,2016,all,213.5
19047,IA,Crawford,40,WEST CENTRAL,2017,all,221.9
19047,IA,Crawford,40,WEST CENTRAL,2018,all,214.0
19047,IA,Crawford,40,WEST CENTRAL,2019,all,234.7
19047,IA,Crawford,40,WEST CENTRAL,2020,all,181.2
19047,IA,Crawford,40,WEST CENTRAL,2021,all,218.5
19047,IA,Crawford,40,WEST CENTRAL,2022,all,216.4
19047,IA,Crawford,40,WEST CENTRAL,2023,all,187.9
19047,IA,Crawford,40,WEST CENTRAL,2024,all,214.2
19047,IA,Crawford,40,WEST CENTRAL,2025,all,224.9
19049,IA,Dallas,50,CENTRAL,2000,all,144.3
19049,IA,Dallas,50,CENTRAL,2001,all,135.6
19049,IA,Dallas,50,CENTRAL,2002,all,154.2
19049,IA,Dallas,50,CENTRAL,2003,all,147.6
19049,IA,Dallas,50,CENTRAL,2004,all,189.6
19049,IA,Dallas,50,CENTRAL,2005,all,181.7
19049,IA,Dallas,50,CENTRAL,2006,all,164.3
19049,IA,Dallas,50,CENTRAL,2007,all,167.5
19049,IA,Dallas,50,CENTRAL,2008,all,171.0
19049,IA,Dallas,50,CENTRAL,2009,all,183.7
19049,IA,Dallas,50,CENTRAL,2010,all,141.9
19049,IA,Dallas,50,CENTRAL,2011,all,172.1
19049,IA,Dallas,50,CENTRAL,2012,all,129.0
19049,IA,Dallas,50,CENTRAL,2013,all,145.3
19049,IA,Dallas,50,CENTRAL,2014,all,195.5
19049,IA,Dallas,50,CENTRAL,2015,all,182.4
19049,IA,Dallas,50,CENTRAL,2016,all,204.0
19049,IA,Dallas,50,CENTRAL,2017,all,187.2
19049,IA,Dallas,50,CENTRAL,2018,all,174.0
19049,IA,Dallas,50,CENTRAL,2019,all,195.0
19049,IA,Dallas,50,CENTRAL,2020,all,139.7
19049,IA,Dallas,50,CENTRAL,2021,all,209.9
19049,IA,Dallas,50,CENTRAL,2022,all,187.2
19049,IA,Dallas,50,CENTRAL,2023,all,210.9
19049,IA,Dallas,50,CENTRAL,2025,all,213.3
19051,IA,Davis,90,SOUTHEAST,2000,all,149.7
19051,IA,Davis,90,SOUTHEAST,2001,all,133.9
19051,IA,Davis,90,SOUTHEAST,2002,all,155.4
19051,IA,Davis,90,SOUTHEAST,2003,all,125.7
19051,IA,Davis,90,SOUTHEAST,2004,all,180.3
19051,IA,Davis,90,SOUTHEAST,2005,all,115.0
19051,IA,Davis,90,SOUTHEAST,2006,all,161.5
19051,IA,Davis,90,SOUTHEAST,2007,all,157.4
19051,IA,Davis,90,SOUTHEAST,2008,all,142.0
19051,IA,Davis,90,SOUTHEAST,2009,all,142.7
19051,IA,Davis,90,SOUTHEAST,2010,all,84.0
19051,IA,Davis,90,SOUTHEAST,2011,all,97.8
19051,IA,Davis,90,SOUTHEAST,2012,all,52.4
19051,IA,Davis,90,SOUTHEAST,2013,all,146.7
19051,IA,Davis,90,SOUTHEAST,2014,all,184.2
19051,IA,Davis,90,SOUTHEAST,2015,all,142.4
19051,IA,Davis,90,SOUTHEAST,2016,all,188.7
19051,IA,Davis,90,SOUTHEAST,2017,all,107.3
19051,IA,Davis,90,SOUTHEAST,2019,all,160.0
19051,IA,Davis,90,SOUTHEAST,2020,all,170.0
19051,IA,Davis,90,SOUTHEAST,2021,all,152.5
19051,IA,Davis,90,SOUTHEAST,2022,all,154.9
19051,IA,Davis,90,SOUTHEAST,2023,all,179.8
19051,IA,Davis,90,SOUTHEAST,2024,all,194.9
19051,IA,Davis,90,SOUTHEAST,2025,all,192.3
19053,IA,Decatur,80,SOUTH CENTRAL,2000,all,148.4
19053,IA,Decatur,80,SOUTH CENTRAL,2001,all,116.6
19053,IA,Decatur,80,SOUTH CENTRAL,2002,all,132.1
19053,IA,Decatur,80,SOUTH CENTRAL,2003,all,128.8
19053,IA,Decatur,80,SOUTH CENTRAL,2004,all,175.5
19053,IA,Decatur,80,SOUTH CENTRAL,2005,all,163.9
19053,IA,Decatur,80,SOUTH CENTRAL,2006,all,157.5
19053,IA,Decatur,80,SOUTH CENTRAL,2007,all,155.5
19053,IA,Decatur,80,SOUTH CENTRAL,2008,all,112.0
19053,IA,Decatur,80,SOUTH CENTRAL,2009,all,144.4
19053,IA,Decatur,80,SOUTH CENTRAL,2010,all,94.3
19053,IA,Decatur,80,SOUTH CENTRAL,2011,all,126.1
19053,IA,Decatur,80,SOUTH CENTRAL,2012,all,61.2
19053,IA,Decatur,80,SOUTH CENTRAL,2013,all,131.2
19053,IA,Decatur,80,SOUTH CENTRAL,2014,all,164.0
19053,IA,Decatur,80,SOUTH CENTRAL,2015,all,162.7
19053,IA,Decatur,80,SOUTH CENTRAL,2016,all,181.1
19053,IA,Decatur,80,SOUTH CENTRAL,2018,all,172.5
19053,IA,Decatur,80,SOUTH CENTRAL,2020,all,159.3
19053,IA,Decatur,80,SOUTH CENTRAL,2022,all,148.7
19053,IA,Decatur,80,SOUTH CENTRAL,2023,all,205.3
19053,IA,Decatur,80,SOUTH CENTRAL,2024,all,172.2
19053,IA,Decatur,80,SOUTH CENTRAL,2025,all,182.9
19055,IA,Delaware,30,NORTHEAST,2000,all,144.2
19055,IA,Delaware,30,NORTHEAST,2001,all,169.3
19055,IA,Delaware,30,NORTHEAST,2002,all,183.0
19055,IA,Delaware,30,NORTHEAST,2003,all,158.9
19055,IA,Delaware,30,NORTHEAST,2004,all,176.6
19055,IA,Delaware,30,NORTHEAST,2005,all,177.1
19055,IA,Delaware,30,NORTHEAST,2006,all,180.5
19055,IA,Delaware,30,NORTHEAST,2007,all,179.8
19055,IA,Delaware,30,NORTHEAST,2008,all,159.0
19055,IA,Delaware,30,NORTHEAST,2009,all,176.3
19055,IA,Delaware,30,NORTHEAST,2010,all,175.8
19055,IA,Delaware,30,NORTHEAST,2011,all,186.5
19055,IA,Delaware,30,NORTHEAST,2012,all,129.8
19055,IA,Delaware,30,NORTHEAST,2013,all,184.7
19055,IA,Delaware,30,NORTHEAST,2014,all,174.9
19055,IA,Delaware,30,NORTHEAST,2015,all,195.8
19055,IA,Delaware,30,NORTHEAST,2016,all,202.3
19055,IA,Delaware,30,NORTHEAST,2017,all,218.0
19055,IA,Delaware,30,NORTHEAST,2018,all,224.8
19055,IA,Delaware,30,NORTHEAST,2019,all,204.5
19055,IA,Delaware,30,NORTHEAST,2020,all,190.4
19055,IA,Delaware,30,NORTHEAST,2021,all,218.0
19055,IA,Delaware,30,NORTHEAST,2022,all,230.8
19055,IA,Delaware,30,NORTHEAST,2023,all,198.9
19055,IA,Delaware,30,NORTHEAST,2024,all,219.5
19055,IA,Delaware,30,NORTHEAST,2025,all,224.1
19057,IA,Des Moines,90,SOUTHEAST,2000,all,143.9
19057,IA,Des Moines,90,SOUTHEAST,2001,all,143.2
19057,IA,Des Moines,90,SOUTHEAST,2002,all,161.6
19057,IA,Des Moines,90,SOUTHEAST,2003,all,154.4
19057,IA,Des Moines,90,SOUTHEAST,2004,all,189.9
19057,IA,Des Moines,90,SOUTHEAST,2005,all,154.5
19057,IA,Des Moines,90,SOUTHEAST,2006,all,159.2
19057,IA,Des Moines,90,SOUTHEAST,2007,all,198.5
19057,IA,Des Moines,90,SOUTHEAST,2008,all,186.0
19057,IA,Des Moines,90,SOUTHEAST,2009,all,166.4
19057,IA,Des Moines,90,SOUTHEAST,2010,all,112.1
19057,IA,Des Moines,90,SOUTHEAST,2011,all,146.6
19057,IA,Des Moines,90,SOUTHEAST,2012,all,143.7
19057,IA,Des Moines,90,SOUTHEAST,2013,all,165.4
19057,IA,Des Moines,90,SOUTHEAST,2014,all,199.0
19057,IA,Des Moines,90,SOUTHEAST,2015,all,176.0
19057,IA,Des Moines,90,SOUTHEAST,2016,all,210.0
19057,IA,Des Moines,90,SOUTHEAST,2017,all,200.1
19057,IA,Des Moines,90,SOUTHEAST,2018,all,195.4
19057,IA,Des Moines,90,SOUTHEAST,2019,all,176.9
19057,IA,Des Moines,90,SOUTHEAST,2020,all,190.2
19057,IA,Des Moines,90,SOUTHEAST,2022,all,194.8
19057,IA,Des Moines,90,SOUTHEAST,2023,all,207.9
19057,IA,Des Moines,90,SOUTHEAST,2024,all,221.8
19057,IA,Des Moines,90,SOUTHEAST,2025,all,221.1
19059,IA,Dickinson,10,NORTHWEST,2000,all,150.9
19059,IA,Dickinson,10,NORTHWEST,2001,all,129.7
19059,IA,Dickinson,10,NORTHWEST,2002,all,144.5
19059,IA,Dickinson,10,NORTHWEST,2003,all,160.6
19059,IA,Dickinson,10,NORTHWEST,2004,all,188.8
19059,IA,Dickinson,10,NORTHWEST,2005,all,170.4
19059,IA,Dickinson,10,NORTHWEST,2006,all,159.0
19059,IA,Dickinson,10,NORTHWEST,2007,all,165.8
19059,IA,Dickinson,10,NORTHWEST,2008,all,168.0
19059,IA,Dickinson,10,NORTHWEST,2009,all,185.3
19059,IA,Dickinson,10,NORTHWEST,2010,all,181.0
19059,IA,Dickinson,10,NORTHWEST,2011,all,169.3
19059,IA,Dickinson,10,NORTHWEST,2012,all,160.9
19059,IA,Dickinson,10,NORTHWEST,2013,all,162.4
19059,IA,Dickinson,10,NORTHWEST,2014,all,157.9
19059,IA,Dickinson,10,NORTHWEST,2015,all,194.5
19059,IA,Dickinson,10,NORTHWEST,2016,all,188.0
19059,IA,Dickinson,10,NORTHWEST,2017,all,196.2
19059,IA,Dickinson,10,NORTHWEST,2018,all,160.4
19059,IA,Dickinson,10,NORTHWEST,2019,all,170.0
19059,IA,Dickinson,10,NORTHWEST,2020,all,182.2
19059,IA,Dickinson,10,NORTHWEST,2021,all,177.7
19059,IA,Dickinson,10,NORTHWEST,2022,all,203.4
19059,IA,Dickinson,10,NORTHWEST,2023,all,201.3
19059,IA,Dickinson,10,NORTHWEST,2024,all,160.8
19059,IA,Dickinson,10,NORTHWEST,2025,all,220.2
19061,IA,Dubuque,30,NORTHEAST,2000,all,151.3
19061,IA,Dubuque,30,NORTHEAST,2001,all,157.9
19061,IA,Dubuque,30,NORTHEAST,2002,all,173.7
19061,IA,Dubuque,30,NORTHEAST,2003,all,157.1
19061,IA,Dubuque,30,NORTHEAST,2004,all,183.0
19061,IA,Dubuque,30,NORTHEAST,2005,all,183.0
19061,IA,Dubuque,30,NORTHEAST,2006,all,182.6
19061,IA,Dubuque,30,NORTHEAST,2007,all,182.0
19061,IA,Dubuque,30,NORTHEAST,2008,all,158.0
19061,IA,Dubuque,30,NORTHEAST,2009,all,183.8
19061,IA,Dubuque,30,NORTHEAST,2010,all,170.4
19061,IA,Dubuque,30,NORTHEAST,2011,all,185.1
19061,IA,Dubuque,30,NORTHEAST,2012,all,149.4
19061,IA,Dubuque,30,NORTHEAST,2013,all,196.0
19061,IA,Dubuque,30,NORTHEAST,2014,all,184.9
19061,IA,Dubuque,30,NORTHEAST,2015,all,197.0
19061,IA,Dubuque,30,NORTHEAST,2016,all,211.5
19061,IA,Dubuque,30,NORTHEAST,2017,all,215.1
19061,IA,Dubuque,30,NORTHEAST,2018,all,211.8
19061,IA,Dubuque,30,NORTHEAST,2019,all,216.4
19061,IA,Dubuque,30,NORTHEAST,2020,all,197.1
19061,IA,Dubuque,30,NORTHEAST,2021,all,217.2
19061,IA,Dubuque,30,NORTHEAST,2022,all,223.7
19061,IA,Dubuque,30,NORTHEAST,2023,all,199.5
19061,IA,Dubuque,30,NORTHEAST,2024,all,221.7
19061,IA,Dubuque,30,NORTHEAST,2025,all,217.3
19063,IA,Emmet,10,NORTHWEST,2000,all,156.4
19063,IA,Emmet,10,NORTHWEST,2001,all,131.1
19063,IA,Emmet,10,NORTHWEST,2002,all,153.7
19063,IA,Emmet,10,NORTHWEST,2003,all,165.9
19063,IA,Emmet,10,NORTHWEST,2004,all,181.8
19063,IA,Emmet,10,NORTHWEST,2005,all,182.7
19063,IA,Emmet,10,NORTHWEST,2006,all,165.9
19063,IA,Emmet,10,NORTHWEST,2007,all,175.7
19063,IA,Emmet,10,NORTHWEST,2008,all,168.0
19063,IA,Emmet,10,NORTHWEST,2009,all,190.1
19063,IA,Emmet,10,NORTHWEST,2010,all,183.1
19063,IA,Emmet,10,NORTHWEST,2011,all,169.6
19063,IA,Emmet,10,NORTHWEST,2012,all,166.6
19063,IA,Emmet,10,NORTHWEST,2013,all,166.4
19063,IA,Emmet,10,NORTHWEST,2014,all,165.0
19063,IA,Emmet,10,NORTHWEST,2015,all,203.3
19063,IA,Emmet,10,NORTHWEST,2016,all,198.5
19063,IA,Emmet,10,NORTHWEST,2017,all,210.1
19063,IA,Emmet,10,NORTHWEST,2018,all,155.8
19063,IA,Emmet,10,NORTHWEST,2020,all,186.1
19063,IA,Emmet,10,NORTHWEST,2021,all,182.5
19063,IA,Emmet,10,NORTHWEST,2022,all,213.6
19063,IA,Emmet,10,NORTHWEST,2025,all,227.1
19065,IA,Fayette,30,NORTHEAST,2000,all,146.7
19065,IA,Fayette,30,NORTHEAST,2001,all,160.2
19065,IA,Fayette,30,NORTHEAST,2002,all,175.6
19065,IA,Fayette,30,NORTHEAST,2003,all,153.3
19065,IA,Fayette,30,NORTHEAST,2004,all,166.7
19065,IA,Fayette,30,NORTHEAST,2005,all,189.8
19065,IA,Fayette,30,NORTHEAST,2006,all,173.9
19065,IA,Fayette,30,NORTHEAST,2007,all,171.3
19065,IA,Fayette,30,NORTHEAST,2008,all,167.0
19065,IA,Fayette,30,NORTHEAST,2009,all,158.6
19065,IA,Fayette,30,NORTHEAST,2010,all,166.5
19065,IA,Fayette,30,NORTHEAST,2011,all,186.6
19065,IA,Fayette,30,NORTHEAST,2012,all,151.0
19065,IA,Fayette,30,NORTHEAST,2013,all,181.2
19065,IA,Fayette,30,NORTHEAST,2014,all,170.9
19065,IA,Fayette,30,NORTHEAST,2015,all,191.8
19065,IA,Fayette,30,NORTHEAST,2016,all,202.5
19065,IA,Fayette,30,NORTHEAST,2017,all,207.6
19065,IA,Fayette,30,NORTHEAST,2018,all,200.1
19065,IA,Fayette,30,NORTHEAST,2019,all,200.5
19065,IA,Fayette,30,NORTHEAST,2020,all,180.1
19065,IA,Fayette,30,NORTHEAST,2021,all,205.6
19065,IA,Fayette,30,NORTHEAST,2022,all,209.8
19065,IA,Fayette,30,NORTHEAST,2023,all,205.9
19065,IA,Fayette,30,NORTHEAST,2024,all,201.2
19067,IA,Floyd,20,NORTH CENTRAL,2000,all,142.5
19067,IA,Floyd,20,NORTH CENTRAL,2001,all,149.1
19067,IA,Floyd,20,NORTH CENTRAL,2002,all,172.2
19067,IA,Floyd,20,NORTH CENTRAL,2003,all,153.1
19067,IA,Floyd,20,NORTH CENTRAL,2004,all,177.4
19067,IA,Floyd,20,NORTH CENTRAL,2005,all,184.2
19067,IA,Floyd,20,NORTH CENTRAL,2006,all,165.0
19067,IA,Floyd,20,NORTH CENTRAL,2007,all,170.1
19067,IA,Floyd,20,NORTH CENTRAL,2008,all,171.0
19067,IA,Floyd,20,NORTH CENTRAL,2009,all,174.0
19067,IA,Floyd,20,NORTH CENTRAL,2010,all,177.8
19067,IA,Floyd,20,NORTH CENTRAL,2011,all,181.1
19067,IA,Floyd,20,NORTH CENTRAL,2012,all,123.2
19067,IA,Floyd,20,NORTH CENTRAL,2013,all,170.0
19067,IA,Floyd,20,NORTH CENTRAL,2014,all,162.8
19067,IA,Floyd,20,NORTH CENTRAL,2015,all,196.5
19067,IA,Floyd,20,NORTH CENTRAL,2016,all,196.3
19067,IA,Floyd,20,NORTH CENTRAL,2017,all,203.4
19067,IA,Floyd,20,NORTH CENTRAL,2018,all,184.4
19067,IA,Floyd,20,NORTH CENTRAL,2019,all,202.9
19067,IA,Floyd,20,NORTH CENTRAL,2020,all,187.4
19067,IA,Floyd,20,NORTH CENTRAL,2021,all,204.4
19067,IA,Floyd,20,NORTH CENTRAL,2022,all,204.6
19067,IA,Floyd,20,NORTH CENTRAL,2023,all,191.8
19067,IA,Floyd,20,NORTH CENTRAL,2024,all,210.1
19067,IA,Floyd,20,NORTH CENTRAL,2025,all,219.1
19069,IA,Franklin,20,NORTH CENTRAL,2000,all,146.1
19069,IA,Franklin,20,NORTH CENTRAL,2001,all,153.3
19069,IA,Franklin,20,NORTH CENTRAL,2002,all,171.3
19069,IA,Franklin,20,NORTH CENTRAL,2003,all,168.6
19069,IA,Franklin,20,NORTH CENTRAL,2004,all,190.5
19069,IA,Franklin,20,NORTH CENTRAL,2005,all,185.2
19069,IA,Franklin,20,NORTH CENTRAL,2006,all,177.6
19069,IA,Franklin,20,NORTH CENTRAL,2007,all,176.6
19069,IA,Franklin,20,NORTH CENTRAL,2008,all,167.0
19069,IA,Franklin,20,NORTH CENTRAL,2009,all,167.0
19069,IA,Franklin,20,NORTH CENTRAL,2010,all,168.0
19069,IA,Franklin,20,NORTH CENTRAL,2011,all,189.7
19069,IA,Franklin,20,NORTH CENTRAL,2012,all,150.0
19069,IA,Franklin,20,NORTH CENTRAL,2013,all,179.6
19069,IA,Franklin,20,NORTH CENTRAL,2014,all,165.8
19069,IA,Franklin,20,NORTH CENTRAL,2015,all,200.2
19069,IA,Franklin,20,NORTH CENTRAL,2016,all,204.8
19069,IA,Franklin,20,NORTH CENTRAL,2017,all,206.1
19069,IA,Franklin,20,NORTH CENTRAL,2018,all,204.3
19069,IA,Franklin,20,NORTH CENTRAL,2019,all,202.7
19069,IA,Franklin,20,NORTH CENTRAL,2020,all,180.1
19069,IA,Franklin,20,NORTH CENTRAL,2021,all,198.9
19069,IA,Franklin,20,NORTH CENTRAL,2022,all,220.1
19069,IA,Franklin,20,NORTH CENTRAL,2023,all,210.5
19069,IA,Franklin,20,NORTH CENTRAL,2024,all,204.9
19069,IA,Franklin,20,NORTH CENTRAL,2025,all,208.5
19071,IA,Fremont,70,SOUTHWEST,2000,all,139.5
19071,IA,Fremont,70,SOUTHWEST,2001,all,143.3
19071,IA,Fremont,70,SOUTHWEST,2002,all,96.6
19071,IA,Fremont,70,SOUTHWEST,2003,all,132.9
19071,IA,Fremont,70,SOUTHWEST,2004,all,188.4
19071,IA,Fremont,70,SOUTHWEST,2005,all,161.3
19071,IA,Fremont,70,SOUTHWEST,2006,all,146.3
19071,IA,Fremont,70,SOUTHWEST,2007,all,150.7
19071,IA,Fremont,70,SOUTHWEST,2008,all,147.0
19071,IA,Fremont,70,SOUTHWEST,2009,all,187.3
19071,IA,Fremont,70,SOUTHWEST,2010,all,152.7
19071,IA,Fremont,70,SOUTHWEST,2011,all,155.6
19071,IA,Fremont,70,SOUTHWEST,2012,all,131.2
19071,IA,Fremont,70,SOUTHWEST,2013,all,159.9
19071,IA,Fremont,70,SOUTHWEST,2014,all,191.5
19071,IA,Fremont,70,SOUTHWEST,2015,all,179.9
19071,IA,Fremont,70,SOUTHWEST,2016,all,180.8
19071,IA,Fremont,70,SOUTHWEST,2017,all,204.5
19071,IA,Fremont,70,SOUTHWEST,2018,all,195.1
19071,IA,Fremont,70,SOUTHWEST,2020,all,194.8
19071,IA,Fremont,70,SOUTHWEST,2021,all,206.7
19071,IA,Fremont,70,SOUTHWEST,2022,all,191.6
19071,IA,Fremont,70,SOUTHWEST,2023,all,211.0
19071,IA,Fremont,70,SOUTHWEST,2024,all,231.0
19071,IA,Fremont,70,SOUTHWEST,2025,all,195.8
19073,IA,Greene,40,WEST CENTRAL,2000,all,147.0
19073,IA,Greene,40,WEST CENTRAL,2001,all,140.7
19073,IA,Greene,40,WEST CENTRAL,2002,all,165.2
19073,IA,Greene,40,WEST CENTRAL,2003,all,169.3
19073,IA,Greene,40,WEST CENTRAL,2004,all,186.7
19073,IA,Greene,40,WEST CENTRAL,2005,all,185.3
19073,IA,Greene,40,WEST CENTRAL,2006,all,170.6
19073,IA,Greene,40,WEST CENTRAL,2007,all,179.9
19073,IA,Greene,40,WEST CENTRAL,2008,all,159.0
19073,IA,Greene,40,WEST CENTRAL,2009,all,188.1
19073,IA,Greene,40,WEST CENTRAL,2010,all,167.3
19073,IA,Greene,40,WEST CENTRAL,2011,all,183.4
19073,IA,Greene,40,WEST CENTRAL,2012,all,124.6
19073,IA,Greene,40,WEST CENTRAL,2013,all,137.9
19073,IA,Greene,40,WEST CENTRAL,2014,all,181.2
19073,IA,Greene,40,WEST CENTRAL,2015,all,189.0
19073,IA,Greene,40,WEST CENTRAL,2016,all,205.5
19073,IA,Greene,40,WEST CENTRAL,2017,all,202.2
19073,IA,Greene,40,WEST CENTRAL,2018,all,201.3
19073,IA,Greene,40,WEST CENTRAL,2019,all,201.4
19073,IA,Greene,40,WEST CENTRAL,2020,all,153.8
19073,IA,Greene,40,WEST CENTRAL,2021,all,220.5
19073,IA,Greene,40,WEST CENTRAL,2022,all,197.3
19073,IA,Greene,40,WEST CENTRAL,2023,all,208.0
19073,IA,Greene,40,WEST CENTRAL,2024,all,223.1
19073,IA,Greene,40,WEST CENTRAL,2025,all,213.3
19075,IA,Grundy,50,CENTRAL,2000,all,146.5
19075,IA,Grundy,50,CENTRAL,2001,all,149.9
19075,IA,Grundy,50,CENTRAL,2002,all,181.5
19075,IA,Grundy,50,CENTRAL,2003,all,172.6
19075,IA,Grundy,50,CENTRAL,2004,all,190.6
19075,IA,Grundy,50,CENTRAL,2005,all,189.9
19075,IA,Grundy,50,CENTRAL,2006,all,176.8
19075,IA,Grundy,50,CENTRAL,2007,all,176.0
19075,IA,Grundy,50,CENTRAL,2008,all,181.0
19075,IA,Grundy,50,CENTRAL,2009,all,178.0
19075,IA,Grundy,50,CENTRAL,2010,all,192.9
19075,IA,Grundy,50,CENTRAL,2011,all,172.8
19075,IA,Grundy,50,CENTRAL,2012,all,161.5
19075,IA,Grundy,50,CENTRAL,2013,all,180.8
19075,IA,Grundy,50,CENTRAL,2014,all,182.4
19075,IA,Grundy,50,CENTRAL,2015,all,199.9
19075,IA,Grundy,50,CENTRAL,2016,all,198.5
19075,IA,Grundy,50,CENTRAL,2017,all,217.3
19075,IA,Grundy,50,CENTRAL,2018,all,225.2
19075,IA,Grundy,50,CENTRAL,2019,all,209.8
19075,IA,Grundy,50,CENTRAL,2020,all,182.7
19075,IA,Grundy,50,CENTRAL,2021,all,209.4
19075,IA,Grundy,50,CENTRAL,2022,all,207.5
19075,IA,Grundy,50,CENTRAL,2023,all,212.9
19075,IA,Grundy,50,CENTRAL,2025,all,215.9
19077,IA,Guthrie,40,WEST CENTRAL,2000,all,136.1
19077,IA,Guthrie,40,WEST CENTRAL,2001,all,127.9
19077,IA,Guthrie,40,WEST CENTRAL,2002,all,149.0
19077,IA,Guthrie,40,WEST CENTRAL,2003,all,135.9
19077,IA,Guthrie,40,WEST CENTRAL,2004,all,172.9
19077,IA,Guthrie,40,WEST CENTRAL,2005,all,161.2
19077,IA,Guthrie,40,WEST CENTRAL,2006,all,159.2
19077,IA,Guthrie,40,WEST CENTRAL,2007,all,158.8
19077,IA,Guthrie,40,WEST CENTRAL,2008,all,171.0
19077,IA,Guthrie,40,WEST CENTRAL,2009,all,173.4
19077,IA,Guthrie,40,WEST CENTRAL,2010,all,141.3
19077,IA,Guthrie,40,WEST CENTRAL,2011,all,169.4
19077,IA,Guthrie,40,WEST CENTRAL,2012,all,113.4
19077,IA,Guthrie,40,WEST CENTRAL,2013,all,130.1
19077,IA,Guthrie,40,WEST CENTRAL,2014,all,176.1
19077,IA,Guthrie,40,WEST CENTRAL,2015,all,179.2
19077,IA,Guthrie,40,WEST CENTRAL,2016,all,198.2
19077,IA,Guthrie,40,WEST CENTRAL,2017,all,197.6
19077,IA,Guthrie,40,WEST CENTRAL,2018,all,192.2
19077,IA,Guthrie,40,WEST CENTRAL,2019,all,196.7
19077,IA,Guthrie,40,WEST CENTRAL,2020,all,151.3
19077,IA,Guthrie,40,WEST CENTRAL,2021,all,220.0
19077,IA,Guthrie,40,WEST CENTRAL,2022,all,193.6
19079,IA,Hamilton,50,CENTRAL,2000,all,154.4
19079,IA,Hamilton,50,CENTRAL,2001,all,163.6
19079,IA,Hamilton,50,CENTRAL,2002,all,182.6
19079,IA,Hamilton,50,CENTRAL,2003,all,166.9
19079,IA,Hamilton,50,CENTRAL,2004,all,181.4
19079,IA,Hamilton,50,CENTRAL,2005,all,189.0
19079,IA,Hamilton,50,CENTRAL,2006,all,184.7
19079,IA,Hamilton,50,CENTRAL,2007,all,180.5
19079,IA,Hamilton,50,CENTRAL,2008,all,157.0
19079,IA,Hamilton,50,CENTRAL,2009,all,167.5
19079,IA,Hamilton,50,CENTRAL,2010,all,169.6
19079,IA,Hamilton,50,CENTRAL,2011,all,180.6
19079,IA,Hamilton,50,CENTRAL,2012,all,138.0
19079,IA,Hamilton,50,CENTRAL,2013,all,135.0
19079,IA,Hamilton,50,CENTRAL,2014,all,173.1
19079,IA,Hamilton,50,CENTRAL,2015,all,198.1
19079,IA,Hamilton,50,CENTRAL,2016,all,209.0
19079,IA,Hamilton,50,CENTRAL,2017,all,194.6
19079,IA,Hamilton,50,CENTRAL,2018,all,188.9
19079,IA,Hamilton,50,CENTRAL,2019,all,198.2
19079,IA,Hamilton,50,CENTRAL,2020,all,166.2
19079,IA,Hamilton,50,CENTRAL,2022,all,208.6
19079,IA,Hamilton,50,CENTRAL,2023,all,215.5
19079,IA,Hamilton,50,CENTRAL,2024,all,212.3
19079,IA,Hamilton,50,CENTRAL,2025,all,212.7
19081,IA,Hancock,20,NORTH CENTRAL,2000,all,154.5
19081,IA,Hancock,20,NORTH CENTRAL,2001,all,145.0
19081,IA,Hancock,20,NORTH CENTRAL,2002,all,167.9
19081,IA,Hancock,20,NORTH CENTRAL,2003,all,169.1
19081,IA,Hancock,20,NORTH CENTRAL,2004,all,176.5
19081,IA,Hancock,20,NORTH CENTRAL,2005,all,182.3
19081,IA,Hancock,20,NORTH CENTRAL,2006,all,175.9
19081,IA,Hancock,20,NORTH CENTRAL,2007,all,178.6
19081,IA,Hancock,20,NORTH CENTRAL,2008,all,171.0
19081,IA,Hancock,20,NORTH CENTRAL,2009,all,178.5
19081,IA,Hancock,20,NORTH CENTRAL,2010,all,176.9
19081,IA,Hancock,20,NORTH CENTRAL,2011,all,179.8
19081,IA,Hancock,20,NORTH CENTRAL,2012,all,143.3
19081,IA,Hancock,20,NORTH CENTRAL,2013,all,169.9
19081,IA,Hancock,20,NORTH CENTRAL,2014,all,173.9
19081,IA,Hancock,20,NORTH CENTRAL,2015,all,201.2
19081,IA,Hancock,20,NORTH CENTRAL,2016,all,200.3
19081,IA,Hancock,20,NORTH CENTRAL,2017,all,200.2
19081,IA,Hancock,20,NORTH CENTRAL,2018,all,176.7
19081,IA,Hancock,20,NORTH CENTRAL,2019,all,193.3
19081,IA,Hancock,20,NORTH CENTRAL,2020,all,200.0
19081,IA,Hancock,20,NORTH CENTRAL,2021,all,209.8
19081,IA,Hancock,20,NORTH CENTRAL,2022,all,211.5
19081,IA,Hancock,20,NORTH CENTRAL,2023,all,204.9
19081,IA,Hancock,20,NORTH CENTRAL,2024,all,203.1
19081,IA,Hancock,20,NORTH CENTRAL,2025,all,196.3
19083,IA,Hardin,50,CENTRAL,2000,all,146.8
19083,IA,Hardin,50,CENTRAL,2001,all,157.7
19083,IA,Hardin,50,CENTRAL,2002,all,177.6
19083,IA,Hardin,50,CENTRAL,2003,all,169.5
19083,IA,Hardin,50,CENTRAL,2004,all,194.0
19083,IA,Hardin,50,CENTRAL,2005,all,188.6
19083,IA,Hardin,50,CENTRAL,2006,all,183.5
19083,IA,Hardin,50,CENTRAL,2007,all,177.3
19083,IA,Hardin,50,CENTRAL,2008,all,159.0
19083,IA,Hardin,50,CENTRAL,2009,all,162.9
19083,IA,Hardin,50,CENTRAL,2010,all,185.8
19083,IA,Hardin,50,CENTRAL,2011,all,186.7
19083,IA,Hardin,50,CENTRAL,2012,all,163.6
19083,IA,Hardin,50,CENTRAL,2013,all,156.6
19083,IA,Hardin,50,CENTRAL,2014,all,166.3
19083,IA,Hardin,50,CENTRAL,2015,all,199.3
19083,IA,Hardin,50,CENTRAL,2016,all,208.0
19083,IA,Hardin,50,CENTRAL,2017,all,213.7
19083,IA,Hardin,50,CENTRAL,2018,all,216.6
19083,IA,Hardin,50,CENTRAL,2019,all,200.2
19083,IA,Hardin,50,CENTRAL,2020,all,155.7
19083,IA,Hardin,50,CENTRAL,2021,all,193.2
19083,IA,Hardin,50,CENTRAL,2022,all,215.6
19083,IA,Hardin,50,CENTRAL,2023,all,213.3
19083,IA,Hardin,50,CENTRAL,2025,all,208.7
19085,IA,Harrison,40,WEST CENTRAL,2000,all,138.5
19085,IA,Harrison,40,WEST CENTRAL,2001,all,137.6
19085,IA,Harrison,40,WEST CENTRAL,2002,all,155.1
19085,IA,Harrison,40,WEST CENTRAL,2003,all,150.5
19085,IA,Harrison,40,WEST CENTRAL,2004,all,177.3
19085,IA,Harrison,40,WEST CENTRAL,2005,all,155.0
19085,IA,Harrison,40,WEST CENTRAL,2006,all,142.1
19085,IA,Harrison,40,WEST CENTRAL,2007,all,161.8
19085,IA,Harrison,40,WEST CENTRAL,2008,all,176.0
19085,IA,Harrison,40,WEST CENTRAL,2009,all,196.8
19085,IA,Harrison,40,WEST CENTRAL,2010,all,159.4
19085,IA,Harrison,40,WEST CENTRAL,2011,all,169.9
19085,IA,Harrison,40,WEST CENTRAL,2012,all,130.9
19085,IA,Harrison,40,WEST CENTRAL,2013,all,177.1
19085,IA,Harrison,40,WEST CENTRAL,2014,all,161.1
19085,IA,Harrison,40,WEST CENTRAL,2015,all,189.5
19085,IA,Harrison,40,WEST CENTRAL,2016,all,204.6
19085,IA,Harrison,40,WEST CENTRAL,2017,all,193.2
19085,IA,Harrison,40,WEST CENTRAL,2018,all,176.0
19085,IA,Harrison,40,WEST CENTRAL,2020,all,180.2
19085,IA,Harrison,40,WEST CENTRAL,2022,all,172.4
19085,IA,Harrison,40,WEST CENTRAL,2023,all,190.3
19085,IA,Harrison,40,WEST CENTRAL,2025,all,186.2
19087,IA,Henry,90,SOUTHEAST,2000,all,143.7
19087,IA,Henry,90,SOUTHEAST,2001,all,142.9
19087,IA,Henry,90,SOUTHEAST,2002,all,157.1
19087,IA,Henry,90,SOUTHEAST,2003,all,160.7
19087,IA,Henry,90,SOUTHEAST,2004,all,182.2
19087,IA,Henry,90,SOUTHEAST,2005,all,153.0
19087,IA,Henry,90,SOUTHEAST,2006,all,167.9
19087,IA,Henry,90,SOUTHEAST,2007,all,181.5
19087,IA,Henry,90,SOUTHEAST,2008,all,178.0
19087,IA,Henry,90,SOUTHEAST,2009,all,155.9
19087,IA,Henry,90,SOUTHEAST,2010,all,109.0
19087,IA,Henry,90,SOUTHEAST,2011,all,123.2
19087,IA,Henry,90,SOUTHEAST,2012,all,132.0
19087,IA,Henry,90,SOUTHEAST,2013,all,160.4
19087,IA,Henry,90,SOUTHEAST,2014,all,196.6
19087,IA,Henry,90,SOUTHEAST,2015,all,178.4
19087,IA,Henry,90,SOUTHEAST,2016,all,199.0
19087,IA,Henry,90,SOUTHEAST,2017,all,196.4
19087,IA,Henry,90,SOUTHEAST,2018,all,189.7
19087,IA,Henry,90,SOUTHEAST,2019,all,164.5
19087,IA,Henry,90,SOUTHEAST,2020,all,172.0
19087,IA,Henry,90,SOUTHEAST,2021,all,167.7
19087,IA,Henry,90,SOUTHEAST,2022,all,167.7
19087,IA,Henry,90,SOUTHEAST,2023,all,195.1
19087,IA,Henry,90,SOUTHEAST,2024,all,213.7
19087,IA,Henry,90,SOUTHEAST,2025,all,209.6
19089,IA,Howard,30,NORTHEAST,2000,all,140.3
19089,IA,Howard,30,NORTHEAST,2001,all,130.5
19089,IA,Howard,30,NORTHEAST,2002,all,164.6
19089,IA,Howard,30,NORTHEAST,2003,all,151.4
19089,IA,Howard,30,NORTHEAST,2004,all,160.8
19089,IA,Howard,30,NORTHEAST,2005,all,183.8
19089,IA,Howard,30,NORTHEAST,2006,all,165.3
19089,IA,Howard,30,NORTHEAST,2007,all,169.8
19089,IA,Howard,30,NORTHEAST,2008,all,164.0
19089,IA,Howard,30,NORTHEAST,2009,all,169.9
19089,IA,Howard,30,NORTHEAST,2010,all,191.4
19089,IA,Howard,30,NORTHEAST,2011,all,185.8
19089,IA,Howard,30,NORTHEAST,2012,all,137.8
19089,IA,Howard,30,NORTHEAST,2013,all,159.1
19089,IA,Howard,30,NORTHEAST,2014,all,164.4
19089,IA,Howard,30,NORTHEAST,2015,all,202.1
19089,IA,Howard,30,NORTHEAST,2016,all,202.2
19089,IA,Howard,30,NORTHEAST,2017,all,201.7
19089,IA,Howard,30,NORTHEAST,2018,all,185.5
19089,IA,Howard,30,NORTHEAST,2019,all,194.2
19089,IA,Howard,30,NORTHEAST,2020,all,188.6
19089,IA,Howard,30,NORTHEAST,2021,all,207.3
19089,IA,Howard,30,NORTHEAST,2022,all,217.2
19089,IA,Howard,30,NORTHEAST,2023,all,183.9
19089,IA,Howard,30,NORTHEAST,2024,all,212.5
19089,IA,Howard,30,NORTHEAST,2025,all,233.8
19091,IA,Humboldt,20,NORTH CENTRAL,2000,all,158.8
19091,IA,Humboldt,20,NORTH CENTRAL,2001,all,144.6
19091,IA,Humboldt,20,NORTH CENTRAL,2002,all,172.6
19091,IA,Humboldt,20,NORTH CENTRAL,2003,all,169.2
19091,IA,Humboldt,20,NORTH CENTRAL,2004,all,190.2
19091,IA,Humboldt,20,NORTH CENTRAL,2005,all,188.2
19091,IA,Humboldt,20,NORTH CENTRAL,2006,all,181.3
19091,IA,Humboldt,20,NORTH CENTRAL,2007,all,177.5
19091,IA,Humboldt,20,NORTH CENTRAL,2008,all,172.0
19091,IA,Humboldt,20,NORTH CENTRAL,2009,all,191.0
19091,IA,Humboldt,20,NORTH CENTRAL,2010,all,153.2
19091,IA,Humboldt,20,NORTH CENTRAL,2011,all,185.5
19091,IA,Humboldt,20,NORTH CENTRAL,2012,all,146.1
19091,IA,Humboldt,20,NORTH CENTRAL,2013,all,155.4
19091,IA,Humboldt,20,NORTH CENTRAL,2014,all,176.9
19091,IA,Humboldt,20,NORTH CENTRAL,2015,all,194.8
19091,IA,Humboldt,20,NORTH CENTRAL,2016,all,206.1
19091,IA,Humboldt,20,NORTH CENTRAL,2017,all,200.9
19091,IA,Humboldt,20,NORTH CENTRAL,2018,all,162.3
19091,IA,Humboldt,20,NORTH CENTRAL,2019,all,198.7
19091,IA,Humboldt,20,NORTH CENTRAL,2020,all,188.4
19091,IA,Humboldt,20,NORTH CENTRAL,2021,all,205.4
19091,IA,Humboldt,20,NORTH CENTRAL,2022,all,195.5
19091,IA,Humboldt,20,NORTH CENTRAL,2023,all,205.8
19091,IA,Humboldt,20,NORTH CENTRAL,2024,all,205.7
19091,IA,Humboldt,20,NORTH CENTRAL,2025,all,202.5
19093,IA,Ida,40,WEST CENTRAL,2000,all,109.5
19093,IA,Ida,40,WEST CENTRAL,2001,all,146.2
19093,IA,Ida,40,WEST CENTRAL,2002,all,166.2
19093,IA,Ida,40,WEST CENTRAL,2003,all,165.9
19093,IA,Ida,40,WEST CENTRAL,2004,all,185.0
19093,IA,Ida,40,WEST CENTRAL,2005,all,177.0
19093,IA,Ida,40,WEST CENTRAL,2006,all,125.5
19093,IA,Ida,40,WEST CENTRAL,2007,all,169.4
19093,IA,Ida,40,WEST CENTRAL,2008,all,196.0
19093,IA,Ida,40,WEST CENTRAL,2009,all,206.6
19093,IA,Ida,40,WEST CENTRAL,2010,all,191.8
19093,IA,Ida,40,WEST CENTRAL,2011,all,182.9
19093,IA,Ida,40,WEST CENTRAL,2012,all,151.4
19093,IA,Ida,40,WEST CENTRAL,2013,all,177.7
19093,IA,Ida,40,WEST CENTRAL,2014,all,189.9
19093,IA,Ida,40,WEST CENTRAL,2015,all,203.1
19093,IA,Ida,40,WEST CENTRAL,2016,all,216.0
19093,IA,Ida,40,WEST CENTRAL,2017,all,215.7
19093,IA,Ida,40,WEST CENTRAL,2018,all,222.2
19093,IA,Ida,40,WEST CENTRAL,2020,all,188.2
19093,IA,Ida,40,WEST CENTRAL,2021,all,226.8
19093,IA,Ida,40,WEST CENTRAL,2022,all,221.2
19093,IA,Ida,40,WEST CENTRAL,2023,all,198.0
19093,IA,Ida,40,WEST CENTRAL,2024,all,221.5
19093,IA,Ida,40,WEST CENTRAL,2025,all,232.4
19095,IA,Iowa,60,EAST CENTRAL,2000,all,140.9
19095,IA,Iowa,60,EAST CENTRAL,2001,all,154.2
19095,IA,Iowa,60,EAST CENTRAL,2002,all,175.7
19095,IA,Iowa,60,EAST CENTRAL,2003,all,168.9
19095,IA,Iowa,60,EAST CENTRAL,2004,all,185.8
19095,IA,Iowa,60,EAST CENTRAL,2005,all,147.3
19095,IA,Iowa,60,EAST CENTRAL,2006,all,178.1
19095,IA,Iowa,60,EAST CENTRAL,2007,all,178.0
19095,IA,Iowa,60,EAST CENTRAL,2008,all,173.0
19095,IA,Iowa,60,EAST CENTRAL,2009,all,180.2
19095,IA,Iowa,60,EAST CENTRAL,2010,all,158.5
19095,IA,Iowa,60,EAST CENTRAL,2011,all,171.6
19095,IA,Iowa,60,EAST CENTRAL,2012,all,135.7
19095,IA,Iowa,60,EAST CENTRAL,2013,all,165.9
19095,IA,Iowa,60,EAST CENTRAL,2014,all,192.1
19095,IA,Iowa,60,EAST CENTRAL,2015,all,199.3
19095,IA,Iowa,60,EAST CENTRAL,2016,all,210.6
19095,IA,Iowa,60,EAST CENTRAL,2017,all,216.7
19095,IA,Iowa,60,EAST CENTRAL,2018,all,211.7
19095,IA,Iowa,60,EAST CENTRAL,2019,all,190.6
19095,IA,Iowa,60,EAST CENTRAL,2020,all,151.1
19095,IA,Iowa,60,EAST CENTRAL,2022,all,205.9
19095,IA,Iowa,60,EAST CENTRAL,2023,all,213.5
19095,IA,Iowa,60,EAST CENTRAL,2024,all,219.2
19095,IA,Iowa,60,EAST CENTRAL,2025,all,220.3
19097,IA,Jackson,60,EAST CENTRAL,2000,all,140.7
19097,IA,Jackson,60,EAST CENTRAL,2001,all,152.0
19097,IA,Jackson,60,EAST CENTRAL,2002,all,164.7
19097,IA,Jackson,60,EAST CENTRAL,2003,all,155.2
19097,IA,Jackson,60,EAST CENTRAL,2004,all,169.6
19097,IA,Jackson,60,EAST CENTRAL,2005,all,124.2
19097,IA,Jackson,60,EAST CENTRAL,2006,all,166.5
19097,IA,Jackson,60,EAST CENTRAL,2007,all,169.4
19097,IA,Jackson,60,EAST CENTRAL,2008,all,169.0
19097,IA,Jackson,60,EAST CENTRAL,2009,all,169.6
19097,IA,Jackson,60,EAST CENTRAL,2010,all,157.2
19097,IA,Jackson,60,EAST CENTRAL,2011,all,178.3
19097,IA,Jackson,60,EAST CENTRAL,2012,all,114.6
19097,IA,Jackson,60,EAST CENTRAL,2013,all,173.2
19097,IA,Jackson,60,EAST CENTRAL,2014,all,188.9
19097,IA,Jackson,60,EAST CENTRAL,2015,all,190.6
19097,IA,Jackson,60,EAST CENTRAL,2016,all,202.1
19097,IA,Jackson,60,EAST CENTRAL,2017,all,202.1
19097,IA,Jackson,60,EAST CENTRAL,2018,all,202.4
19097,IA,Jackson,60,EAST CENTRAL,2019,all,185.5
19097,IA,Jackson,60,EAST CENTRAL,2020,all,185.6
19097,IA,Jackson,60,EAST CENTRAL,2021,all,191.2
19097,IA,Jackson,60,EAST CENTRAL,2022,all,219.2
19097,IA,Jackson,60,EAST CENTRAL,2023,all,189.6
19097,IA,Jackson,60,EAST CENTRAL,2024,all,227.5
19097,IA,Jackson,60,EAST CENTRAL,2025,all,213.2
19099,IA,Jasper,50,CENTRAL,2000,all,144.1
19099,IA,Jasper,50,CENTRAL,2001,all,154.8
19099,IA,Jasper,50,CENTRAL,2002,all,183.4
19099,IA,Jasper,50,CENTRAL,2003,all,171.5
19099,IA,Jasper,50,CENTRAL,2004,all,194.2
19099,IA,Jasper,50,CENTRAL,2005,all,188.5
19099,IA,Jasper,50,CENTRAL,2006,all,173.9
19099,IA,Jasper,50,CENTRAL,2007,all,180.9
19099,IA,Jasper,50,CENTRAL,2008,all,182.0
19099,IA,Jasper,50,CENTRAL,2009,all,181.4
19099,IA,Jasper,50,CENTRAL,2010,all,152.7
19099,IA,Jasper,50,CENTRAL,2011,all,171.1
19099,IA,Jasper,50,CENTRAL,2012,all,150.9
19099,IA,Jasper,50,CENTRAL,2013,all,158.8
19099,IA,Jasper,50,CENTRAL,2014,all,191.5
19099,IA,Jasper,50,CENTRAL,2015,all,198.9
19099,IA,Jasper,50,CENTRAL,2016,all,214.7
19099,IA,Jasper,50,CENTRAL,2017,all,204.6
19099,IA,Jasper,50,CENTRAL,2018,all,218.6
19099,IA,Jasper,50,CENTRAL,2019,all,209.3
19099,IA,Jasper,50,CENTRAL,2021,all,221.7
19099,IA,Jasper,50,CENTRAL,2022,all,203.6
19099,IA,Jasper,50,CENTRAL,2023,all,218.0
19101,IA,Jefferson,90,SOUTHEAST,2000,all,141.9
19101,IA,Jefferson,90,SOUTHEAST,2001,all,134.4
19101,IA,Jefferson,90,SOUTHEAST,2002,all,134.9
19101,IA,Jefferson,90,SOUTHEAST,2003,all,146.9
19101,IA,Jefferson,90,SOUTHEAST,2004,all,173.1
19101,IA,Jefferson,90,SOUTHEAST,2005,all,143.6
19101,IA,Jefferson,90,SOUTHEAST,2006,all,170.7
19101,IA,Jefferson,90,SOUTHEAST,2007,all,159.9
19101,IA,Jefferson,90,SOUTHEAST,2008,all,167.0
19101,IA,Jefferson,90,SOUTHEAST,2009,all,150.0
19101,IA,Jefferson,90,SOUTHEAST,2010,all,98.5
19101,IA,Jefferson,90,SOUTHEAST,2011,all,112.4
19101,IA,Jefferson,90,SOUTHEAST,2012,all,102.8
19101,IA,Jefferson,90,SOUTHEAST,2013,all,145.5
19101,IA,Jefferson,90,SOUTHEAST,2014,all,200.9
19101,IA,Jefferson,90,SOUTHEAST,2015,all,168.2
19101,IA,Jefferson,90,SOUTHEAST,2016,all,197.0
19101,IA,Jefferson,90,SOUTHEAST,2017,all,165.5
19101,IA,Jefferson,90,SOUTHEAST,2018,all,198.8
19101,IA,Jefferson,90,SOUTHEAST,2019,all,162.7
19101,IA,Jefferson,90,SOUTHEAST,2020,all,167.3
19101,IA,Jefferson,90,SOUTHEAST,2021,all,163.3
19101,IA,Jefferson,90,SOUTHEAST,2022,all,178.0
19101,IA,Jefferson,90,SOUTHEAST,2023,all,195.1
19101,IA,Jefferson,90,SOUTHEAST,2024,all,203.7
19101,IA,Jefferson,90,SOUTHEAST,2025,all,199.4
19103,IA,Johnson,60,EAST CENTRAL,2000,all,141.5
19103,IA,Johnson,60,EAST CENTRAL,2001,all,156.4
19103,IA,Johnson,60,EAST CENTRAL,2002,all,177.1
19103,IA,Johnson,60,EAST CENTRAL,2003,all,160.4
19103,IA,Johnson,60,EAST CENTRAL,2004,all,173.8
19103,IA,Johnson,60,EAST CENTRAL,2005,all,135.8
19103,IA,Johnson,60,EAST CENTRAL,2006,all,171.8
19103,IA,Johnson,60,EAST CENTRAL,2007,all,171.1
19103,IA,Johnson,60,EAST CENTRAL,2008,all,161.0
19103,IA,Johnson,60,EAST CENTRAL,2009,all,178.8
19103,IA,Johnson,60,EAST CENTRAL,2010,all,150.9
19103,IA,Johnson,60,EAST CENTRAL,2011,all,171.9
19103,IA,Johnson,60,EAST CENTRAL,2012,all,132.4
19103,IA,Johnson,60,EAST CENTRAL,2013,all,181.1
19103,IA,Johnson,60,EAST CENTRAL,2014,all,184.6
19103,IA,Johnson,60,EAST CENTRAL,2015,all,187.1
19103,IA,Johnson,60,EAST CENTRAL,2016,all,189.0
19103,IA,Johnson,60,EAST CENTRAL,2017,all,213.1
19103,IA,Johnson,60,EAST CENTRAL,2018,all,212.3
19103,IA,Johnson,60,EAST CENTRAL,2019,all,181.3
19103,IA,Johnson,60,EAST CENTRAL,2020,all,161.8
19103,IA,Johnson,60,EAST CENTRAL,2022,all,205.2
19103,IA,Johnson,60,EAST CENTRAL,2023,all,203.1
19103,IA,Johnson,60,EAST CENTRAL,2024,all,223.1
19103,IA,Johnson,60,EAST CENTRAL,2025,all,209.7
19105,IA,Jones,60,EAST CENTRAL,2000,all,141.3
19105,IA,Jones,60,EAST CENTRAL,2001,all,168.5
19105,IA,Jones,60,EAST CENTRAL,2002,all,173.0
19105,IA,Jones,60,EAST CENTRAL,2003,all,164.0
19105,IA,Jones,60,EAST CENTRAL,2004,all,168.3
19105,IA,Jones,60,EAST CENTRAL,2005,all,148.3
19105,IA,Jones,60,EAST CENTRAL,2006,all,175.5
19105,IA,Jones,60,EAST CENTRAL,2007,all,181.2
19105,IA,Jones,60,EAST CENTRAL,2008,all,167.0
19105,IA,Jones,60,EAST CENTRAL,2009,all,190.1
19105,IA,Jones,60,EAST CENTRAL,2010,all,168.9
19105,IA,Jones,60,EAST CENTRAL,2011,all,171.4
19105,IA,Jones,60,EAST CENTRAL,2012,all,127.3
19105,IA,Jones,60,EAST CENTRAL,2013,all,179.3
19105,IA,Jones,60,EAST CENTRAL,2014,all,180.1
19105,IA,Jones,60,EAST CENTRAL,2015,all,186.6
19105,IA,Jones,60,EAST CENTRAL,2016,all,201.3
19105,IA,Jones,60,EAST CENTRAL,2017,all,217.0
19105,IA,Jones,60,EAST CENTRAL,2018,all,208.9
19105,IA,Jones,60,EAST CENTRAL,2019,all,203.0
19105,IA,Jones,60,EAST CENTRAL,2020,all,171.6
19105,IA,Jones,60,EAST CENTRAL,2022,all,218.2
19105,IA,Jones,60,EAST CENTRAL,2023,all,190.7
19105,IA,Jones,60,EAST CENTRAL,2024,all,233.3
19105,IA,Jones,60,EAST CENTRAL,2025,all,215.1
19107,IA,Keokuk,90,SOUTHEAST,2000,all,147.6
19107,IA,Keokuk,90,SOUTHEAST,2001,all,142.1
19107,IA,Keokuk,90,SOUTHEAST,2002,all,160.8
19107,IA,Keokuk,90,SOUTHEAST,2003,all,155.2
19107,IA,Keokuk,90,SOUTHEAST,2004,all,190.5
19107,IA,Keokuk,90,SOUTHEAST,2005,all,135.0
19107,IA,Keokuk,90,SOUTHEAST,2006,all,166.6
19107,IA,Keokuk,90,SOUTHEAST,2007,all,174.5
19107,IA,Keokuk,90,SOUTHEAST,2008,all,157.0
19107,IA,Keokuk,90,SOUTHEAST,2009,all,167.7
19107,IA,Keokuk,90,SOUTHEAST,2010,all,111.2
19107,IA,Keokuk,90,SOUTHEAST,2011,all,152.4
19107,IA,Keokuk,90,SOUTHEAST,2012,all,113.0
19107,IA,Keokuk,90,SOUTHEAST,2013,all,156.7
19107,IA,Keokuk,90,SOUTHEAST,2014,all,193.2
19107,IA,Keokuk,90,SOUTHEAST,2015,all,181.0
19107,IA,Keokuk,90,SOUTHEAST,2016,all,208.6
19107,IA,Keokuk,90,SOUTHEAST,2017,all,176.4
19107,IA,Keokuk,90,SOUTHEAST,2018,all,203.7
19107,IA,Keokuk,90,SOUTHEAST,2019,all,175.4
19107,IA,Keokuk,90,SOUTHEAST,2020,all,163.5
19107,IA,Keokuk,90,SOUTHEAST,2021,all,176.5
19107,IA,Keokuk,90,SOUTHEAST,2022,all,170.4
19107,IA,Keokuk,90,SOUTHEAST,2023,all,211.6
19107,IA,Keokuk,90,SOUTHEAST,2025,all,209.2
19109,IA,Kossuth,20,NORTH CENTRAL,2000,all,157.6
19109,IA,Kossuth,20,NORTH CENTRAL,2001,all,138.1
19109,IA,Kossuth,20,NORTH CENTRAL,2002,all,163.3
19109,IA,Kossuth,20,NORTH CENTRAL,2003,all,170.7
19109,IA,Kossuth,20,NORTH CENTRAL,2004,all,178.4
19109,IA,Kossuth,20,NORTH CENTRAL,2005,all,187.5
19109,IA,Kossuth,20,NORTH CENTRAL,2006,all,177.2
19109,IA,Kossuth,20,NORTH CENTRAL,2007,all,178.6
19109,IA,Kossuth,20,NORTH CENTRAL,2008,all,171.0
19109,IA,Kossuth,20,NORTH CENTRAL,2009,all,191.6
19109,IA,Kossuth,20,NORTH CENTRAL,2010,all,184.0
19109,IA,Kossuth,20,NORTH CENTRAL,2011,all,179.9
19109,IA,Kossuth,20,NORTH CENTRAL,2012,all,164.6
19109,IA,Kossuth,20,NORTH CENTRAL,2013,all,167.7
19109,IA,Kossuth,20,NORTH CENTRAL,2014,all,176.6
19109,IA,Kossuth,20,NORTH CENTRAL,2015,all,199.0
19109,IA,Kossuth,20,NORTH CENTRAL,2016,all,204.7
19109,IA,Kossuth,20,NORTH CENTRAL,2017,all,205.6
19109,IA,Kossuth,20,NORTH CENTRAL,2018,all,180.2
19109,IA,Kossuth,20,NORTH CENTRAL,2019,all,198.7
19109,IA,Kossuth,20,NORTH CENTRAL,2020,all,190.7
19109,IA,Kossuth,20,NORTH CENTRAL,2021,all,190.7
19109,IA,Kossuth,20,NORTH CENTRAL,2022,all,196.8
19109,IA,Kossuth,20,NORTH CENTRAL,2025,all,204.6
19111,IA,Lee,90,SOUTHEAST,2000,all,149.0
19111,IA,Lee,90,SOUTHEAST,2001,all,138.3
19111,IA,Lee,90,SOUTHEAST,2002,all,140.8
19111,IA,Lee,90,SOUTHEAST,2003,all,150.1
19111,IA,Lee,90,SOUTHEAST,2004,all,180.0
19111,IA,Lee,90,SOUTHEAST,2005,all,129.4
19111,IA,Lee,90,SOUTHEAST,2006,all,144.1
19111,IA,Lee,90,SOUTHEAST,2007,all,177.5
19111,IA,Lee,90,SOUTHEAST,2008,all,173.0
19111,IA,Lee,90,SOUTHEAST,2009,all,167.9
19111,IA,Lee,90,SOUTHEAST,2010,all,103.2
19111,IA,Lee,90,SOUTHEAST,2011,all,105.2
19111,IA,Lee,90,SOUTHEAST,2012,all,116.0
19111,IA,Lee,90,SOUTHEAST,2013,all,144.1
19111,IA,Lee,90,SOUTHEAST,2014,all,200.6
19111,IA,Lee,90,SOUTHEAST,2015,all,145.1
19111,IA,Lee,90,SOUTHEAST,2016,all,194.6
19111,IA,Lee,90,SOUTHEAST,2017,all,178.0
19111,IA,Lee,90,SOUTHEAST,2018,all,201.3
19111,IA,Lee,90,SOUTHEAST,2019,all,172.5
19111,IA,Lee,90,SOUTHEAST,2020,all,174.3
19111,IA,Lee,90,SOUTHEAST,2021,all,160.4
19111,IA,Lee,90,SOUTHEAST,2022,all,178.2
19111,IA,Lee,90,SOUTHEAST,2023,all,203.7
19111,IA,Lee,90,SOUTHEAST,2024,all,223.3
19111,IA,Lee,90,SOUTHEAST,2025,all,198.0
19113,IA,Linn,60,EAST CENTRAL,2000,all,140.9
19113,IA,Linn,60,EAST CENTRAL,2001,all,164.9
19113,IA,Linn,60,EAST CENTRAL,2002,all,176.6
19113,IA,Linn,60,EAST CENTRAL,2003,all,162.5
19113,IA,Linn,60,EAST CENTRAL,2004,all,172.4
19113,IA,Linn,60,EAST CENTRAL,2005,all,152.0
19113,IA,Linn,60,EAST CENTRAL,2006,all,176.2
19113,IA,Linn,60,EAST CENTRAL,2007,all,176.7
19113,IA,Linn,60,EAST CENTRAL,2008,all,172.0
19113,IA,Linn,60,EAST CENTRAL,2009,all,189.7
19113,IA,Linn,60,EAST CENTRAL,2010,all,170.3
19113,IA,Linn,60,EAST CENTRAL,2011,all,169.1
19113,IA,Linn,60,EAST CENTRAL,2012,all,124.2
19113,IA,Linn,60,EAST CENTRAL,2013,all,178.6
19113,IA,Linn,60,EAST CENTRAL,2014,all,176.1
19113,IA,Linn,60,EAST CENTRAL,2015,all,189.2
19113,IA,Linn,60,EAST CENTRAL,2016,all,200.3
19113,IA,Linn,60,EAST CENTRAL,2017,all,217.4
19113,IA,Linn,60,EAST CENTRAL,2018,all,215.4
19113,IA,Linn,60,EAST CENTRAL,2019,all,223.7
19113,IA,Linn,60,EAST CENTRAL,2020,all,164.9
19113,IA,Linn,60,EAST CENTRAL,2022,all,215.0
19113,IA,Linn,60,EAST CENTRAL,2023,all,179.5
19113,IA,Linn,60,EAST CENTRAL,2024,all,230.1
19113,IA,Linn,60,EAST CENTRAL,2025,all,216.2
19115,IA,Louisa,90,SOUTHEAST,2000,all,139.0
19115,IA,Louisa,90,SOUTHEAST,2001,all,131.2
19115,IA,Louisa,90,SOUTHEAST,2002,all,156.9
19115,IA,Louisa,90,SOUTHEAST,2003,all,156.3
19115,IA,Louisa,90,SOUTHEAST,2004,all,179.1
19115,IA,Louisa,90,SOUTHEAST,2005,all,133.5
19115,IA,Louisa,90,SOUTHEAST,2006,all,170.1
19115,IA,Louisa,90,SOUTHEAST,2007,all,178.0
19115,IA,Louisa,90,SOUTHEAST,2008,all,174.0
19115,IA,Louisa,90,SOUTHEAST,2009,all,158.4
19115,IA,Louisa,90,SOUTHEAST,2010,all,125.1
19115,IA,Louisa,90,SOUTHEAST,2011,all,148.9
19115,IA,Louisa,90,SOUTHEAST,2012,all,162.9
19115,IA,Louisa,90,SOUTHEAST,2013,all,158.5
19115,IA,Louisa,90,SOUTHEAST,2014,all,188.2
19115,IA,Louisa,90,SOUTHEAST,2015,all,181.7
19115,IA,Louisa,90,SOUTHEAST,2016,all,200.2
19115,IA,Louisa,90,SOUTHEAST,2017,all,216.6
19115,IA,Louisa,90,SOUTHEAST,2018,all,196.5
19115,IA,Louisa,90,SOUTHEAST,2019,all,174.6
19115,IA,Louisa,90,SOUTHEAST,2020,all,181.6
19115,IA,Louisa,90,SOUTHEAST,2021,all,189.5
19115,IA,Louisa,90,SOUTHEAST,2022,all,196.3
19115,IA,Louisa,90,SOUTHEAST,2024,all,214.5
19117,IA,Lucas,80,SOUTH CENTRAL,2000,all,130.4
19117,IA,Lucas,80,SOUTH CENTRAL,2001,all,118.4
19117,IA,Lucas,80,SOUTH CENTRAL,2002,all,140.9
19117,IA,Lucas,80,SOUTH CENTRAL,2003,all,119.1
19117,IA,Lucas,80,SOUTH CENTRAL,2004,all,154.8
19117,IA,Lucas,80,SOUTH CENTRAL,2005,all,154.8
19117,IA,Lucas,80,SOUTH CENTRAL,2006,all,137.8
19117,IA,Lucas,80,SOUTH CENTRAL,2007,all,141.9
19117,IA,Lucas,80,SOUTH CENTRAL,2008,all,114.0
19117,IA,Lucas,80,SOUTH CENTRAL,2009,all,137.2
19117,IA,Lucas,80,SOUTH CENTRAL,2010,all,71.2
19117,IA,Lucas,80,SOUTH CENTRAL,2011,all,114.9
19117,IA,Lucas,80,SOUTH CENTRAL,2012,all,85.3
19117,IA,Lucas,80,SOUTH CENTRAL,2013,all,117.9
19117,IA,Lucas,80,SOUTH CENTRAL,2014,all,153.7
19117,IA,Lucas,80,SOUTH CENTRAL,2015,all,154.8
19117,IA,Lucas,80,SOUTH CENTRAL,2016,all,174.6
19117,IA,Lucas,80,SOUTH CENTRAL,2020,all,149.2
19117,IA,Lucas,80,SOUTH CENTRAL,2021,all,166.1
19117,IA,Lucas,80,SOUTH CENTRAL,2022,all,139.5
19117,IA,Lucas,80,SOUTH CENTRAL,2023,all,173.9
19117,IA,Lucas,80,SOUTH CENTRAL,2025,all,183.4
19119,IA,Lyon,10,NORTHWEST,2000,all,154.1
19119,IA,Lyon,10,NORTHWEST,2001,all,151.3
19119,IA,Lyon,10,NORTHWEST,2002,all,152.9
19119,IA,Lyon,10,NORTHWEST,2003,all,158.3
19119,IA,Lyon,10,NORTHWEST,2004,all,185.9
19119,IA,Lyon,10,NORTHWEST,2005,all,185.2
19119,IA,Lyon,10,NORTHWEST,2006,all,163.9
19119,IA,Lyon,10,NORTHWEST,2007,all,163.7
19119,IA,Lyon,10,NORTHWEST,2008,all,190.0
19119,IA,Lyon,10,NORTHWEST,2009,all,192.8
19119,IA,Lyon,10,NORTHWEST,2010,all,195.2
19119,IA,Lyon,10,NORTHWEST,2011,all,185.4
19119,IA,Lyon,10,NORTHWEST,2012,all,161.6
19119,IA,Lyon,10,NORTHWEST,2013,all,190.5
19119,IA,Lyon,10,NORTHWEST,2014,all,172.9
19119,IA,Lyon,10,NORTHWEST,2015,all,196.0
19119,IA,Lyon,10,NORTHWEST,2016,all,206.9
19119,IA,Lyon,10,NORTHWEST,2017,all,218.9
19119,IA,Lyon,10,NORTHWEST,2018,all,193.0
19119,IA,Lyon,10,NORTHWEST,2019,all,186.5
19119,IA,Lyon,10,NORTHWEST,2020,all,197.0
19119,IA,Lyon,10,NORTHWEST,2021,all,216.7
19119,IA,Lyon,10,NORTHWEST,2022,all,190.8
19119,IA,Lyon,10,NORTHWEST,2023,all,200.2
19119,IA,Lyon,10,NORTHWEST,2024,all,198.8
19121,IA,Madison,80,SOUTH CENTRAL,2000,all,133.1
19121,IA,Madison,80,SOUTH CENTRAL,2001,all,144.5
19121,IA,Madison,80,SOUTH CENTRAL,2002,all,150.4
19121,IA,Madison,80,SOUTH CENTRAL,2003,all,134.7
19121,IA,Madison,80,SOUTH CENTRAL,2004,all,175.6
19121,IA,Madison,80,SOUTH CENTRAL,2005,all,154.9
19121,IA,Madison,80,SOUTH CENTRAL,2006,all,158.4
19121,IA,Madison,80,SOUTH CENTRAL,2007,all,162.6
19121,IA,Madison,80,SOUTH CENTRAL,2008,all,165.0
19121,IA,Madison,80,SOUTH CENTRAL,2009,all,167.7
19121,IA,Madison,80,SOUTH CENTRAL,2010,all,124.6
19121,IA,Madison,80,SOUTH CENTRAL,2011,all,145.1
19121,IA,Madison,80,SOUTH CENTRAL,2012,all,101.4
19121,IA,Madison,80,SOUTH CENTRAL,2013,all,140.9
19121,IA,Madison,80,SOUTH CENTRAL,2014,all,171.4
19121,IA,Madison,80,SOUTH CENTRAL,2015,all,169.6
19121,IA,Madison,80,SOUTH CENTRAL,2016,all,185.5
19121,IA,Madison,80,SOUTH CENTRAL,2017,all,173.1
19121,IA,Madison,80,SOUTH CENTRAL,2018,all,167.8
19121,IA,Madison,80,SOUTH CENTRAL,2019,all,175.7
19121,IA,Madison,80,SOUTH CENTRAL,2020,all,172.0
19121,IA,Madison,80,SOUTH CENTRAL,2021,all,195.6
19121,IA,Madison,80,SOUTH CENTRAL,2022,all,166.9
19121,IA,Madison,80,SOUTH CENTRAL,2023,all,202.0
19121,IA,Madison,80,SOUTH CENTRAL,2025,all,192.6
19123,IA,Mahaska,90,SOUTHEAST,2000,all,143.3
19123,IA,Mahaska,90,SOUTHEAST,2001,all,142.8
19123,IA,Mahaska,90,SOUTHEAST,2002,all,168.8
19123,IA,Mahaska,90,SOUTHEAST,2003,all,162.2
19123,IA,Mahaska,90,SOUTHEAST,2004,all,192.7
19123,IA,Mahaska,90,SOUTHEAST,2005,all,160.5
19123,IA,Mahaska,90,SOUTHEAST,2006,all,166.0
19123,IA,Mahaska,90,SOUTHEAST,2007,all,179.9
19123,IA,Mahaska,90,SOUTHEAST,2008,all,176.0
19123,IA,Mahaska,90,SOUTHEAST,2009,all,182.4
19123,IA,Mahaska,90,SOUTHEAST,2010,all,116.6
19123,IA,Mahaska,90,SOUTHEAST,2011,all,165.0
19123,IA,Mahaska,90,SOUTHEAST,2012,all,133.0
19123,IA,Mahaska,90,SOUTHEAST,2013,all,168.6
19123,IA,Mahaska,90,SOUTHEAST,2014,all,189.9
19123,IA,Mahaska,90,SOUTHEAST,2015,all,190.3
19123,IA,Mahaska,90,SOUTHEAST,2016,all,204.7
19123,IA,Mahaska,90,SOUTHEAST,2017,all,177.2
19123,IA,Mahaska,90,SOUTHEAST,2018,all,207.7
19123,IA,Mahaska,90,SOUTHEAST,2019,all,189.9
19123,IA,Mahaska,90,SOUTHEAST,2020,all,180.8
19123,IA,Mahaska,90,SOUTHEAST,2021,all,200.5
19123,IA,Mahaska,90,SOUTHEAST,2022,all,186.3
19123,IA,Mahaska,90,SOUTHEAST,2023,all,214.9
19123,IA,Mahaska,90,SOUTHEAST,2024,all,222.9
19123,IA,Mahaska,90,SOUTHEAST,2025,all,218.5
19125,IA,Marion,80,SOUTH CENTRAL,2000,all,139.4
19125,IA,Marion,80,SOUTH CENTRAL,2001,all,140.1
19125,IA,Marion,80,SOUTH CENTRAL,2002,all,162.2
19125,IA,Marion,80,SOUTH CENTRAL,2003,all,147.5
19125,IA,Marion,80,SOUTH CENTRAL,2004,all,170.3
19125,IA,Marion,80,SOUTH CENTRAL,2005,all,159.9
19125,IA,Marion,80,SOUTH CENTRAL,2006,all,156.3
19125,IA,Marion,80,SOUTH CENTRAL,2007,all,165.9
19125,IA,Marion,80,SOUTH CENTRAL,2008,all,143.0
19125,IA,Marion,80,SOUTH CENTRAL,2009,all,165.2
19125,IA,Marion,80,SOUTH CENTRAL,2010,all,112.7
19125,IA,Marion,80,SOUTH CENTRAL,2011,all,152.6
19125,IA,Marion,80,SOUTH CENTRAL,2012,all,115.1
19125,IA,Marion,80,SOUTH CENTRAL,2013,all,156.4
19125,IA,Marion,80,SOUTH CENTRAL,2014,all,171.6
19125,IA,Marion,80,SOUTH CENTRAL,2015,all,178.1
19125,IA,Marion,80,SOUTH CENTRAL,2016,all,198.0
19125,IA,Marion,80,SOUTH CENTRAL,2017,all,185.7
19125,IA,Marion,80,SOUTH CENTRAL,2018,all,190.2
19125,IA,Marion,80,SOUTH CENTRAL,2019,all,170.7
19125,IA,Marion,80,SOUTH CENTRAL,2021,all,199.1
19125,IA,Marion,80,SOUTH CENTRAL,2022,all,175.2
19125,IA,Marion,80,SOUTH CENTRAL,2023,all,203.7
19125,IA,Marion,80,SOUTH CENTRAL,2024,all,218.1
19125,IA,Marion,80,SOUTH CENTRAL,2025,all,209.6
19127,IA,Marshall,50,CENTRAL,2000,all,145.2
19127,IA,Marshall,50,CENTRAL,2001,all,152.9
19127,IA,Marshall,50,CENTRAL,2002,all,184.0
19127,IA,Marshall,50,CENTRAL,2003,all,179.6
19127,IA,Marshall,50,CENTRAL,2004,all,185.1
19127,IA,Marshall,50,CENTRAL,2005,all,191.9
19127,IA,Marshall,50,CENTRAL,2006,all,184.3
19127,IA,Marshall,50,CENTRAL,2007,all,185.9
19127,IA,Marshall,50,CENTRAL,2008,all,180.0
19127,IA,Marshall,50,CENTRAL,2009,all,178.5
19127,IA,Marshall,50,CENTRAL,2010,all,183.3
19127,IA,Marshall,50,CENTRAL,2011,all,166.3
19127,IA,Marshall,50,CENTRAL,2012,all,157.6
19127,IA,Marshall,50,CENTRAL,2013,all,163.2
19127,IA,Marshall,50,CENTRAL,2014,all,190.5
19127,IA,Marshall,50,CENTRAL,2015,all,194.9
19127,IA,Marshall,50,CENTRAL,2016,all,211.3
19127,IA,Marshall,50,CENTRAL,2017,all,222.4
19127,IA,Marshall,50,CENTRAL,2018,all,226.0
19127,IA,Marshall,50,CENTRAL,2019,all,221.9
19127,IA,Marshall,50,CENTRAL,2021,all,211.5
19127,IA,Marshall,50,CENTRAL,2022,all,214.1
19127,IA,Marshall,50,CENTRAL,2023,all,216.3
19127,IA,Marshall,50,CENTRAL,2024,all,222.2
19129,IA,Mills,70,SOUTHWEST,2000,all,135.2
19129,IA,Mills,70,SOUTHWEST,2001,all,132.5
19129,IA,Mills,70,SOUTHWEST,2002,all,110.3
19129,IA,Mills,70,SOUTHWEST,2003,all,131.6
19129,IA,Mills,70,SOUTHWEST,2004,all,184.8
19129,IA,Mills,70,SOUTHWEST,2005,all,163.7
19129,IA,Mills,70,SOUTHWEST,2006,all,159.5
19129,IA,Mills,70,SOUTHWEST,2007,all,147.4
19129,IA,Mills,70,SOUTHWEST,2008,all,156.0
19129,IA,Mills,70,SOUTHWEST,2009,all,191.2
19129,IA,Mills,70,SOUTHWEST,2010,all,160.2
19129,IA,Mills,70,SOUTHWEST,2011,all,155.0
19129,IA,Mills,70,SOUTHWEST,2012,all,128.8
19129,IA,Mills,70,SOUTHWEST,2013,all,171.0
19129,IA,Mills,70,SOUTHWEST,2014,all,184.9
19129,IA,Mills,70,SOUTHWEST,2016,all,188.4
19129,IA,Mills,70,SOUTHWEST,2017,all,190.1
19129,IA,Mills,70,SOUTHWEST,2019,all,202.9
19129,IA,Mills,70,SOUTHWEST,2020,all,182.2
19129,IA,Mills,70,SOUTHWEST,2021,all,209.8
19129,IA,Mills,70,SOUTHWEST,2022,all,191.1
19129,IA,Mills,70,SOUTHWEST,2023,all,204.3
19129,IA,Mills,70,SOUTHWEST,2024,all,210.9
19129,IA,Mills,70,SOUTHWEST,2025,all,190.4
19131,IA,Mitchell,20,NORTH CENTRAL,2000,all,146.7
19131,IA,Mitchell,20,NORTH CENTRAL,2001,all,145.5
19131,IA,Mitchell,20,NORTH CENTRAL,2002,all,177.5
19131,IA,Mitchell,20,NORTH CENTRAL,2003,all,156.3
19131,IA,Mitchell,20,NORTH CENTRAL,2004,all,175.3
19131,IA,Mitchell,20,NORTH CENTRAL,2005,all,186.6
19131,IA,Mitchell,20,NORTH CENTRAL,2006,all,170.5
19131,IA,Mitchell,20,NORTH CENTRAL,2007,all,174.2
19131,IA,Mitchell,20,NORTH CENTRAL,2008,all,174.0
19131,IA,Mitchell,20,NORTH CENTRAL,2009,all,177.2
19131,IA,Mitchell,20,NORTH CENTRAL,2010,all,190.5
19131,IA,Mitchell,20,NORTH CENTRAL,2011,all,180.1
19131,IA,Mitchell,20,NORTH CENTRAL,2012,all,131.4
19131,IA,Mitchell,20,NORTH CENTRAL,2013,all,164.1
19131,IA,Mitchell,20,NORTH CENTRAL,2014,all,175.1
19131,IA,Mitchell,20,NORTH CENTRAL,2015,all,202.1
19131,IA,Mitchell,20,NORTH CENTRAL,2016,all,199.1
19131,IA,Mitchell,20,NORTH CENTRAL,2017,all,213.4
19131,IA,Mitchell,20,NORTH CENTRAL,2018,all,193.3
19131,IA,Mitchell,20,NORTH CENTRAL,2019,all,194.5
19131,IA,Mitchell,20,NORTH CENTRAL,2020,all,203.3
19131,IA,Mitchell,20,NORTH CENTRAL,2021,all,203.3
19131,IA,Mitchell,20,NORTH CENTRAL,2022,all,217.9
19131,IA,Mitchell,20,NORTH CENTRAL,2023,all,171.8
19131,IA,Mitchell,20,NORTH CENTRAL,2024,all,212.8
19131,IA,Mitchell,20,NORTH CENTRAL,2025,all,215.4
19133,IA,Monona,40,WEST CENTRAL,2000,all,138.3
19133,IA,Monona,40,WEST CENTRAL,2001,all,127.8
19133,IA,Monona,40,WEST CENTRAL,2002,all,138.0
19133,IA,Monona,40,WEST CENTRAL,2003,all,141.9
19133,IA,Monona,40,WEST CENTRAL,2004,all,169.8
19133,IA,Monona,40,WEST CENTRAL,2005,all,157.1
19133,IA,Monona,40,WEST CENTRAL,2006,all,109.3
19133,IA,Monona,40,WEST CENTRAL,2007,all,149.3
19133,IA,Monona,40,WEST CENTRAL,2008,all,171.0
19133,IA,Monona,40,WEST CENTRAL,2009,all,199.8
19133,IA,Monona,40,WEST CENTRAL,2010,all,168.7
19133,IA,Monona,40,WEST CENTRAL,2011,all,158.3
19133,IA,Monona,40,WEST CENTRAL,2012,all,115.1
19133,IA,Monona,40,WEST CENTRAL,2013,all,175.2
19133,IA,Monona,40,WEST CENTRAL,2014,all,156.6
19133,IA,Monona,40,WEST CENTRAL,2015,all,169.0
19133,IA,Monona,40,WEST CENTRAL,2016,all,184.5
19133,IA,Monona,40,WEST CENTRAL,2017,all,196.0
19133,IA,Monona,40,WEST CENTRAL,2018,all,181.4
19133,IA,Monona,40,WEST CENTRAL,2019,all,203.9
19133,IA,Monona,40,WEST CENTRAL,2020,all,178.4
19133,IA,Monona,40,WEST CENTRAL,2021,all,197.7
19133,IA,Monona,40,WEST CENTRAL,2022,all,168.6
19133,IA,Monona,40,WEST CENTRAL,2023,all,165.4
19133,IA,Monona,40,WEST CENTRAL,2024,all,192.0
19133,IA,Monona,40,WEST CENTRAL,2025,all,203.1
19135,IA,Monroe,80,SOUTH CENTRAL,2000,all,135.8
19135,IA,Monroe,80,SOUTH CENTRAL,2001,all,115.9
19135,IA,Monroe,80,SOUTH CENTRAL,2002,all,158.0
19135,IA,Monroe,80,SOUTH CENTRAL,2003,all,129.6
19135,IA,Monroe,80,SOUTH CENTRAL,2004,all,171.3
19135,IA,Monroe,80,SOUTH CENTRAL,2005,all,154.3
19135,IA,Monroe,80,SOUTH CENTRAL,2006,all,137.0
19135,IA,Monroe,80,SOUTH CENTRAL,2007,all,161.3
19135,IA,Monroe,80,SOUTH CENTRAL,2008,all,136.0
19135,IA,Monroe,80,SOUTH CENTRAL,2009,all,156.3
19135,IA,Monroe,80,SOUTH CENTRAL,2010,all,77.4
19135,IA,Monroe,80,SOUTH CENTRAL,2011,all,112.5
19135,IA,Monroe,80,SOUTH CENTRAL,2012,all,67.3
19135,IA,Monroe,80,SOUTH CENTRAL,2013,all,115.3
19135,IA,Monroe,80,SOUTH CENTRAL,2014,all,175.7
19135,IA,Monroe,80,SOUTH CENTRAL,2016,all,180.0
19135,IA,Monroe,80,SOUTH CENTRAL,2017,all,169.9
19135,IA,Monroe,80,SOUTH CENTRAL,2018,all,167.0
19135,IA,Monroe,80,SOUTH CENTRAL,2019,all,162.3
19135,IA,Monroe,80,SOUTH CENTRAL,2020,all,153.8
19135,IA,Monroe,80,SOUTH CENTRAL,2021,all,166.1
19135,IA,Monroe,80,SOUTH CENTRAL,2022,all,145.4
19135,IA,Monroe,80,SOUTH CENTRAL,2023,all,181.1
19135,IA,Monroe,80,SOUTH CENTRAL,2024,all,191.7
19135,IA,Monroe,80,SOUTH CENTRAL,2025,all,186.4
19137,IA,Montgomery,70,SOUTHWEST,2000,all,141.6
19137,IA,Montgomery,70,SOUTHWEST,2001,all,132.9
19137,IA,Montgomery,70,SOUTHWEST,2002,all,141.1
19137,IA,Montgomery,70,SOUTHWEST,2003,all,129.5
19137,IA,Montgomery,70,SOUTHWEST,2004,all,183.3
19137,IA,Montgomery,70,SOUTHWEST,2005,all,158.1
19137,IA,Montgomery,70,SOUTHWEST,2006,all,163.9
19137,IA,Montgomery,70,SOUTHWEST,2007,all,145.1
19137,IA,Montgomery,70,SOUTHWEST,2008,all,160.0
19137,IA,Montgomery,70,SOUTHWEST,2009,all,191.2
19137,IA,Montgomery,70,SOUTHWEST,2010,all,157.0
19137,IA,Montgomery,70,SOUTHWEST,2011,all,153.2
19137,IA,Montgomery,70,SOUTHWEST,2012,all,132.0
19137,IA,Montgomery,70,SOUTHWEST,2013,all,154.0
19137,IA,Montgomery,70,SOUTHWEST,2014,all,163.1
19137,IA,Montgomery,70,SOUTHWEST,2015,all,185.2
19137,IA,Montgomery,70,SOUTHWEST,2016,all,185.5
19137,IA,Montgomery,70,SOUTHWEST,2017,all,199.1
19137,IA,Montgomery,70,SOUTHWEST,2018,all,191.5
19137,IA,Montgomery,70,SOUTHWEST,2019,all,204.8
19137,IA,Montgomery,70,SOUTHWEST,2020,all,184.6
19137,IA,Montgomery,70,SOUTHWEST,2021,all,204.9
19137,IA,Montgomery,70,SOUTHWEST,2022,all,187.8
19137,IA,Montgomery,70,SOUTHWEST,2023,all,206.2
19137,IA,Montgomery,70,SOUTHWEST,2024,all,215.8
19137,IA,Montgomery,70,SOUTHWEST,2025,all,197.6
19139,IA,Muscatine,60,EAST CENTRAL,2000,all,145.7
19139,IA,Muscatine,60,EAST CENTRAL,2001,all,150.3
19139,IA,Muscatine,60,EAST CENTRAL,2002,all,170.9
19139,IA,Muscatine,60,EAST CENTRAL,2003,all,168.0
19139,IA,Muscatine,60,EAST CENTRAL,2004,all,180.0
19139,IA,Muscatine,60,EAST CENTRAL,2005,all,135.3
19139,IA,Muscatine,60,EAST CENTRAL,2006,all,166.4
19139,IA,Muscatine,60,EAST CENTRAL,2007,all,180.6
19139,IA,Muscatine,60,EAST CENTRAL,2008,all,166.0
19139,IA,Muscatine,60,EAST CENTRAL,2009,all,166.6
19139,IA,Muscatine,60,EAST CENTRAL,2010,all,144.8
19139,IA,Muscatine,60,EAST CENTRAL,2011,all,164.6
19139,IA,Muscatine,60,EAST CENTRAL,2012,all,152.6
19139,IA,Muscatine,60,EAST CENTRAL,2013,all,158.3
19139,IA,Muscatine,60,EAST CENTRAL,2014,all,188.1
19139,IA,Muscatine,60,EAST CENTRAL,2015,all,177.7
19139,IA,Muscatine,60,EAST CENTRAL,2016,all,203.0
19139,IA,Muscatine,60,EAST CENTRAL,2017,all,206.8
19139,IA,Muscatine,60,EAST CENTRAL,2018,all,209.6
19139,IA,Muscatine,60,EAST CENTRAL,2019,all,173.2
19139,IA,Muscatine,60,EAST CENTRAL,2020,all,172.8
19139,IA,Muscatine,60,EAST CENTRAL,2021,all,204.5
19139,IA,Muscatine,60,EAST CENTRAL,2022,all,213.1
19139,IA,Muscatine,60,EAST CENTRAL,2023,all,211.9
19139,IA,Muscatine,60,EAST CENTRAL,2024,all,220.4
19139,IA,Muscatine,60,EAST CENTRAL,2025,all,207.1
19141,IA,O Brien,10,NORTHWEST,2000,all,151.4
19141,IA,O Brien,10,NORTHWEST,2001,all,151.6
19141,IA,O Brien,10,NORTHWEST,2002,all,151.7
19141,IA,O Brien,10,NORTHWEST,2003,all,169.0
19141,IA,O Brien,10,NORTHWEST,2004,all,182.3
19141,IA,O Brien,10,NORTHWEST,2005,all,185.0
19141,IA,O Brien,10,NORTHWEST,2006,all,166.0
19141,IA,O Brien,10,NORTHWEST,2007,all,167.7
19141,IA,O Brien,10,NORTHWEST,2008,all,195.0
19141,IA,O Brien,10,NORTHWEST,2009,all,198.0
19141,IA,O Brien,10,NORTHWEST,2010,all,190.7
19141,IA,O Brien,10,NORTHWEST,2011,all,185.1
19141,IA,O Brien,10,NORTHWEST,2012,all,159.8
19141,IA,O Brien,10,NORTHWEST,2013,all,195.3
19141,IA,O Brien,10,NORTHWEST,2014,all,180.3
19141,IA,O Brien,10,NORTHWEST,2015,all,205.2
19141,IA,O Brien,10,NORTHWEST,2016,all,210.7
19141,IA,O Brien,10,NORTHWEST,2017,all,213.8
19141,IA,O Brien,10,NORTHWEST,2018,all,201.6
19141,IA,O Brien,10,NORTHWEST,2019,all,204.9
19141,IA,O Brien,10,NORTHWEST,2020,all,199.5
19141,IA,O Brien,10,NORTHWEST,2021,all,213.5
19141,IA,O Brien,10,NORTHWEST,2022,all,201.1
19141,IA,O Brien,10,NORTHWEST,2023,all,212.7
19141,IA,O Brien,10,NORTHWEST,2024,all,199.0
19141,IA,O Brien,10,NORTHWEST,2025,all,220.1
19143,IA,Osceola,10,NORTHWEST,2000,all,154.1
19143,IA,Osceola,10,NORTHWEST,2001,all,127.2
19143,IA,Osceola,10,NORTHWEST,2002,all,148.6
19143,IA,Osceola,10,NORTHWEST,2003,all,155.8
19143,IA,Osceola,10,NORTHWEST,2004,all,187.3
19143,IA,Osceola,10,NORTHWEST,2005,all,185.8
19143,IA,Osceola,10,NORTHWEST,2006,all,165.4
19143,IA,Osceola,10,NORTHWEST,2007,all,171.4
19143,IA,Osceola,10,NORTHWEST,2008,all,175.0
19143,IA,Osceola,10,NORTHWEST,2009,all,193.6
19143,IA,Osceola,10,NORTHWEST,2010,all,192.7
19143,IA,Osceola,10,NORTHWEST,2011,all,184.4
19143,IA,Osceola,10,NORTHWEST,2012,all,169.6
19143,IA,Osceola,10,NORTHWEST,2013,all,182.0
19143,IA,Osceola,10,NORTHWEST,2014,all,175.4
19143,IA,Osceola,10,NORTHWEST,2015,all,204.7
19143,IA,Osceola,10,NORTHWEST,2016,all,203.7
19143,IA,Osceola,10,NORTHWEST,2017,all,211.6
19143,IA,Osceola,10,NORTHWEST,2018,all,180.2
19143,IA,Osceola,10,NORTHWEST,2019,all,182.5
19143,IA,Osceola,10,NORTHWEST,2020,all,185.3
19143,IA,Osceola,10,NORTHWEST,2021,all,208.0
19143,IA,Osceola,10,NORTHWEST,2022,all,197.5
19143,IA,Osceola,10,NORTHWEST,2023,all,203.7
19143,IA,Osceola,10,NORTHWEST,2025,all,230.1
19145,IA,Page,70,SOUTHWEST,2000,all,136.3
19145,IA,Page,70,SOUTHWEST,2001,all,133.3
19145,IA,Page,70,SOUTHWEST,2002,all,100.0
19145,IA,Page,70,SOUTHWEST,2003,all,126.3
19145,IA,Page,70,SOUTHWEST,2004,all,179.9
19145,IA,Page,70,SOUTHWEST,2005,all,164.7
19145,IA,Page,70,SOUTHWEST,2006,all,152.5
19145,IA,Page,70,SOUTHWEST,2007,all,139.5
19145,IA,Page,70,SOUTHWEST,2008,all,133.0
19145,IA,Page,70,SOUTHWEST,2009,all,176.8
19145,IA,Page,70,SOUTHWEST,2010,all,150.1
19145,IA,Page,70,SOUTHWEST,2011,all,136.2
19145,IA,Page,70,SOUTHWEST,2012,all,116.2
19145,IA,Page,70,SOUTHWEST,2013,all,154.5
19145,IA,Page,70,SOUTHWEST,2014,all,182.4
19145,IA,Page,70,SOUTHWEST,2015,all,165.8
19145,IA,Page,70,SOUTHWEST,2016,all,185.8
19145,IA,Page,70,SOUTHWEST,2017,all,193.1
19145,IA,Page,70,SOUTHWEST,2018,all,188.1
19145,IA,Page,70,SOUTHWEST,2019,all,191.3
19145,IA,Page,70,SOUTHWEST,2020,all,181.6
19145,IA,Page,70,SOUTHWEST,2021,all,206.9
19145,IA,Page,70,SOUTHWEST,2022,all,174.5
19145,IA,Page,70,SOUTHWEST,2023,all,206.6
19145,IA,Page,70,SOUTHWEST,2024,all,209.1
19147,IA,Palo Alto,10,NORTHWEST,2000,all,154.2
19147,IA,Palo Alto,10,NORTHWEST,2001,all,145.3
19147,IA,Palo Alto,10,NORTHWEST,2002,all,158.5
19147,IA,Palo Alto,10,NORTHWEST,2003,all,165.6
19147,IA,Palo Alto,10,NORTHWEST,2004,all,182.9
19147,IA,Palo Alto,10,NORTHWEST,2005,all,186.5
19147,IA,Palo Alto,10,NORTHWEST,2006,all,163.0
19147,IA,Palo Alto,10,NORTHWEST,2007,all,170.8
19147,IA,Palo Alto,10,NORTHWEST,2008,all,176.0
19147,IA,Palo Alto,10,NORTHWEST,2009,all,188.1
19147,IA,Palo Alto,10,NORTHWEST,2010,all,174.0
19147,IA,Palo Alto,10,NORTHWEST,2011,all,174.6
19147,IA,Palo Alto,10,NORTHWEST,2012,all,170.6
19147,IA,Palo Alto,10,NORTHWEST,2013,all,168.8
19147,IA,Palo Alto,10,NORTHWEST,2014,all,164.6
19147,IA,Palo Alto,10,NORTHWEST,2015,all,197.5
19147,IA,Palo Alto,10,NORTHWEST,2016,all,196.0
19147,IA,Palo Alto,10,NORTHWEST,2017,all,195.4
19147,IA,Palo Alto,10,NORTHWEST,2018,all,157.9
19147,IA,Palo Alto,10,NORTHWEST,2019,all,198.3
19147,IA,Palo Alto,10,NORTHWEST,2020,all,181.1
19147,IA,Palo Alto,10,NORTHWEST,2021,all,190.1
19147,IA,Palo Alto,10,NORTHWEST,2022,all,195.8
19147,IA,Palo Alto,10,NORTHWEST,2023,all,211.7
19147,IA,Palo Alto,10,NORTHWEST,2024,all,182.3
19147,IA,Palo Alto,10,NORTHWEST,2025,all,209.9
19149,IA,Plymouth,10,NORTHWEST,2000,all,119.9
19149,IA,Plymouth,10,NORTHWEST,2001,all,138.8
19149,IA,Plymouth,10,NORTHWEST,2002,all,163.5
19149,IA,Plymouth,10,NORTHWEST,2003,all,158.7
19149,IA,Plymouth,10,NORTHWEST,2004,all,185.6
19149,IA,Plymouth,10,NORTHWEST,2005,all,171.8
19149,IA,Plymouth,10,NORTHWEST,2006,all,137.1
19149,IA,Plymouth,10,NORTHWEST,2007,all,150.8
19149,IA,Plymouth,10,NORTHWEST,2008,all,191.0
19149,IA,Plymouth,10,NORTHWEST,2009,all,201.1
19149,IA,Plymouth,10,NORTHWEST,2010,all,184.7
19149,IA,Plymouth,10,NORTHWEST,2011,all,164.5
19149,IA,Plymouth,10,NORTHWEST,2012,all,110.1
19149,IA,Plymouth,10,NORTHWEST,2013,all,188.9
19149,IA,Plymouth,10,NORTHWEST,2014,all,187.3
19149,IA,Plymouth,10,NORTHWEST,2015,all,203.6
19149,IA,Plymouth,10,NORTHWEST,2016,all,209.2
19149,IA,Plymouth,10,NORTHWEST,2017,all,193.0
19149,IA,Plymouth,10,NORTHWEST,2018,all,213.8
19149,IA,Plymouth,10,NORTHWEST,2019,all,217.8
19149,IA,Plymouth,10,NORTHWEST,2021,all,190.9
19149,IA,Plymouth,10,NORTHWEST,2022,all,171.8
19149,IA,Plymouth,10,NORTHWEST,2023,all,205.7
19149,IA,Plymouth,10,NORTHWEST,2024,all,195.6
19151,IA,Pocahontas,10,NORTHWEST,2000,all,155.6
19151,IA,Pocahontas,10,NORTHWEST,2001,all,135.3
19151,IA,Pocahontas,10,NORTHWEST,2002,all,167.6
19151,IA,Pocahontas,10,NORTHWEST,2003,all,168.1
19151,IA,Pocahontas,10,NORTHWEST,2004,all,195.5
19151,IA,Pocahontas,10,NORTHWEST,2005,all,183.3
19151,IA,Pocahontas,10,NORTHWEST,2006,all,166.5
19151,IA,Pocahontas,10,NORTHWEST,2007,all,167.1
19151,IA,Pocahontas,10,NORTHWEST,2008,all,178.0
19151,IA,Pocahontas,10,NORTHWEST,2009,all,190.1
19151,IA,Pocahontas,10,NORTHWEST,2010,all,172.6
19151,IA,Pocahontas,10,NORTHWEST,2011,all,181.2
19151,IA,Pocahontas,10,NORTHWEST,2012,all,165.3
19151,IA,Pocahontas,10,NORTHWEST,2013,all,163.8
19151,IA,Pocahontas,10,NORTHWEST,2014,all,174.8
19151,IA,Pocahontas,10,NORTHWEST,2015,all,205.5
19151,IA,Pocahontas,10,NORTHWEST,2016,all,206.8
19151,IA,Pocahontas,10,NORTHWEST,2017,all,190.9
19151,IA,Pocahontas,10,NORTHWEST,2018,all,179.2
19151,IA,Pocahontas,10,NORTHWEST,2020,all,186.2
19151,IA,Pocahontas,10,NORTHWEST,2021,all,213.9
19151,IA,Pocahontas,10,NORTHWEST,2022,all,198.2
19151,IA,Pocahontas,10,NORTHWEST,2023,all,218.1
19151,IA,Pocahontas,10,NORTHWEST,2024,all,203.0
19151,IA,Pocahontas,10,NORTHWEST,2025,all,210.2
19153,IA,Polk,50,CENTRAL,2000,all,154.8
19153,IA,Polk,50,CENTRAL,2001,all,148.7
19153,IA,Polk,50,CENTRAL,2002,all,175.7
19153,IA,Polk,50,CENTRAL,2003,all,165.3
19153,IA,Polk,50,CENTRAL,2004,all,183.4
19153,IA,Polk,50,CENTRAL,2005,all,174.7
19153,IA,Polk,50,CENTRAL,2006,all,171.9
19153,IA,Polk,50,CENTRAL,2007,all,177.8
19153,IA,Polk,50,CENTRAL,2008,all,154.0
19153,IA,Polk,50,CENTRAL,2009,all,178.6
19153,IA,Polk,50,CENTRAL,2010,all,139.4
19153,IA,Polk,50,CENTRAL,2011,all,160.6
19153,IA,Polk,50,CENTRAL,2012,all,149.1
19153,IA,Polk,50,CENTRAL,2013,all,143.6
19153,IA,Polk,50,CENTRAL,2014,all,181.4
19153,IA,Polk,50,CENTRAL,2015,all,187.0
19153,IA,Polk,50,CENTRAL,2016,all,199.8
19153,IA,Polk,50,CENTRAL,2017,all,200.3
19153,IA,Polk,50,CENTRAL,2018,all,186.2
19153,IA,Polk,50,CENTRAL,2019,all,196.6
19153,IA,Polk,50,CENTRAL,2020,all,150.2
19153,IA,Polk,50,CENTRAL,2021,all,217.5
19153,IA,Polk,50,CENTRAL,2022,all,188.6
19153,IA,Polk,50,CENTRAL,2023,all,206.4
19153,IA,Polk,50,CENTRAL,2024,all,218.0
19153,IA,Polk,50,CENTRAL,2025,all,203.6
19155,IA,Pottawattamie,70,SOUTHWEST,2000,all,139.1
19155,IA,Pottawattamie,70,SOUTHWEST,2001,all,138.0
19155,IA,Pottawattamie,70,SOUTHWEST,2002,all,140.0
19155,IA,Pottawattamie,70,SOUTHWEST,2003,all,127.0
19155,IA,Pottawattamie,70,SOUTHWEST,2004,all,189.7
19155,IA,Pottawattamie,70,SOUTHWEST,2005,all,171.1
19155,IA,Pottawattamie,70,SOUTHWEST,2006,all,171.6
19155,IA,Pottawattamie,70,SOUTHWEST,2007,all,162.4
19155,IA,Pottawattamie,70,SOUTHWEST,2008,all,178.0
19155,IA,Pottawattamie,70,SOUTHWEST,2009,all,192.4
19155,IA,Pottawattamie,70,SOUTHWEST,2010,all,164.8
19155,IA,Pottawattamie,70,SOUTHWEST,2011,all,170.9
19155,IA,Pottawattamie,70,SOUTHWEST,2012,all,131.9
19155,IA,Pottawattamie,70,SOUTHWEST,2013,all,179.4
19155,IA,Pottawattamie,70,SOUTHWEST,2014,all,169.1
19155,IA,Pottawattamie,70,SOUTHWEST,2015,all,204.0
19155,IA,Pottawattamie,70,SOUTHWEST,2016,all,210.4
19155,IA,Pottawattamie,70,SOUTHWEST,2017,all,195.8
19155,IA,Pottawattamie,70,SOUTHWEST,2019,all,208.0
19155,IA,Pottawattamie,70,SOUTHWEST,2020,all,176.3
19155,IA,Pottawattamie,70,SOUTHWEST,2021,all,216.3
19155,IA,Pottawattamie,70,SOUTHWEST,2022,all,195.0
19155,IA,Pottawattamie,70,SOUTHWEST,2023,all,198.5
19157,IA,Poweshiek,50,CENTRAL,2000,all,148.9
19157,IA,Poweshiek,50,CENTRAL,2001,all,150.2
19157,IA,Poweshiek,50,CENTRAL,2002,all,176.5
19157,IA,Poweshiek,50,CENTRAL,2003,all,172.9
19157,IA,Poweshiek,50,CENTRAL,2004,all,186.2
19157,IA,Poweshiek,50,CENTRAL,2005,all,176.4
19157,IA,Poweshiek,50,CENTRAL,2006,all,182.3
19157,IA,Poweshiek,50,CENTRAL,2007,all,182.6
19157,IA,Poweshiek,50,CENTRAL,2008,all,170.0
19157,IA,Poweshiek,50,CENTRAL,2009,all,184.5
19157,IA,Poweshiek,50,CENTRAL,2010,all,153.2
19157,IA,Poweshiek,50,CENTRAL,2011,all,179.0
19157,IA,Poweshiek,50,CENTRAL,2012,all,152.3
19157,IA,Poweshiek,50,CENTRAL,2013,all,158.5
19157,IA,Poweshiek,50,CENTRAL,2014,all,188.4
19157,IA,Poweshiek,50,CENTRAL,2015,all,197.8
19157,IA,Poweshiek,50,CENTRAL,2016,all,213.2
19157,IA,Poweshiek,50,CENTRAL,2017,all,215.1
19157,IA,Poweshiek,50,CENTRAL,2018,all,218.7
19157,IA,Poweshiek,50,CENTRAL,2019,all,200.3
19157,IA,Poweshiek,50,CENTRAL,2020,all,138.2
19157,IA,Poweshiek,50,CENTRAL,2021,all,201.0
19157,IA,Poweshiek,50,CENTRAL,2022,all,193.3
19157,IA,Poweshiek,50,CENTRAL,2023,all,204.9
19157,IA,Poweshiek,50,CENTRAL,2024,all,223.0
19157,IA,Poweshiek,50,CENTRAL,2025,all,217.2
19159,IA,Ringgold,80,SOUTH CENTRAL,2000,all,144.0
19159,IA,Ringgold,80,SOUTH CENTRAL,2001,all,108.3
19159,IA,Ringgold,80,SOUTH CENTRAL,2002,all,128.6
19159,IA,Ringgold,80,SOUTH CENTRAL,2003,all,104.8
19159,IA,Ringgold,80,SOUTH CENTRAL,2004,all,153.0
19159,IA,Ringgold,80,SOUTH CENTRAL,2005,all,153.8
19159,IA,Ringgold,80,SOUTH CENTRAL,2006,all,142.3
19159,IA,Ringgold,80,SOUTH CENTRAL,2007,all,140.5
19159,IA,Ringgold,80,SOUTH CENTRAL,2008,all,115.0
19159,IA,Ringgold,80,SOUTH CENTRAL,2009,all,134.4
19159,IA,Ringgold,80,SOUTH CENTRAL,2010,all,94.1
19159,IA,Ringgold,80,SOUTH CENTRAL,2011,all,118.7
19159,IA,Ringgold,80,SOUTH CENTRAL,2012,all,71.6
19159,IA,Ringgold,80,SOUTH CENTRAL,2013,all,121.1
19159,IA,Ringgold,80,SOUTH CENTRAL,2014,all,166.4
19159,IA,Ringgold,80,SOUTH CENTRAL,2015,all,147.8
19159,IA,Ringgold,80,SOUTH CENTRAL,2016,all,179.5
19159,IA,Ringgold,80,SOUTH CENTRAL,2017,all,167.8
19159,IA,Ringgold,80,SOUTH CENTRAL,2018,all,153.3
19159,IA,Ringgold,80,SOUTH CENTRAL,2020,all,159.1
19159,IA,Ringgold,80,SOUTH CENTRAL,2021,all,175.8
19159,IA,Ringgold,80,SOUTH CENTRAL,2022,all,151.8
19161,IA,Sac,40,WEST CENTRAL,2000,all,128.2
19161,IA,Sac,40,WEST CENTRAL,2001,all,152.7
19161,IA,Sac,40,WEST CENTRAL,2002,all,166.2
19161,IA,Sac,40,WEST CENTRAL,2003,all,155.5
19161,IA,Sac,40,WEST CENTRAL,2004,all,184.3
19161,IA,Sac,40,WEST CENTRAL,2005,all,185.8
19161,IA,Sac,40,WEST CENTRAL,2006,all,134.0
19161,IA,Sac,40,WEST CENTRAL,2007,all,173.9
19161,IA,Sac,40,WEST CENTRAL,2008,all,184.0
19161,IA,Sac,40,WEST CENTRAL,2009,all,184.5
19161,IA,Sac,40,WEST CENTRAL,2010,all,189.7
19161,IA,Sac,40,WEST CENTRAL,2011,all,183.4
19161,IA,Sac,40,WEST CENTRAL,2012,all,130.7
19161,IA,Sac,40,WEST CENTRAL,2013,all,142.6
19161,IA,Sac,40,WEST CENTRAL,2014,all,179.8
19161,IA,Sac,40,WEST CENTRAL,2015,all,204.8
19161,IA,Sac,40,WEST CENTRAL,2016,all,214.3
19161,IA,Sac,40,WEST CENTRAL,2017,all,194.5
19161,IA,Sac,40,WEST CENTRAL,2018,all,213.5
19161,IA,Sac,40,WEST CENTRAL,2019,all,220.6
19161,IA,Sac,40,WEST CENTRAL,2020,all,161.0
19161,IA,Sac,40,WEST CENTRAL,2021,all,231.0
19161,IA,Sac,40,WEST CENTRAL,2022,all,212.4
19161,IA,Sac,40,WEST CENTRAL,2023,all,199.1
19161,IA,Sac,40,WEST CENTRAL,2024,all,229.1
19161,IA,Sac,40,WEST CENTRAL,2025,all,224.3
19163,IA,Scott,60,EAST CENTRAL,2000,all,152.7
19163,IA,Scott,60,EAST CENTRAL,2001,all,173.6
19163,IA,Scott,60,EAST CENTRAL,2002,all,195.3
19163,IA,Scott,60,EAST CENTRAL,2003,all,180.9
19163,IA,Scott,60,EAST CENTRAL,2004,all,191.9
19163,IA,Scott,60,EAST CENTRAL,2005,all,148.9
19163,IA,Scott,60,EAST CENTRAL,2006,all,170.5
19163,IA,Scott,60,EAST CENTRAL,2007,all,182.2
19163,IA,Scott,60,EAST CENTRAL,2008,all,184.0
19163,IA,Scott,60,EAST CENTRAL,2009,all,184.1
19163,IA,Scott,60,EAST CENTRAL,2010,all,151.9
19163,IA,Scott,60,EAST CENTRAL,2011,all,174.2
19163,IA,Scott,60,EAST CENTRAL,2012,all,131.7
19163,IA,Scott,60,EAST CENTRAL,2013,all,167.8
19163,IA,Scott,60,EAST CENTRAL,2014,all,194.5
19163,IA,Scott,60,EAST CENTRAL,2015,all,195.9
19163,IA,Scott,60,EAST CENTRAL,2016,all,216.0
19163,IA,Scott,60,EAST CENTRAL,2017,all,220.0
19163,IA,Scott,60,EAST CENTRAL,2018,all,214.0
19163,IA,Scott,60,EAST CENTRAL,2019,all,189.4
19163,IA,Scott,60,EAST CENTRAL,2020,all,181.3
19163,IA,Scott,60,EAST CENTRAL,2021,all,206.8
19163,IA,Scott,60,EAST CENTRAL,2022,all,216.2
19163,IA,Scott,60,EAST CENTRAL,2023,all,210.1
19163,IA,Scott,60,EAST CENTRAL,2024,all,234.2
19163,IA,Scott,60,EAST CENTRAL,2025,all,224.5
19165,IA,Shelby,40,WEST CENTRAL,2000,all,126.6
19165,IA,Shelby,40,WEST CENTRAL,2001,all,139.8
19165,IA,Shelby,40,WEST CENTRAL,2002,all,147.1
19165,IA,Shelby,40,WEST CENTRAL,2003,all,134.4
19165,IA,Shelby,40,WEST CENTRAL,2004,all,177.1
19165,IA,Shelby,40,WEST CENTRAL,2005,all,171.7
19165,IA,Shelby,40,WEST CENTRAL,2006,all,171.2
19165,IA,Shelby,40,WEST CENTRAL,2007,all,167.3
19165,IA,Shelby,40,WEST CENTRAL,2008,all,190.0
19165,IA,Shelby,40,WEST CENTRAL,2009,all,202.9
19165,IA,Shelby,40,WEST CENTRAL,2010,all,171.6
19165,IA,Shelby,40,WEST CENTRAL,2011,all,173.6
19165,IA,Shelby,40,WEST CENTRAL,2012,all,137.8
19165,IA,Shelby,40,WEST CENTRAL,2013,all,182.6
19165,IA,Shelby,40,WEST CENTRAL,2014,all,185.2
19165,IA,Shelby,40,WEST CENTRAL,2015,all,195.3
19165,IA,Shelby,40,WEST CENTRAL,2016,all,215.3
19165,IA,Shelby,40,WEST CENTRAL,2017,all,207.1
19165,IA,Shelby,40,WEST CENTRAL,2018,all,189.1
19165,IA,Shelby,40,WEST CENTRAL,2019,all,217.3
19165,IA,Shelby,40,WEST CENTRAL,2020,all,190.5
19165,IA,Shelby,40,WEST CENTRAL,2022,all,209.0
19165,IA,Shelby,40,WEST CENTRAL,2023,all,196.0
19167,IA,Sioux,10,NORTHWEST,2000,all,150.0
19167,IA,Sioux,10,NORTHWEST,2001,all,160.2
19167,IA,Sioux,10,NORTHWEST,2002,all,165.7
19167,IA,Sioux,10,NORTHWEST,2003,all,169.7
19167,IA,Sioux,10,NORTHWEST,2004,all,187.6
19167,IA,Sioux,10,NORTHWEST,2005,all,185.3
19167,IA,Sioux,10,NORTHWEST,2006,all,162.9
19167,IA,Sioux,10,NORTHWEST,2007,all,156.9
19167,IA,Sioux,10,NORTHWEST,2008,all,195.0
19167,IA,Sioux,10,NORTHWEST,2009,all,201.7
19167,IA,Sioux,10,NORTHWEST,2010,all,196.5
19167,IA,Sioux,10,NORTHWEST,2011,all,177.6
19167,IA,Sioux,10,NORTHWEST,2012,all,143.2
19167,IA,Sioux,10,NORTHWEST,2013,all,194.1
19167,IA,Sioux,10,NORTHWEST,2014,all,187.4
19167,IA,Sioux,10,NORTHWEST,2015,all,201.9
19167,IA,Sioux,10,NORTHWEST,2016,all,212.2
19167,IA,Sioux,10,NORTHWEST,2017,all,220.7
19167,IA,Sioux,10,NORTHWEST,2018,all,211.9
19167,IA,Sioux,10,NORTHWEST,2019,all,192.1
19167,IA,Sioux,10,NORTHWEST,2020,all,201.8
19167,IA,Sioux,10,NORTHWEST,2021,all,220.6
19167,IA,Sioux,10,NORTHWEST,2022,all,196.6
19167,IA,Sioux,10,NORTHWEST,2023,all,211.4
19169,IA,Story,50,CENTRAL,2000,all,157.4
19169,IA,Story,50,CENTRAL,2001,all,150.4
19169,IA,Story,50,CENTRAL,2002,all,177.1
19169,IA,Story,50,CENTRAL,2003,all,164.5
19169,IA,Story,50,CENTRAL,2004,all,188.1
19169,IA,Story,50,CENTRAL,2005,all,187.6
19169,IA,Story,50,CENTRAL,2006,all,184.1
19169,IA,Story,50,CENTRAL,2007,all,180.7
19169,IA,Story,50,CENTRAL,2008,all,160.0
19169,IA,Story,50,CENTRAL,2009,all,174.7
19169,IA,Story,50,CENTRAL,2010,all,163.9
19169,IA,Story,50,CENTRAL,2011,all,163.2
19169,IA,Story,50,CENTRAL,2012,all,157.6
19169,IA,Story,50,CENTRAL,2013,all,137.2
19169,IA,Story,50,CENTRAL,2014,all,169.9
19169,IA,Story,50,CENTRAL,2015,all,188.0
19169,IA,Story,50,CENTRAL,2016,all,211.9
19169,IA,Story,50,CENTRAL,2017,all,200.3
19169,IA,Story,50,CENTRAL,2018,all,192.3
19169,IA,Story,50,CENTRAL,2019,all,189.3
19169,IA,Story,50,CENTRAL,2020,all,148.4
19169,IA,Story,50,CENTRAL,2021,all,201.2
19169,IA,Story,50,CENTRAL,2022,all,207.1
19169,IA,Story,50,CENTRAL,2023,all,211.4
19169,IA,Story,50,CENTRAL,2024,all,215.5
19169,IA,Story,50,CENTRAL,2025,all,204.0
19171,IA,Tama,50,CENTRAL,2000,all,144.9
19171,IA,Tama,50,CENTRAL,2001,all,156.8
19171,IA,Tama,50,CENTRAL,2002,all,186.8
19171,IA,Tama,50,CENTRAL,2003,all,156.2
19171,IA,Tama,50,CENTRAL,2004,all,186.5
19171,IA,Tama,50,CENTRAL,2005,all,181.4
19171,IA,Tama,50,CENTRAL,2006,all,172.7
19171,IA,Tama,50,CENTRAL,2007,all,174.8
19171,IA,Tama,50,CENTRAL,2008,all,179.0
19171,IA,Tama,50,CENTRAL,2009,all,182.3
19171,IA,Tama,50,CENTRAL,2010,all,176.7
19171,IA,Tama,50,CENTRAL,2011,all,162.0
19171,IA,Tama,50,CENTRAL,2012,all,160.2
19171,IA,Tama,50,CENTRAL,2013,all,158.7
19171,IA,Tama,50,CENTRAL,2014,all,182.7
19171,IA,Tama,50,CENTRAL,2015,all,189.5
19171,IA,Tama,50,CENTRAL,2016,all,208.4
19171,IA,Tama,50,CENTRAL,2017,all,220.6
19171,IA,Tama,50,CENTRAL,2018,all,224.3
19171,IA,Tama,50,CENTRAL,2019,all,204.8
19171,IA,Tama,50,CENTRAL,2020,all,132.7
19171,IA,Tama,50,CENTRAL,2021,all,213.9
19171,IA,Tama,50,CENTRAL,2022,all,203.3
19171,IA,Tama,50,CENTRAL,2023,all,197.4
19173,IA,Taylor,70,SOUTHWEST,2000,all,140.7
19173,IA,Taylor,70,SOUTHWEST,2001,all,114.9
19173,IA,Taylor,70,SOUTHWEST,2002,all,126.6
19173,IA,Taylor,70,SOUTHWEST,2003,all,116.4
19173,IA,Taylor,70,SOUTHWEST,2004,all,157.9
19173,IA,Taylor,70,SOUTHWEST,2005,all,156.8
19173,IA,Taylor,70,SOUTHWEST,2006,all,142.4
19173,IA,Taylor,70,SOUTHWEST,2007,all,137.6
19173,IA,Taylor,70,SOUTHWEST,2008,all,135.0
19173,IA,Taylor,70,SOUTHWEST,2009,all,150.2
19173,IA,Taylor,70,SOUTHWEST,2010,all,122.2
19173,IA,Taylor,70,SOUTHWEST,2011,all,140.5
19173,IA,Taylor,70,SOUTHWEST,2012,all,91.7
19173,IA,Taylor,70,SOUTHWEST,2013,all,136.2
19173,IA,Taylor,70,SOUTHWEST,2014,all,178.8
19173,IA,Taylor,70,SOUTHWEST,2016,all,159.9
19173,IA,Taylor,70,SOUTHWEST,2017,all,175.0
19173,IA,Taylor,70,SOUTHWEST,2018,all,154.4
19173,IA,Taylor,70,SOUTHWEST,2019,all,161.7
19173,IA,Taylor,70,SOUTHWEST,2020,all,166.2
19173,IA,Taylor,70,SOUTHWEST,2021,all,192.0
19173,IA,Taylor,70,SOUTHWEST,2022,all,172.1
19173,IA,Taylor,70,SOUTHWEST,2023,all,192.9
19173,IA,Taylor,70,SOUTHWEST,2024,all,192.7
19173,IA,Taylor,70,SOUTHWEST,2025,all,176.6
19175,IA,Union,80,SOUTH CENTRAL,2000,all,136.5
19175,IA,Union,80,SOUTH CENTRAL,2001,all,127.3
19175,IA,Union,80,SOUTH CENTRAL,2002,all,142.2
19175,IA,Union,80,SOUTH CENTRAL,2003,all,106.7
19175,IA,Union,80,SOUTH CENTRAL,2004,all,160.4
19175,IA,Union,80,SOUTH CENTRAL,2005,all,157.2
19175,IA,Union,80,SOUTH CENTRAL,2006,all,153.6
19175,IA,Union,80,SOUTH CENTRAL,2007,all,154.1
19175,IA,Union,80,SOUTH CENTRAL,2008,all,148.0
19175,IA,Union,80,SOUTH CENTRAL,2009,all,153.8
19175,IA,Union,80,SOUTH CENTRAL,2010,all,113.2
19175,IA,Union,80,SOUTH CENTRAL,2011,all,132.6
19175,IA,Union,80,SOUTH CENTRAL,2012,all,87.3
19175,IA,Union,80,SOUTH CENTRAL,2013,all,137.0
19175,IA,Union,80,SOUTH CENTRAL,2014,all,176.1
19175,IA,Union,80,SOUTH CENTRAL,2016,all,183.0
19175,IA,Union,80,SOUTH CENTRAL,2017,all,147.9
19175,IA,Union,80,SOUTH CENTRAL,2018,all,155.8
19175,IA,Union,80,SOUTH CENTRAL,2019,all,168.9
19175,IA,Union,80,SOUTH CENTRAL,2020,all,179.7
19175,IA,Union,80,SOUTH CENTRAL,2021,all,185.2
19175,IA,Union,80,SOUTH CENTRAL,2022,all,149.4
19175,IA,Union,80,SOUTH CENTRAL,2023,all,217.0
19175,IA,Union,80,SOUTH CENTRAL,2025,all,193.1
19177,IA,Van Buren,90,SOUTHEAST,2000,all,146.4
19177,IA,Van Buren,90,SOUTHEAST,2001,all,122.2
19177,IA,Van Buren,90,SOUTHEAST,2002,all,125.6
19177,IA,Van Buren,90,SOUTHEAST,2003,all,141.9
19177,IA,Van Buren,90,SOUTHEAST,2004,all,175.4
19177,IA,Van Buren,90,SOUTHEAST,2005,all,124.0
19177,IA,Van Buren,90,SOUTHEAST,2006,all,157.8
19177,IA,Van Buren,90,SOUTHEAST,2007,all,165.8
19177,IA,Van Buren,90,SOUTHEAST,2008,all,146.0
19177,IA,Van Buren,90,SOUTHEAST,2009,all,148.6
19177,IA,Van Buren,90,SOUTHEAST,2010,all,90.8
19177,IA,Van Buren,90,SOUTHEAST,2011,all,100.9
19177,IA,Van Buren,90,SOUTHEAST,2012,all,110.3
19177,IA,Van Buren,90,SOUTHEAST,2013,all,144.1
19177,IA,Van Buren,90,SOUTHEAST,2014,all,192.2
19177,IA,Van Buren,90,SOUTHEAST,2015,all,158.3
19177,IA,Van Buren,90,SOUTHEAST,2016,all,189.0
19177,IA,Van Buren,90,SOUTHEAST,2017,all,128.2
19177,IA,Van Buren,90,SOUTHEAST,2018,all,180.9
19177,IA,Van Buren,90,SOUTHEAST,2019,all,171.0
19177,IA,Van Buren,90,SOUTHEAST,2020,all,153.5
19177,IA,Van Buren,90,SOUTHEAST,2021,all,162.5
19177,IA,Van Buren,90,SOUTHEAST,2022,all,151.9
19177,IA,Van Buren,90,SOUTHEAST,2023,all,189.3
19179,IA,Wapello,90,SOUTHEAST,2000,all,138.3
19179,IA,Wapello,90,SOUTHEAST,2001,all,141.0
19179,IA,Wapello,90,SOUTHEAST,2002,all,135.5
19179,IA,Wapello,90,SOUTHEAST,2003,all,128.2
19179,IA,Wapello,90,SOUTHEAST,2004,all,183.3
19179,IA,Wapello,90,SOUTHEAST,2005,all,136.1
19179,IA,Wapello,90,SOUTHEAST,2006,all,164.9
19179,IA,Wapello,90,SOUTHEAST,2007,all,167.1
19179,IA,Wapello,90,SOUTHEAST,2008,all,138.0
19179,IA,Wapello,90,SOUTHEAST,2009,all,156.6
19179,IA,Wapello,90,SOUTHEAST,2010,all,100.2
19179,IA,Wapello,90,SOUTHEAST,2011,all,127.3
19179,IA,Wapello,90,SOUTHEAST,2012,all,92.6
19179,IA,Wapello,90,SOUTHEAST,2013,all,150.4
19179,IA,Wapello,90,SOUTHEAST,2014,all,195.2
19179,IA,Wapello,90,SOUTHEAST,2015,all,159.3
19179,IA,Wapello,90,SOUTHEAST,2016,all,196.9
19179,IA,Wapello,90,SOUTHEAST,2017,all,153.0
19179,IA,Wapello,90,SOUTHEAST,2019,all,176.5
19179,IA,Wapello,90,SOUTHEAST,2020,all,170.6
19179,IA,Wapello,90,SOUTHEAST,2021,all,178.0
19179,IA,Wapello,90,SOUTHEAST,2022,all,170.8
19179,IA,Wapello,90,SOUTHEAST,2023,all,202.9
19179,IA,Wapello,90,SOUTHEAST,2025,all,203.6
19181,IA,Warren,80,SOUTH CENTRAL,2000,all,140.1
19181,IA,Warren,80,SOUTH CENTRAL,2001,all,143.9
19181,IA,Warren,80,SOUTH CENTRAL,2002,all,151.1
19181,IA,Warren,80,SOUTH CENTRAL,2003,all,135.8
19181,IA,Warren,80,SOUTH CENTRAL,2004,all,167.6
19181,IA,Warren,80,SOUTH CENTRAL,2005,all,157.1
19181,IA,Warren,80,SOUTH CENTRAL,2006,all,164.9
19181,IA,Warren,80,SOUTH CENTRAL,2007,all,157.4
19181,IA,Warren,80,SOUTH CENTRAL,2008,all,135.0
19181,IA,Warren,80,SOUTH CENTRAL,2009,all,160.2
19181,IA,Warren,80,SOUTH CENTRAL,2010,all,102.4
19181,IA,Warren,80,SOUTH CENTRAL,2011,all,129.1
19181,IA,Warren,80,SOUTH CENTRAL,2012,all,103.5
19181,IA,Warren,80,SOUTH CENTRAL,2013,all,146.7
19181,IA,Warren,80,SOUTH CENTRAL,2014,all,169.9
19181,IA,Warren,80,SOUTH CENTRAL,2015,all,170.3
19181,IA,Warren,80,SOUTH CENTRAL,2016,all,184.6
19181,IA,Warren,80,SOUTH CENTRAL,2017,all,183.2
19181,IA,Warren,80,SOUTH CENTRAL,2018,all,163.6
19181,IA,Warren,80,SOUTH CENTRAL,2020,all,168.0
19181,IA,Warren,80,SOUTH CENTRAL,2022,all,157.8
19181,IA,Warren,80,SOUTH CENTRAL,2023,all,199.2
19181,IA,Warren,80,SOUTH CENTRAL,2025,all,194.3
19183,IA,Washington,90,SOUTHEAST,2000,all,144.1
19183,IA,Washington,90,SOUTHEAST,2001,all,148.1
19183,IA,Washington,90,SOUTHEAST,2002,all,167.4
19183,IA,Washington,90,SOUTHEAST,2003,all,161.5
19183,IA,Washington,90,SOUTHEAST,2004,all,181.9
19183,IA,Washington,90,SOUTHEAST,2005,all,153.0
19183,IA,Washington,90,SOUTHEAST,2006,all,184.4
19183,IA,Washington,90,SOUTHEAST,2007,all,174.1
19183,IA,Washington,90,SOUTHEAST,2008,all,180.0
19183,IA,Washington,90,SOUTHEAST,2009,all,171.1
19183,IA,Washington,90,SOUTHEAST,2010,all,132.5
19183,IA,Washington,90,SOUTHEAST,2011,all,156.3
19183,IA,Washington,90,SOUTHEAST,2012,all,132.1
19183,IA,Washington,90,SOUTHEAST,2013,all,159.0
19183,IA,Washington,90,SOUTHEAST,2014,all,191.3
19183,IA,Washington,90,SOUTHEAST,2015,all,195.0
19183,IA,Washington,90,SOUTHEAST,2016,all,208.2
19183,IA,Washington,90,SOUTHEAST,2017,all,220.4
19183,IA,Washington,90,SOUTHEAST,2018,all,214.3
19183,IA,Washington,90,SOUTHEAST,2019,all,178.9
19183,IA,Washington,90,SOUTHEAST,2020,all,185.4
19183,IA,Washington,90,SOUTHEAST,2022,all,185.7
19183,IA,Washington,90,SOUTHEAST,2023,all,188.3
19183,IA,Washington,90,SOUTHEAST,2025,all,218.6
19185,IA,Wayne,80,SOUTH CENTRAL,2000,all,136.8
19185,IA,Wayne,80,SOUTH CENTRAL,2001,all,114.1
19185,IA,Wayne,80,SOUTH CENTRAL,2002,all,140.9
19185,IA,Wayne,80,SOUTH CENTRAL,2003,all,130.4
19185,IA,Wayne,80,SOUTH CENTRAL,2004,all,156.8
19185,IA,Wayne,80,SOUTH CENTRAL,2005,all,157.0
19185,IA,Wayne,80,SOUTH CENTRAL,2006,all,145.0
19185,IA,Wayne,80,SOUTH CENTRAL,2007,all,150.2
19185,IA,Wayne,80,SOUTH CENTRAL,2008,all,103.0
19185,IA,Wayne,80,SOUTH CENTRAL,2009,all,142.7
19185,IA,Wayne,80,SOUTH CENTRAL,2010,all,73.1
19185,IA,Wayne,80,SOUTH CENTRAL,2011,all,126.0
19185,IA,Wayne,80,SOUTH CENTRAL,2012,all,55.7
19185,IA,Wayne,80,SOUTH CENTRAL,2013,all,125.1
19185,IA,Wayne,80,SOUTH CENTRAL,2014,all,171.9
19185,IA,Wayne,80,SOUTH CENTRAL,2015,all,158.0
19185,IA,Wayne,80,SOUTH CENTRAL,2016,all,174.5
19185,IA,Wayne,80,SOUTH CENTRAL,2018,all,171.6
19185,IA,Wayne,80,SOUTH CENTRAL,2019,all,151.4
19185,IA,Wayne,80,SOUTH CENTRAL,2020,all,168.8
19185,IA,Wayne,80,SOUTH CENTRAL,2021,all,177.0
19185,IA,Wayne,80,SOUTH CENTRAL,2022,all,170.1
19185,IA,Wayne,80,SOUTH CENTRAL,2024,all,194.8
19187,IA,Webster,50,CENTRAL,2000,all,159.8
19187,IA,Webster,50,CENTRAL,2001,all,154.3
19187,IA,Webster,50,CENTRAL,2002,all,181.6
19187,IA,Webster,50,CENTRAL,2003,all,174.5
19187,IA,Webster,50,CENTRAL,2004,all,192.3
19187,IA,Webster,50,CENTRAL,2005,all,190.1
19187,IA,Webster,50,CENTRAL,2006,all,173.3
19187,IA,Webster,50,CENTRAL,2007,all,182.6
19187,IA,Webster,50,CENTRAL,2008,all,167.0
19187,IA,Webster,50,CENTRAL,2009,all,177.3
19187,IA,Webster,50,CENTRAL,2010,all,168.4
19187,IA,Webster,50,CENTRAL,2011,all,190.6
19187,IA,Webster,50,CENTRAL,2012,all,149.2
19187,IA,Webster,50,CENTRAL,2013,all,137.6
19187,IA,Webster,50,CENTRAL,2014,all,190.0
19187,IA,Webster,50,CENTRAL,2015,all,201.0
19187,IA,Webster,50,CENTRAL,2016,all,200.8
19187,IA,Webster,50,CENTRAL,2017,all,197.9
19187,IA,Webster,50,CENTRAL,2018,all,188.1
19187,IA,Webster,50,CENTRAL,2019,all,202.9
19187,IA,Webster,50,CENTRAL,2020,all,173.1
19187,IA,Webster,50,CENTRAL,2021,all,216.2
19187,IA,Webster,50,CENTRAL,2022,all,201.5
19187,IA,Webster,50,CENTRAL,2023,all,212.8
19187,IA,Webster,50,CENTRAL,2024,all,211.6
19187,IA,Webster,50,CENTRAL,2025,all,211.9
19189,IA,Winnebago,20,NORTH CENTRAL,2000,all,150.7
19189,IA,Winnebago,20,NORTH CENTRAL,2001,all,132.0
19189,IA,Winnebago,20,NORTH CENTRAL,2002,all,164.7
19189,IA,Winnebago,20,NORTH CENTRAL,2003,all,162.1
19189,IA,Winnebago,20,NORTH CENTRAL,2004,all,178.8
19189,IA,Winnebago,20,NORTH CENTRAL,2005,all,189.6
19189,IA,Winnebago,20,NORTH CENTRAL,2006,all,173.9
19189,IA,Winnebago,20,NORTH CENTRAL,2007,all,186.1
19189,IA,Winnebago,20,NORTH CENTRAL,2008,all,177.0
19189,IA,Winnebago,20,NORTH CENTRAL,2009,all,180.4
19189,IA,Winnebago,20,NORTH CENTRAL,2010,all,184.1
19189,IA,Winnebago,20,NORTH CENTRAL,2011,all,176.6
19189,IA,Winnebago,20,NORTH CENTRAL,2012,all,161.1
19189,IA,Winnebago,20,NORTH CENTRAL,2013,all,149.1
19189,IA,Winnebago,20,NORTH CENTRAL,2014,all,172.7
19189,IA,Winnebago,20,NORTH CENTRAL,2015,all,203.6
19189,IA,Winnebago,20,NORTH CENTRAL,2016,all,197.9
19189,IA,Winnebago,20,NORTH CENTRAL,2017,all,210.7
19189,IA,Winnebago,20,NORTH CENTRAL,2018,all,180.8
19189,IA,Winnebago,20,NORTH CENTRAL,2019,all,198.8
19189,IA,Winnebago,20,NORTH CENTRAL,2020,all,207.1
19189,IA,Winnebago,20,NORTH CENTRAL,2021,all,197.6
19189,IA,Winnebago,20,NORTH CENTRAL,2022,all,217.5
19189,IA,Winnebago,20,NORTH CENTRAL,2023,all,211.3
19189,IA,Winnebago,20,NORTH CENTRAL,2024,all,182.6
19189,IA,Winnebago,20,NORTH CENTRAL,2025,all,205.4
19191,IA,Winneshiek,30,NORTHEAST,2000,all,147.9
19191,IA,Winneshiek,30,NORTHEAST,2001,all,132.1
19191,IA,Winneshiek,30,NORTHEAST,2002,all,166.9
19191,IA,Winneshiek,30,NORTHEAST,2003,all,146.7
19191,IA,Winneshiek,30,NORTHEAST,2004,all,169.9
19191,IA,Winneshiek,30,NORTHEAST,2005,all,186.4
19191,IA,Winneshiek,30,NORTHEAST,2006,all,171.9
19191,IA,Winneshiek,30,NORTHEAST,2007,all,174.0
19191,IA,Winneshiek,30,NORTHEAST,2008,all,171.0
19191,IA,Winneshiek,30,NORTHEAST,2009,all,171.3
19191,IA,Winneshiek,30,NORTHEAST,2010,all,190.5
19191,IA,Winneshiek,30,NORTHEAST,2011,all,186.2
19191,IA,Winneshiek,30,NORTHEAST,2012,all,140.6
19191,IA,Winneshiek,30,NORTHEAST,2013,all,181.8
19191,IA,Winneshiek,30,NORTHEAST,2014,all,174.0
19191,IA,Winneshiek,30,NORTHEAST,2015,all,185.6
19191,IA,Winneshiek,30,NORTHEAST,2016,all,210.7
19191,IA,Winneshiek,30,NORTHEAST,2017,all,199.7
19191,IA,Winneshiek,30,NORTHEAST,2018,all,198.1
19191,IA,Winneshiek,30,NORTHEAST,2019,all,200.4
19191,IA,Winneshiek,30,NORTHEAST,2020,all,178.2
19191,IA,Winneshiek,30,NORTHEAST,2021,all,199.3
19191,IA,Winneshiek,30,NORTHEAST,2022,all,212.4
19191,IA,Winneshiek,30,NORTHEAST,2023,all,195.3
19191,IA,Winneshiek,30,NORTHEAST,2024,all,212.1
19191,IA,Winneshiek,30,NORTHEAST,2025,all,215.1
19193,IA,Woodbury,40,WEST CENTRAL,2000,all,116.7
19193,IA,Woodbury,40,WEST CENTRAL,2001,all,132.9
19193,IA,Woodbury,40,WEST CENTRAL,2002,all,149.4
19193,IA,Woodbury,40,WEST CENTRAL,2003,all,153.4
19193,IA,Woodbury,40,WEST CENTRAL,2004,all,166.1
19193,IA,Woodbury,40,WEST CENTRAL,2005,all,172.2
19193,IA,Woodbury,40,WEST CENTRAL,2006,all,129.4
19193,IA,Woodbury,40,WEST CENTRAL,2007,all,153.6
19193,IA,Woodbury,40,WEST CENTRAL,2008,all,185.0
19193,IA,Woodbury,40,WEST CENTRAL,2009,all,186.3
19193,IA,Woodbury,40,WEST CENTRAL,2010,all,164.3
19193,IA,Woodbury,40,WEST CENTRAL,2011,all,173.3
19193,IA,Woodbury,40,WEST CENTRAL,2012,all,134.8
19193,IA,Woodbury,40,WEST CENTRAL,2013,all,164.2
19193,IA,Woodbury,40,WEST CENTRAL,2014,all,177.5
19193,IA,Woodbury,40,WEST CENTRAL,2015,all,202.3
19193,IA,Woodbury,40,WEST CENTRAL,2016,all,203.7
19193,IA,Woodbury,40,WEST CENTRAL,2017,all,200.5
19193,IA,Woodbury,40,WEST CENTRAL,2018,all,219.3
19193,IA,Woodbury,40,WEST CENTRAL,2019,all,218.2
19193,IA,Woodbury,40,WEST CENTRAL,2020,all,191.0
19193,IA,Woodbury,40,WEST CENTRAL,2021,all,206.7
19193,IA,Woodbury,40,WEST CENTRAL,2022,all,200.2
19193,IA,Woodbury,40,WEST CENTRAL,2023,all,168.3
19193,IA,Woodbury,40,WEST CENTRAL,2024,all,206.4
19193,IA,Woodbury,40,WEST CENTRAL,2025,all,213.7
19195,IA,Worth,20,NORTH CENTRAL,2000,all,145.9
19195,IA,Worth,20,NORTH CENTRAL,2001,all,132.8
19195,IA,Worth,20,NORTH CENTRAL,2002,all,167.1
19195,IA,Worth,20,NORTH CENTRAL,2003,all,157.4
19195,IA,Worth,20,NORTH CENTRAL,2004,all,170.2
19195,IA,Worth,20,NORTH CENTRAL,2005,all,187.9
19195,IA,Worth,20,NORTH CENTRAL,2006,all,172.5
19195,IA,Worth,20,NORTH CENTRAL,2007,all,174.8
19195,IA,Worth,20,NORTH CENTRAL,2008,all,171.0
19195,IA,Worth,20,NORTH CENTRAL,2009,all,180.9
19195,IA,Worth,20,NORTH CENTRAL,2010,all,193.2
19195,IA,Worth,20,NORTH CENTRAL,2011,all,173.0
19195,IA,Worth,20,NORTH CENTRAL,2012,all,143.1
19195,IA,Worth,20,NORTH CENTRAL,2013,all,150.7
19195,IA,Worth,20,NORTH CENTRAL,2014,all,181.5
19195,IA,Worth,20,NORTH CENTRAL,2015,all,202.1
19195,IA,Worth,20,NORTH CENTRAL,2016,all,191.5
19195,IA,Worth,20,NORTH CENTRAL,2017,all,198.5
19195,IA,Worth,20,NORTH CENTRAL,2018,all,180.0
19195,IA,Worth,20,NORTH CENTRAL,2019,all,196.5
19195,IA,Worth,20,NORTH CENTRAL,2020,all,205.7
19195,IA,Worth,20,NORTH CENTRAL,2021,all,207.4
19195,IA,Worth,20,NORTH CENTRAL,2022,all,219.4
19195,IA,Worth,20,NORTH CENTRAL,2023,all,187.6
19195,IA,Worth,20,NORTH CENTRAL,2024,all,198.6
19195,IA,Worth,20,NORTH CENTRAL,2025,all,201.1
19197,IA,Wright,20,NORTH CENTRAL,2000,all,155.2
19197,IA,Wright,20,NORTH CENTRAL,2001,all,145.8
19197,IA,Wright,20,NORTH CENTRAL,2002,all,172.5
19197,IA,Wright,20,NORTH CENTRAL,2003,all,165.6
19197,IA,Wright,20,NORTH CENTRAL,2004,all,186.5
19197,IA,Wright,20,NORTH CENTRAL,2005,all,183.0
19197,IA,Wright,20,NORTH CENTRAL,2006,all,181.5
19197,IA,Wright,20,NORTH CENTRAL,2007,all,182.4
19197,IA,Wright,20,NORTH CENTRAL,2008,all,164.0
19197,IA,Wright,20,NORTH CENTRAL,2009,all,179.0
19197,IA,Wright,20,NORTH CENTRAL,2010,all,150.0
19197,IA,Wright,20,NORTH CENTRAL,2011,all,189.9
19197,IA,Wright,20,NORTH CENTRAL,2012,all,153.7
19197,IA,Wright,20,NORTH CENTRAL,2013,all,168.8
19197,IA,Wright,20,NORTH CENTRAL,2014,all,169.4
19197,IA,Wright,20,NORTH CENTRAL,2015,all,198.4
19197,IA,Wright,20,NORTH CENTRAL,2016,all,200.2
19197,IA,Wright,20,NORTH CENTRAL,2017,all,206.9
19197,IA,Wright,20,NORTH CENTRAL,2018,all,180.5
19197,IA,Wright,20,NORTH CENTRAL,2019,all,197.0
19197,IA,Wright,20,NORTH CENTRAL,2020,all,186.0
19197,IA,Wright,20,NORTH CENTRAL,2021,all,192.2
19197,IA,Wright,20,NORTH CENTRAL,2022,all,209.7
19197,IA,Wright,20,NORTH CENTRAL,2023,all,202.5
19197,IA,Wright,20,NORTH CENTRAL,2025,all,190.2
