fips,state_alpha,county_name,asd_code,asd_desc,year,practice,acres_harvested,production_tons,yield_tons_acre
31001,NE,Adams,80,SOUTH,2000,all,7000.0,23930.0,3.42
31001,NE,Adams,80,SOUTH,2000,irrigated,2900.0,14500.0,5.0
31001,NE,Adams,80,SOUTH,2000,non_irrigated,4100.0,9430.0,2.3
31001,NE,Adams,80,SOUTH,2001,all,7800.0,31590.0,4.05
31001,NE,Adams,80,SOUTH,2001,irrigated,3900.0,19110.0,4.9
31001,NE,Adams,80,SOUTH,2001,non_irrigated,3900.0,12480.0,3.2
31001,NE,Adams,80,SOUTH,2002,all,9400.0,29200.0,3.11
31001,NE,Adams,80,SOUTH,2002,irrigated,5900.0,23600.0,4.0
31001,NE,Adams,80,SOUTH,2002,non_irrigated,3500.0,5600.0,1.6
31001,NE,Adams,80,SOUTH,2003,all,12500.0,52430.0,4.19
31001,NE,Adams,80,SOUTH,2003,irrigated,6400.0,38400.0,6.0
31001,NE,Adams,80,SOUTH,2003,non_irrigated,6100.0,14030.0,2.3
31001,NE,Adams,80,SOUTH,2004,all,11000.0,42200.0,3.84
31001,NE,Adams,80,SOUTH,2004,irrigated,5000.0,26000.0,5.2
31001,NE,Adams,80,SOUTH,2004,non_irrigated,6000.0,16200.0,2.7
31001,NE,Adams,80,SOUTH,2005,all,9300.0,40580.0,4.36
31001,NE,Adams,80,SOUTH,2005,irrigated,4300.0,24080.0,5.6
31001,NE,Adams,80,SOUTH,2005,non_irrigated,5000.0,16500.0,3.3
31001,NE,Adams,80,SOUTH,2006,all,7000.0,26250.0,3.75
31001,NE,Adams,80,SOUTH,2006,irrigated,3500.0,18200.0,5.2
31001,NE,Adams,80,SOUTH,2006,non_irrigated,3500.0,8050.0,2.3
31001,NE,Adams,80,SOUTH,2007,all,5500.0,24800.0,4.51
31001,NE,Adams,80,SOUTH,2007,irrigated,2500.0,14000.0,5.6
31001,NE,Adams,80,SOUTH,2007,non_irrigated,3000.0,10800.0,3.6
31001,NE,Adams,80,SOUTH,2008,all,3700.0,16360.0,4.4
31001,NE,Adams,80,SOUTH,2009,all,3700.0,13960.0,3.75
31001,NE,Adams,80,SOUTH,2010,all,3600.0,16000.0,4.45
31001,NE,Adams,80,SOUTH,2011,all,3400.0,15800.0,4.65
31001,NE,Adams,80,SOUTH,2012,all,3400.0,11900.0,3.5
31001,NE,Adams,80,SOUTH,2013,all,3000.0,12000.0,4.0
31001,NE,Adams,80,SOUTH,2014,all,3440.0,16100.0,4.7
31001,NE,Adams,80,SOUTH,2015,all,2940.0,10900.0,3.7
31001,NE,Adams,80,SOUTH,2016,all,2610.0,10300.0,3.95
31001,NE,Adams,80,SOUTH,2017,all,2450.0,10400.0,4.25
31003,NE,Antelope,30,NORTHEAST,2000,all,18500.0,66350.0,3.59
31003,NE,Antelope,30,NORTHEAST,2000,irrigated,7800.0,33180.0,4.25
31003,NE,Antelope,30,NORTHEAST,2000,non_irrigated,10700.0,33170.0,3.1
31003,NE,Antelope,30,NORTHEAST,2001,all,19000.0,80100.0,4.22
31003,NE,Antelope,30,NORTHEAST,2001,irrigated,8900.0,42730.0,4.8
31003,NE,Antelope,30,NORTHEAST,2001,non_irrigated,10100.0,37370.0,3.7
31003,NE,Antelope,30,NORTHEAST,2002,all,22000.0,74000.0,3.36
31003,NE,Antelope,30,NORTHEAST,2002,irrigated,10000.0,50000.0,5.0
31003,NE,Antelope,30,NORTHEAST,2002,non_irrigated,12000.0,24000.0,2.0
31003,NE,Antelope,30,NORTHEAST,2003,all,24000.0,94000.0,3.92
31003,NE,Antelope,30,NORTHEAST,2003,irrigated,11000.0,55000.0,5.0
31003,NE,Antelope,30,NORTHEAST,2003,non_irrigated,13000.0,39000.0,3.0
31003,NE,Antelope,30,NORTHEAST,2004,all,21000.0,97190.0,4.63
31003,NE,Antelope,30,NORTHEAST,2004,irrigated,10300.0,59740.0,5.8
31003,NE,Antelope,30,NORTHEAST,2004,non_irrigated,10700.0,37450.0,3.5
31003,NE,Antelope,30,NORTHEAST,2005,all,21000.0,90400.0,4.3
31003,NE,Antelope,30,NORTHEAST,2005,irrigated,11000.0,59400.0,5.4
31003,NE,Antelope,30,NORTHEAST,2005,non_irrigated,10000.0,31000.0,3.1
31003,NE,Antelope,30,NORTHEAST,2006,all,19900.0,75490.0,3.79
31003,NE,Antelope,30,NORTHEAST,2006,irrigated,9900.0,50490.0,5.1
31003,NE,Antelope,30,NORTHEAST,2006,non_irrigated,10000.0,25000.0,2.5
31003,NE,Antelope,30,NORTHEAST,2007,all,17300.0,64190.0,3.71
31003,NE,Antelope,30,NORTHEAST,2007,irrigated,8800.0,37840.0,4.3
31003,NE,Antelope,30,NORTHEAST,2007,non_irrigated,8500.0,26350.0,3.1
31003,NE,Antelope,30,NORTHEAST,2008,all,15500.0,75560.0,4.85
31003,NE,Antelope,30,NORTHEAST,2008,irrigated,7600.0,47120.0,6.2
31003,NE,Antelope,30,NORTHEAST,2008,non_irrigated,7900.0,28440.0,3.6
31003,NE,Antelope,30,NORTHEAST,2009,all,15600.0,62260.0,4.0
31003,NE,Antelope,30,NORTHEAST,2010,all,14600.0,61300.0,4.2
31005,NE,Arthur,20,NORTH,2000,all,3300.0,12540.0,3.8
31005,NE,Arthur,20,NORTH,2000,irrigated,2400.0,10560.0,4.4
31005,NE,Arthur,20,NORTH,2000,non_irrigated,900.0,1980.0,2.2
31005,NE,Arthur,20,NORTH,2001,all,3500.0,13460.0,3.85
31005,NE,Arthur,20,NORTH,2001,irrigated,2400.0,11040.0,4.6
31005,NE,Arthur,20,NORTH,2001,non_irrigated,1100.0,2420.0,2.2
31005,NE,Arthur,20,NORTH,2002,all,6600.0,28100.0,4.26
31005,NE,Arthur,20,NORTH,2002,irrigated,6100.0,27450.0,4.5
31005,NE,Arthur,20,NORTH,2002,non_irrigated,500.0,650.0,1.3
31005,NE,Arthur,20,NORTH,2003,all,6400.0,28800.0,4.5
31005,NE,Arthur,20,NORTH,2003,irrigated,5400.0,27000.0,5.0
31005,NE,Arthur,20,NORTH,2003,non_irrigated,1000.0,1800.0,1.8
31005,NE,Arthur,20,NORTH,2004,all,5400.0,20690.0,3.83
31005,NE,Arthur,20,NORTH,2004,irrigated,4300.0,18490.0,4.3
31005,NE,Arthur,20,NORTH,2004,non_irrigated,1100.0,2200.0,2.0
31005,NE,Arthur,20,NORTH,2005,all,4900.0,25060.0,5.11
31005,NE,Arthur,20,NORTH,2005,irrigated,4200.0,23100.0,5.5
31005,NE,Arthur,20,NORTH,2006,all,5200.0,22880.0,4.4
31005,NE,Arthur,20,NORTH,2006,irrigated,4800.0,22080.0,4.6
31005,NE,Arthur,20,NORTH,2007,all,3900.0,16010.0,4.11
31005,NE,Arthur,20,NORTH,2009,all,3900.0,14150.0,3.65
31005,NE,Arthur,20,NORTH,2010,all,4200.0,15300.0,3.65
31005,NE,Arthur,20,NORTH,2011,all,3600.0,15800.0,4.4
31005,NE,Arthur,20,NORTH,2012,all,3700.0,14600.0,3.95
31005,NE,Arthur,20,NORTH,2013,all,3200.0,11500.0,3.6
31005,NE,Arthur,20,NORTH,2014,all,2700.0,10500.0,3.9
31005,NE,Arthur,20,NORTH,2015,all,2340.0,7900.0,3.4
31005,NE,Arthur,20,NORTH,2016,all,1820.0,7000.0,3.85
31005,NE,Arthur,20,NORTH,2017,all,2360.0,8800.0,3.75
31005,NE,Arthur,20,NORTH,2018,all,2370.0,9500.0,4.0
31007,NE,Banner,10,NORTHWEST,2000,all,6400.0,21000.0,3.28
31007,NE,Banner,10,NORTHWEST,2000,irrigated,4600.0,17940.0,3.9
31007,NE,Banner,10,NORTHWEST,2000,non_irrigated,1800.0,3060.0,1.7
31007,NE,Banner,10,NORTHWEST,2001,all,6200.0,23920.0,3.86
31007,NE,Banner,10,NORTHWEST,2001,irrigated,5000.0,22000.0,4.4
31007,NE,Banner,10,NORTHWEST,2001,non_irrigated,1200.0,1920.0,1.6
31007,NE,Banner,10,NORTHWEST,2002,all,6200.0,22680.0,3.66
31007,NE,Banner,10,NORTHWEST,2002,irrigated,5600.0,21840.0,3.9
31007,NE,Banner,10,NORTHWEST,2002,non_irrigated,600.0,840.0,1.4
31007,NE,Banner,10,NORTHWEST,2003,all,6500.0,25370.0,3.9
31007,NE,Banner,10,NORTHWEST,2003,irrigated,4800.0,21120.0,4.4
31007,NE,Banner,10,NORTHWEST,2003,non_irrigated,1700.0,4250.0,2.5
31007,NE,Banner,10,NORTHWEST,2004,all,5500.0,21800.0,3.96
31007,NE,Banner,10,NORTHWEST,2004,irrigated,4500.0,20700.0,4.6
31007,NE,Banner,10,NORTHWEST,2004,non_irrigated,1000.0,1100.0,1.1
31007,NE,Banner,10,NORTHWEST,2005,all,5300.0,23130.0,4.36
31007,NE,Banner,10,NORTHWEST,2005,irrigated,4300.0,21930.0,5.1
31007,NE,Banner,10,NORTHWEST,2006,all,4700.0,15790.0,3.36
31007,NE,Banner,10,NORTHWEST,2006,irrigated,3800.0,14440.0,3.8
31007,NE,Banner,10,NORTHWEST,2006,non_irrigated,900.0,1350.0,1.5
31007,NE,Banner,10,NORTHWEST,2007,all,4200.0,15180.0,3.61
31007,NE,Banner,10,NORTHWEST,2007,irrigated,3400.0,14620.0,4.3
31007,NE,Banner,10,NORTHWEST,2007,non_irrigated,800.0,560.0,0.7
31007,NE,Banner,10,NORTHWEST,2008,all,3300.0,12710.0,3.85
31007,NE,Banner,10,NORTHWEST,2009,all,4400.0,17160.0,3.9
31007,NE,Banner,10,NORTHWEST,2010,all,3700.0,12500.0,3.4
31007,NE,Banner,10,NORTHWEST,2011,all,3100.0,13300.0,4.3
31007,NE,Banner,10,NORTHWEST,2012,all,3300.0,12300.0,3.75
31009,NE,Blaine,20,NORTH,2000,all,4600.0,12620.0,2.74
31009,NE,Blaine,20,NORTH,2000,irrigated,3200.0,10240.0,3.2
31009,NE,Blaine,20,NORTH,2000,non_irrigated,1400.0,2380.0,1.7
31009,NE,Blaine,20,NORTH,2001,all,4000.0,13010.0,3.25
31009,NE,Blaine,20,NORTH,2001,irrigated,2700.0,10800.0,4.0
31009,NE,Blaine,20,NORTH,2001,non_irrigated,1300.0,2210.0,1.7
31009,NE,Blaine,20,NORTH,2002,all,3300.0,11810.0,3.58
31009,NE,Blaine,20,NORTH,2002,irrigated,2600.0,11180.0,4.3
31009,NE,Blaine,20,NORTH,2002,non_irrigated,700.0,630.0,0.9
31009,NE,Blaine,20,NORTH,2003,all,3600.0,13650.0,3.79
31009,NE,Blaine,20,NORTH,2003,irrigated,2500.0,12000.0,4.8
31009,NE,Blaine,20,NORTH,2003,non_irrigated,1100.0,1650.0,1.5
31009,NE,Blaine,20,NORTH,2004,all,3200.0,12020.0,3.76
31009,NE,Blaine,20,NORTH,2004,irrigated,2200.0,10120.0,4.6
31009,NE,Blaine,20,NORTH,2004,non_irrigated,1000.0,1900.0,1.9
31009,NE,Blaine,20,NORTH,2005,all,3100.0,11100.0,3.58
31009,NE,Blaine,20,NORTH,2005,irrigated,2100.0,8400.0,4.0
31009,NE,Blaine,20,NORTH,2005,non_irrigated,1000.0,2700.0,2.7
31009,NE,Blaine,20,NORTH,2006,all,3500.0,9650.0,2.76
31009,NE,Blaine,20,NORTH,2006,irrigated,2600.0,8840.0,3.4
31009,NE,Blaine,20,NORTH,2006,non_irrigated,900.0,810.0,0.9
31009,NE,Blaine,20,NORTH,2007,all,3400.0,10840.0,3.19
31009,NE,Blaine,20,NORTH,2007,irrigated,2500.0,8500.0,3.4
31009,NE,Blaine,20,NORTH,2007,non_irrigated,900.0,2340.0,2.6
31009,NE,Blaine,20,NORTH,2009,all,3000.0,9700.0,3.25
31009,NE,Blaine,20,NORTH,2009,irrigated,2000.0,8400.0,4.2
31009,NE,Blaine,20,NORTH,2009,non_irrigated,1000.0,1300.0,1.3
31009,NE,Blaine,20,NORTH,2010,all,2800.0,11300.0,4.05
31009,NE,Blaine,20,NORTH,2011,all,2500.0,9800.0,3.9
31009,NE,Blaine,20,NORTH,2012,all,2600.0,10500.0,4.05
31009,NE,Blaine,20,NORTH,2013,all,2200.0,7700.0,3.5
31009,NE,Blaine,20,NORTH,2014,all,1890.0,8100.0,4.3
31009,NE,Blaine,20,NORTH,2015,all,2770.0,8600.0,3.1
31009,NE,Blaine,20,NORTH,2016,all,1880.0,8100.0,4.3
31009,NE,Blaine,20,NORTH,2017,all,3080.0,10300.0,3.35
31009,NE,Blaine,20,NORTH,2018,all,3100.0,11800.0,3.8
31011,NE,Boone,30,NORTHEAST,2000,all,27000.0,86550.0,3.21
31011,NE,Boone,30,NORTHEAST,2000,irrigated,5500.0,24200.0,4.4
31011,NE,Boone,30,NORTHEAST,2000,non_irrigated,21500.0,62350.0,2.9
31011,NE,Boone,30,NORTHEAST,2001,all,29000.0,96420.0,3.32
31011,NE,Boone,30,NORTHEAST,2001,irrigated,7700.0,34650.0,4.5
31011,NE,Boone,30,NORTHEAST,2001,non_irrigated,21300.0,61770.0,2.9
31011,NE,Boone,30,NORTHEAST,2002,all,29000.0,97500.0,3.36
31011,NE,Boone,30,NORTHEAST,2002,irrigated,11000.0,56100.0,5.1
31011,NE,Boone,30,NORTHEAST,2002,non_irrigated,18000.0,41400.0,2.3
31011,NE,Boone,30,NORTHEAST,2003,all,30000.0,114060.0,3.8
31011,NE,Boone,30,NORTHEAST,2003,irrigated,11700.0,57330.0,4.9
31011,NE,Boone,30,NORTHEAST,2003,non_irrigated,18300.0,56730.0,3.1
31011,NE,Boone,30,NORTHEAST,2004,all,25000.0,104700.0,4.19
31011,NE,Boone,30,NORTHEAST,2004,irrigated,10500.0,52500.0,5.0
31011,NE,Boone,30,NORTHEAST,2004,non_irrigated,14500.0,52200.0,3.6
31011,NE,Boone,30,NORTHEAST,2005,all,25000.0,96500.0,3.86
31011,NE,Boone,30,NORTHEAST,2005,irrigated,10000.0,50000.0,5.0
31011,NE,Boone,30,NORTHEAST,2005,non_irrigated,15000.0,46500.0,3.1
31011,NE,Boone,30,NORTHEAST,2006,all,24000.0,89600.0,3.73
31011,NE,Boone,30,NORTHEAST,2006,irrigated,10000.0,49000.0,4.9
31011,NE,Boone,30,NORTHEAST,2006,non_irrigated,14000.0,40600.0,2.9
31011,NE,Boone,30,NORTHEAST,2007,all,21800.0,93070.0,4.27
31011,NE,Boone,30,NORTHEAST,2007,irrigated,9300.0,45570.0,4.9
31011,NE,Boone,30,NORTHEAST,2007,non_irrigated,12500.0,47500.0,3.8
31011,NE,Boone,30,NORTHEAST,2008,all,18300.0,84360.0,4.6
31011,NE,Boone,30,NORTHEAST,2008,irrigated,7800.0,44460.0,5.7
31011,NE,Boone,30,NORTHEAST,2008,non_irrigated,10500.0,39900.0,3.8
31011,NE,Boone,30,NORTHEAST,2009,all,17200.0,79430.0,4.6
31011,NE,Boone,30,NORTHEAST,2009,irrigated,6700.0,39530.0,5.9
31011,NE,Boone,30,NORTHEAST,2009,non_irrigated,10500.0,39900.0,3.8
31011,NE,Boone,30,NORTHEAST,2010,all,16400.0,79700.0,4.85
31011,NE,Boone,30,NORTHEAST,2011,all,14000.0,61100.0,4.35
31011,NE,Boone,30,NORTHEAST,2012,all,14000.0,39700.0,2.85
31011,NE,Boone,30,NORTHEAST,2013,all,12700.0,49600.0,3.9
31011,NE,Boone,30,NORTHEAST,2014,all,16200.0,73700.0,4.55
31011,NE,Boone,30,NORTHEAST,2016,all,14300.0,63900.0,4.45
31011,NE,Boone,30,NORTHEAST,2017,all,15000.0,76200.0,5.1
31011,NE,Boone,30,NORTHEAST,2018,all,15300.0,73300.0,4.8
31013,NE,Box Butte,10,NORTHWEST,2000,all,14500.0,58300.0,4.02
31013,NE,Box Butte,10,NORTHWEST,2000,irrigated,11000.0,50600.0,4.6
31013,NE,Box Butte,10,NORTHWEST,2000,non_irrigated,3500.0,7700.0,2.2
31013,NE,Box Butte,10,NORTHWEST,2001,all,14500.0,58960.0,4.07
31013,NE,Box Butte,10,NORTHWEST,2001,irrigated,10700.0,51360.0,4.8
31013,NE,Box Butte,10,NORTHWEST,2001,non_irrigated,3800.0,7600.0,2.0
31013,NE,Box Butte,10,NORTHWEST,2002,all,12500.0,46980.0,3.76
31013,NE,Box Butte,10,NORTHWEST,2002,irrigated,10500.0,45180.0,4.3
31013,NE,Box Butte,10,NORTHWEST,2002,non_irrigated,2000.0,1800.0,0.9
31013,NE,Box Butte,10,NORTHWEST,2003,all,14500.0,62150.0,4.29
31013,NE,Box Butte,10,NORTHWEST,2003,irrigated,11000.0,58300.0,5.3
31013,NE,Box Butte,10,NORTHWEST,2003,non_irrigated,3500.0,3850.0,1.1
31013,NE,Box Butte,10,NORTHWEST,2004,all,12000.0,51260.0,4.27
31013,NE,Box Butte,10,NORTHWEST,2004,irrigated,9700.0,48500.0,5.0
31013,NE,Box Butte,10,NORTHWEST,2004,non_irrigated,2300.0,2760.0,1.2
31013,NE,Box Butte,10,NORTHWEST,2005,all,13500.0,57660.0,4.27
31013,NE,Box Butte,10,NORTHWEST,2005,irrigated,9700.0,50440.0,5.2
31013,NE,Box Butte,10,NORTHWEST,2005,non_irrigated,3800.0,7220.0,1.9
31013,NE,Box Butte,10,NORTHWEST,2006,all,12100.0,44470.0,3.68
31013,NE,Box Butte,10,NORTHWEST,2006,irrigated,9000.0,42300.0,4.7
31013,NE,Box Butte,10,NORTHWEST,2006,non_irrigated,3100.0,2170.0,0.7
31013,NE,Box Butte,10,NORTHWEST,2007,all,9900.0,34680.0,3.5
31013,NE,Box Butte,10,NORTHWEST,2007,irrigated,7500.0,33000.0,4.4
31013,NE,Box Butte,10,NORTHWEST,2007,non_irrigated,2400.0,1680.0,0.7
31013,NE,Box Butte,10,NORTHWEST,2008,all,10700.0,41300.0,3.85
31013,NE,Box Butte,10,NORTHWEST,2008,irrigated,8500.0,39100.0,4.6
31013,NE,Box Butte,10,NORTHWEST,2008,non_irrigated,2200.0,2200.0,1.0
31013,NE,Box Butte,10,NORTHWEST,2009,all,11100.0,48220.0,4.35
31013,NE,Box Butte,10,NORTHWEST,2009,irrigated,8500.0,42500.0,5.0
31013,NE,Box Butte,10,NORTHWEST,2009,non_irrigated,2600.0,5720.0,2.2
31013,NE,Box Butte,10,NORTHWEST,2010,all,9100.0,35000.0,3.85
31013,NE,Box Butte,10,NORTHWEST,2011,all,9200.0,39300.0,4.25
31013,NE,Box Butte,10,NORTHWEST,2012,all,10000.0,42600.0,4.25
31013,NE,Box Butte,10,NORTHWEST,2013,all,9200.0,34400.0,3.75
31013,NE,Box Butte,10,NORTHWEST,2014,all,9310.0,39800.0,4.25
31013,NE,Box Butte,10,NORTHWEST,2015,all,11500.0,40900.0,3.55
31013,NE,Box Butte,10,NORTHWEST,2016,all,9700.0,42200.0,4.35
31013,NE,Box Butte,10,NORTHWEST,2017,all,10000.0,38000.0,3.8
31015,NE,Boyd,20,NORTH,2000,all,36000.0,64160.0,1.78
31015,NE,Boyd,20,NORTH,2000,non_irrigated,35800.0,63340.0,1.77
31015,NE,Boyd,20,NORTH,2001,all,39000.0,114200.0,2.93
31015,NE,Boyd,20,NORTH,2001,irrigated,700.0,3150.0,4.5
31015,NE,Boyd,20,NORTH,2001,non_irrigated,38300.0,111050.0,2.9
31015,NE,Boyd,20,NORTH,2002,all,37000.0,57800.0,1.56
31015,NE,Boyd,20,NORTH,2002,irrigated,1000.0,3800.0,3.8
31015,NE,Boyd,20,NORTH,2002,non_irrigated,36000.0,54000.0,1.5
31015,NE,Boyd,20,NORTH,2003,all,39000.0,85670.0,2.2
31015,NE,Boyd,20,NORTH,2003,irrigated,1300.0,6500.0,5.0
31015,NE,Boyd,20,NORTH,2003,non_irrigated,37700.0,79170.0,2.1
31015,NE,Boyd,20,NORTH,2004,all,35000.0,57920.0,1.65
31015,NE,Boyd,20,NORTH,2004,irrigated,800.0,3200.0,4.0
31015,NE,Boyd,20,NORTH,2004,non_irrigated,34200.0,54720.0,1.6
31015,NE,Boyd,20,NORTH,2005,all,34000.0,85720.0,2.52
31015,NE,Boyd,20,NORTH,2005,irrigated,800.0,2720.0,3.4
31015,NE,Boyd,20,NORTH,2005,non_irrigated,33200.0,83000.0,2.5
31015,NE,Boyd,20,NORTH,2006,all,31700.0,50170.0,1.58
31015,NE,Boyd,20,NORTH,2006,irrigated,700.0,3570.0,5.1
31015,NE,Boyd,20,NORTH,2006,non_irrigated,31000.0,46600.0,1.5
31015,NE,Boyd,20,NORTH,2007,all,27000.0,65700.0,2.43
31015,NE,Boyd,20,NORTH,2007,irrigated,500.0,2100.0,4.2
31015,NE,Boyd,20,NORTH,2007,non_irrigated,26500.0,63600.0,2.4
31015,NE,Boyd,20,NORTH,2008,all,20300.0,55170.0,2.7
31015,NE,Boyd,20,NORTH,2009,all,23900.0,67520.0,2.85
31015,NE,Boyd,20,NORTH,2010,all,23000.0,73600.0,3.2
31015,NE,Boyd,20,NORTH,2011,all,19500.0,69800.0,3.6
31015,NE,Boyd,20,NORTH,2012,all,19200.0,22900.0,1.2
31015,NE,Boyd,20,NORTH,2013,all,19000.0,44900.0,2.35
31015,NE,Boyd,20,NORTH,2015,all,22000.0,73900.0,3.35
31015,NE,Boyd,20,NORTH,2016,all,22000.0,85800.0,3.9
31015,NE,Boyd,20,NORTH,2017,all,24000.0,54500.0,2.25
31017,NE,Brown,20,NORTH,2000,all,6500.0,16570.0,2.55
31017,NE,Brown,20,NORTH,2000,irrigated,2400.0,9600.0,4.0
31017,NE,Brown,20,NORTH,2000,non_irrigated,4100.0,6970.0,1.7
31017,NE,Brown,20,NORTH,2001,all,5300.0,15040.0,2.84
31017,NE,Brown,20,NORTH,2001,irrigated,2500.0,10000.0,4.0
31017,NE,Brown,20,NORTH,2001,non_irrigated,2800.0,5040.0,1.8
31017,NE,Brown,20,NORTH,2002,all,4600.0,9780.0,2.13
31017,NE,Brown,20,NORTH,2002,irrigated,2600.0,8580.0,3.3
31017,NE,Brown,20,NORTH,2002,non_irrigated,2000.0,1200.0,0.6
31017,NE,Brown,20,NORTH,2003,all,5000.0,15750.0,3.15
31017,NE,Brown,20,NORTH,2003,irrigated,2500.0,10250.0,4.1
31017,NE,Brown,20,NORTH,2003,non_irrigated,2500.0,5500.0,2.2
31017,NE,Brown,20,NORTH,2004,all,4500.0,13250.0,2.94
31017,NE,Brown,20,NORTH,2004,irrigated,2500.0,11250.0,4.5
31017,NE,Brown,20,NORTH,2004,non_irrigated,2000.0,2000.0,1.0
31017,NE,Brown,20,NORTH,2005,all,3900.0,15320.0,3.93
31017,NE,Brown,20,NORTH,2005,irrigated,2300.0,11960.0,5.2
31017,NE,Brown,20,NORTH,2005,non_irrigated,1600.0,3360.0,2.1
31017,NE,Brown,20,NORTH,2006,all,4900.0,15870.0,3.24
31017,NE,Brown,20,NORTH,2006,irrigated,3100.0,14250.0,4.6
31017,NE,Brown,20,NORTH,2006,non_irrigated,1800.0,1620.0,0.9
31017,NE,Brown,20,NORTH,2007,all,4600.0,15700.0,3.41
31017,NE,Brown,20,NORTH,2007,irrigated,2900.0,12470.0,4.3
31017,NE,Brown,20,NORTH,2007,non_irrigated,1700.0,3230.0,1.9
31017,NE,Brown,20,NORTH,2008,all,3400.0,11550.0,3.4
31017,NE,Brown,20,NORTH,2009,all,3000.0,7820.0,2.6
31017,NE,Brown,20,NORTH,2009,irrigated,1600.0,5440.0,3.4
31017,NE,Brown,20,NORTH,2009,non_irrigated,1400.0,2380.0,1.7
31017,NE,Brown,20,NORTH,2010,all,2600.0,7500.0,2.9
31017,NE,Brown,20,NORTH,2011,all,2400.0,6300.0,2.65
31017,NE,Brown,20,NORTH,2014,all,1970.0,4670.0,2.35
31017,NE,Brown,20,NORTH,2015,all,2550.0,6000.0,2.35
31017,NE,Brown,20,NORTH,2016,all,2500.0,7400.0,2.95
31017,NE,Brown,20,NORTH,2017,all,3230.0,10100.0,3.15
31017,NE,Brown,20,NORTH,2018,all,3120.0,9200.0,2.95
31019,NE,Buffalo,50,CENTRAL,2000,all,36000.0,107400.0,2.98
31019,NE,Buffalo,50,CENTRAL,2000,irrigated,10000.0,45000.0,4.5
31019,NE,Buffalo,50,CENTRAL,2000,non_irrigated,26000.0,62400.0,2.4
31019,NE,Buffalo,50,CENTRAL,2001,all,35000.0,121780.0,3.48
31019,NE,Buffalo,50,CENTRAL,2001,irrigated,12400.0,60760.0,4.9
31019,NE,Buffalo,50,CENTRAL,2001,non_irrigated,22600.0,61020.0,2.7
31019,NE,Buffalo,50,CENTRAL,2002,all,39000.0,111950.0,2.87
31019,NE,Buffalo,50,CENTRAL,2002,irrigated,15000.0,61550.0,4.1
31019,NE,Buffalo,50,CENTRAL,2002,non_irrigated,24000.0,50400.0,2.1
31019,NE,Buffalo,50,CENTRAL,2003,all,42000.0,158760.0,3.78
31019,NE,Buffalo,50,CENTRAL,2003,irrigated,18200.0,87360.0,4.8
31019,NE,Buffalo,50,CENTRAL,2003,non_irrigated,23800.0,71400.0,3.0
31019,NE,Buffalo,50,CENTRAL,2004,all,30000.0,100510.0,3.35
31019,NE,Buffalo,50,CENTRAL,2004,irrigated,13400.0,65650.0,4.9
31019,NE,Buffalo,50,CENTRAL,2004,non_irrigated,16600.0,34860.0,2.1
31019,NE,Buffalo,50,CENTRAL,2005,all,31000.0,104200.0,3.36
31019,NE,Buffalo,50,CENTRAL,2005,irrigated,12000.0,62400.0,5.2
31019,NE,Buffalo,50,CENTRAL,2005,non_irrigated,19000.0,41800.0,2.2
31019,NE,Buffalo,50,CENTRAL,2006,all,30000.0,95900.0,3.2
31019,NE,Buffalo,50,CENTRAL,2006,irrigated,11500.0,55200.0,4.8
31019,NE,Buffalo,50,CENTRAL,2006,non_irrigated,18500.0,40700.0,2.2
31019,NE,Buffalo,50,CENTRAL,2007,all,29000.0,111550.0,3.85
31019,NE,Buffalo,50,CENTRAL,2007,irrigated,12500.0,58750.0,4.7
31019,NE,Buffalo,50,CENTRAL,2007,non_irrigated,16500.0,52800.0,3.2
31019,NE,Buffalo,50,CENTRAL,2008,all,25000.0,103040.0,4.1
31019,NE,Buffalo,50,CENTRAL,2008,irrigated,9500.0,50340.0,5.3
31019,NE,Buffalo,50,CENTRAL,2008,non_irrigated,15500.0,52700.0,3.4
31019,NE,Buffalo,50,CENTRAL,2009,all,23600.0,86280.0,3.65
31019,NE,Buffalo,50,CENTRAL,2009,irrigated,8600.0,41280.0,4.8
31019,NE,Buffalo,50,CENTRAL,2009,non_irrigated,15000.0,45000.0,3.0
31019,NE,Buffalo,50,CENTRAL,2010,all,22600.0,99000.0,4.4
31019,NE,Buffalo,50,CENTRAL,2011,all,20200.0,88000.0,4.35
31019,NE,Buffalo,50,CENTRAL,2012,all,19300.0,75000.0,3.9
31019,NE,Buffalo,50,CENTRAL,2013,all,16400.0,58700.0,3.6
31019,NE,Buffalo,50,CENTRAL,2014,all,20000.0,83100.0,4.15
31019,NE,Buffalo,50,CENTRAL,2015,all,19700.0,89800.0,4.55
31019,NE,Buffalo,50,CENTRAL,2016,all,17800.0,72500.0,4.05
31019,NE,Buffalo,50,CENTRAL,2017,all,18400.0,74800.0,4.05
31021,NE,Burt,30,NORTHEAST,2000,all,6000.0,21730.0,3.62
31021,NE,Burt,30,NORTHEAST,2000,non_irrigated,5900.0,21240.0,3.6
31021,NE,Burt,30,NORTHEAST,2001,all,6400.0,24440.0,3.82
31021,NE,Burt,30,NORTHEAST,2001,non_irrigated,6300.0,23940.0,3.8
31021,NE,Burt,30,NORTHEAST,2002,all,7600.0,26010.0,3.42
31021,NE,Burt,30,NORTHEAST,2002,non_irrigated,7500.0,25500.0,3.4
31021,NE,Burt,30,NORTHEAST,2003,all,7500.0,31600.0,4.21
31021,NE,Burt,30,NORTHEAST,2003,non_irrigated,7400.0,31080.0,4.2
31021,NE,Burt,30,NORTHEAST,2004,all,7300.0,29320.0,4.02
31021,NE,Burt,30,NORTHEAST,2004,non_irrigated,7200.0,28800.0,4.0
31021,NE,Burt,30,NORTHEAST,2005,all,7300.0,30230.0,4.14
31021,NE,Burt,30,NORTHEAST,2005,non_irrigated,7100.0,29110.0,4.1
31021,NE,Burt,30,NORTHEAST,2006,all,7800.0,29460.0,3.78
31021,NE,Burt,30,NORTHEAST,2006,non_irrigated,7500.0,27750.0,3.7
31021,NE,Burt,30,NORTHEAST,2007,all,6800.0,27550.0,4.05
31021,NE,Burt,30,NORTHEAST,2008,all,5300.0,21930.0,4.15
31021,NE,Burt,30,NORTHEAST,2009,all,5100.0,21550.0,4.25
31021,NE,Burt,30,NORTHEAST,2010,all,4800.0,22300.0,4.65
31021,NE,Burt,30,NORTHEAST,2011,all,3800.0,13300.0,3.5
31021,NE,Burt,30,NORTHEAST,2012,all,4000.0,16700.0,4.2
31021,NE,Burt,30,NORTHEAST,2013,all,3600.0,16600.0,4.6
31021,NE,Burt,30,NORTHEAST,2014,all,4450.0,18000.0,4.05
31021,NE,Burt,30,NORTHEAST,2016,all,3680.0,17800.0,4.85
31021,NE,Burt,30,NORTHEAST,2017,all,3900.0,16000.0,4.1
31023,NE,Butler,60,EAST,2000,all,10500.0,37380.0,3.56
31023,NE,Butler,60,EAST,2000,irrigated,1200.0,5760.0,4.8
31023,NE,Butler,60,EAST,2000,non_irrigated,9300.0,31620.0,3.4
31023,NE,Butler,60,EAST,2001,all,11500.0,42650.0,3.71
31023,NE,Butler,60,EAST,2001,irrigated,1500.0,7650.0,5.1
31023,NE,Butler,60,EAST,2001,non_irrigated,10000.0,35000.0,3.5
31023,NE,Butler,60,EAST,2002,all,12000.0,36460.0,3.04
31023,NE,Butler,60,EAST,2002,irrigated,1400.0,7840.0,5.6
31023,NE,Butler,60,EAST,2002,non_irrigated,10600.0,28620.0,2.7
31023,NE,Butler,60,EAST,2003,all,13000.0,45760.0,3.52
31023,NE,Butler,60,EAST,2003,irrigated,1600.0,9280.0,5.8
31023,NE,Butler,60,EAST,2003,non_irrigated,11400.0,36480.0,3.2
31023,NE,Butler,60,EAST,2004,all,12000.0,42450.0,3.54
31023,NE,Butler,60,EAST,2004,irrigated,1500.0,7800.0,5.2
31023,NE,Butler,60,EAST,2004,non_irrigated,10500.0,34650.0,3.3
31023,NE,Butler,60,EAST,2005,all,11500.0,38890.0,3.38
31023,NE,Butler,60,EAST,2005,irrigated,1200.0,6960.0,5.8
31023,NE,Butler,60,EAST,2005,non_irrigated,10300.0,31930.0,3.1
31023,NE,Butler,60,EAST,2006,all,11300.0,37630.0,3.33
31023,NE,Butler,60,EAST,2006,irrigated,1300.0,6630.0,5.1
31023,NE,Butler,60,EAST,2006,non_irrigated,10000.0,31000.0,3.1
31023,NE,Butler,60,EAST,2007,all,10500.0,36070.0,3.44
31023,NE,Butler,60,EAST,2007,irrigated,1300.0,6630.0,5.1
31023,NE,Butler,60,EAST,2007,non_irrigated,9200.0,29440.0,3.2
31023,NE,Butler,60,EAST,2008,all,9400.0,38700.0,4.1
31023,NE,Butler,60,EAST,2008,irrigated,1100.0,5500.0,5.0
31023,NE,Butler,60,EAST,2008,non_irrigated,8300.0,33200.0,4.0
31023,NE,Butler,60,EAST,2009,all,8900.0,34970.0,3.95
31023,NE,Butler,60,EAST,2009,irrigated,1200.0,6480.0,5.4
31023,NE,Butler,60,EAST,2009,non_irrigated,7700.0,28490.0,3.7
31023,NE,Butler,60,EAST,2010,all,8300.0,34400.0,4.15
31023,NE,Butler,60,EAST,2011,all,7200.0,33600.0,4.65
31023,NE,Butler,60,EAST,2012,all,7100.0,26200.0,3.7
31023,NE,Butler,60,EAST,2013,all,6200.0,24800.0,4.0
31023,NE,Butler,60,EAST,2014,all,8400.0,37200.0,4.45
31023,NE,Butler,60,EAST,2016,all,7200.0,36200.0,5.05
31023,NE,Butler,60,EAST,2017,all,7320.0,30700.0,4.2
31025,NE,Cass,60,EAST,2000,all,8300.0,26010.0,3.13
31025,NE,Cass,60,EAST,2000,non_irrigated,8100.0,25110.0,3.1
31025,NE,Cass,60,EAST,2001,all,8800.0,31900.0,3.63
31025,NE,Cass,60,EAST,2001,non_irrigated,8600.0,30960.0,3.6
31025,NE,Cass,60,EAST,2002,all,9000.0,28980.0,3.22
31025,NE,Cass,60,EAST,2002,non_irrigated,8900.0,28480.0,3.2
31025,NE,Cass,60,EAST,2003,all,9300.0,31780.0,3.42
31025,NE,Cass,60,EAST,2003,non_irrigated,9200.0,31280.0,3.4
31025,NE,Cass,60,EAST,2004,all,9000.0,34430.0,3.83
31025,NE,Cass,60,EAST,2004,non_irrigated,8900.0,33820.0,3.8
31025,NE,Cass,60,EAST,2005,all,8900.0,36590.0,4.11
31025,NE,Cass,60,EAST,2005,non_irrigated,8800.0,36080.0,4.1
31025,NE,Cass,60,EAST,2006,all,7700.0,29260.0,3.8
31025,NE,Cass,60,EAST,2006,non_irrigated,7700.0,29260.0,3.8
31025,NE,Cass,60,EAST,2007,all,6300.0,25200.0,4.0
31025,NE,Cass,60,EAST,2007,non_irrigated,6300.0,25200.0,4.0
31025,NE,Cass,60,EAST,2008,all,6200.0,23560.0,3.8
31025,NE,Cass,60,EAST,2008,non_irrigated,6200.0,23560.0,3.8
31025,NE,Cass,60,EAST,2009,all,5400.0,22140.0,4.1
31025,NE,Cass,60,EAST,2009,non_irrigated,5400.0,22140.0,4.1
31025,NE,Cass,60,EAST,2010,all,5000.0,21500.0,4.3
31025,NE,Cass,60,EAST,2011,all,4100.0,18000.0,4.4
31025,NE,Cass,60,EAST,2012,all,3900.0,14600.0,3.75
31025,NE,Cass,60,EAST,2013,all,3100.0,12700.0,4.1
31025,NE,Cass,60,EAST,2014,all,3840.0,17400.0,4.55
31025,NE,Cass,60,EAST,2015,all,3790.0,13100.0,3.45
31025,NE,Cass,60,EAST,2016,all,3530.0,17800.0,5.05
31025,NE,Cass,60,EAST,2017,all,3960.0,20300.0,5.15
31027,NE,Cedar,30,NORTHEAST,2000,all,36000.0,132480.0,3.68
31027,NE,Cedar,30,NORTHEAST,2000,irrigated,3600.0,19080.0,5.3
31027,NE,Cedar,30,NORTHEAST,2000,non_irrigated,32400.0,113400.0,3.5
31027,NE,Cedar,30,NORTHEAST,2001,all,37000.0,142100.0,3.84
31027,NE,Cedar,30,NORTHEAST,2001,irrigated,4000.0,20000.0,5.0
31027,NE,Cedar,30,NORTHEAST,2001,non_irrigated,33000.0,122100.0,3.7
31027,NE,Cedar,30,NORTHEAST,2002,all,39000.0,121560.0,3.12
31027,NE,Cedar,30,NORTHEAST,2002,irrigated,4700.0,22090.0,4.7
31027,NE,Cedar,30,NORTHEAST,2002,non_irrigated,34300.0,99470.0,2.9
31027,NE,Cedar,30,NORTHEAST,2003,all,39000.0,148240.0,3.8
31027,NE,Cedar,30,NORTHEAST,2003,irrigated,5600.0,28000.0,5.0
31027,NE,Cedar,30,NORTHEAST,2003,non_irrigated,33400.0,120240.0,3.6
31027,NE,Cedar,30,NORTHEAST,2004,all,36000.0,149900.0,4.16
31027,NE,Cedar,30,NORTHEAST,2004,irrigated,5000.0,29000.0,5.8
31027,NE,Cedar,30,NORTHEAST,2004,non_irrigated,31000.0,120900.0,3.9
31027,NE,Cedar,30,NORTHEAST,2005,all,33000.0,130430.0,3.95
31027,NE,Cedar,30,NORTHEAST,2005,irrigated,4900.0,26460.0,5.4
31027,NE,Cedar,30,NORTHEAST,2005,non_irrigated,28100.0,103970.0,3.7
31027,NE,Cedar,30,NORTHEAST,2006,all,33000.0,105300.0,3.19
31027,NE,Cedar,30,NORTHEAST,2006,irrigated,5000.0,24000.0,4.8
31027,NE,Cedar,30,NORTHEAST,2006,non_irrigated,28000.0,81300.0,2.9
31027,NE,Cedar,30,NORTHEAST,2007,all,30300.0,102900.0,3.4
31027,NE,Cedar,30,NORTHEAST,2007,irrigated,4800.0,26400.0,5.5
31027,NE,Cedar,30,NORTHEAST,2007,non_irrigated,25500.0,76500.0,3.0
31027,NE,Cedar,30,NORTHEAST,2008,all,28400.0,113640.0,4.0
31027,NE,Cedar,30,NORTHEAST,2008,irrigated,4400.0,22440.0,5.1
31027,NE,Cedar,30,NORTHEAST,2008,non_irrigated,24000.0,91200.0,3.8
31027,NE,Cedar,30,NORTHEAST,2009,all,24700.0,104600.0,4.25
31027,NE,Cedar,30,NORTHEAST,2009,irrigated,3700.0,18500.0,5.0
31027,NE,Cedar,30,NORTHEAST,2009,non_irrigated,21000.0,86100.0,4.1
31027,NE,Cedar,30,NORTHEAST,2010,all,22500.0,107000.0,4.75
31027,NE,Cedar,30,NORTHEAST,2011,all,20300.0,92100.0,4.55
31027,NE,Cedar,30,NORTHEAST,2012,all,20000.0,50500.0,2.55
31027,NE,Cedar,30,NORTHEAST,2013,all,16900.0,73000.0,4.3
31027,NE,Cedar,30,NORTHEAST,2014,all,20100.0,102100.0,5.1
31027,NE,Cedar,30,NORTHEAST,2015,all,19900.0,98600.0,4.95
31027,NE,Cedar,30,NORTHEAST,2016,all,19200.0,93000.0,4.85
31027,NE,Cedar,30,NORTHEAST,2017,all,19900.0,93600.0,4.7
31027,NE,Cedar,30,NORTHEAST,2018,all,18800.0,93700.0,5.0
31029,NE,Chase,70,SOUTHWEST,2000,all,4500.0,21930.0,4.87
31029,NE,Chase,70,SOUTHWEST,2000,irrigated,3400.0,20060.0,5.9
31029,NE,Chase,70,SOUTHWEST,2001,all,4600.0,22620.0,4.92
31029,NE,Chase,70,SOUTHWEST,2001,irrigated,4100.0,21320.0,5.2
31029,NE,Chase,70,SOUTHWEST,2001,non_irrigated,500.0,1300.0,2.6
31029,NE,Chase,70,SOUTHWEST,2002,all,5000.0,21150.0,4.23
31029,NE,Chase,70,SOUTHWEST,2002,irrigated,3900.0,19500.0,5.0
31029,NE,Chase,70,SOUTHWEST,2002,non_irrigated,1100.0,1650.0,1.5
31029,NE,Chase,70,SOUTHWEST,2003,all,5500.0,25900.0,4.71
31029,NE,Chase,70,SOUTHWEST,2003,irrigated,4500.0,23400.0,5.2
31029,NE,Chase,70,SOUTHWEST,2003,non_irrigated,1000.0,2500.0,2.5
31029,NE,Chase,70,SOUTHWEST,2004,all,4900.0,24170.0,4.93
31029,NE,Chase,70,SOUTHWEST,2004,irrigated,4000.0,21200.0,5.3
31029,NE,Chase,70,SOUTHWEST,2004,non_irrigated,900.0,2970.0,3.3
31029,NE,Chase,70,SOUTHWEST,2005,all,4700.0,20550.0,4.37
31029,NE,Chase,70,SOUTHWEST,2005,irrigated,3600.0,16920.0,4.7
31029,NE,Chase,70,SOUTHWEST,2005,non_irrigated,1100.0,3630.0,3.3
31029,NE,Chase,70,SOUTHWEST,2006,all,3700.0,12800.0,3.46
31029,NE,Chase,70,SOUTHWEST,2006,irrigated,2800.0,10640.0,3.8
31029,NE,Chase,70,SOUTHWEST,2006,non_irrigated,900.0,2160.0,2.4
31029,NE,Chase,70,SOUTHWEST,2007,all,3400.0,14170.0,4.17
31029,NE,Chase,70,SOUTHWEST,2007,irrigated,2700.0,12420.0,4.6
31029,NE,Chase,70,SOUTHWEST,2007,non_irrigated,700.0,1750.0,2.5
31029,NE,Chase,70,SOUTHWEST,2008,all,3000.0,13480.0,4.5
31029,NE,Chase,70,SOUTHWEST,2009,all,3100.0,13130.0,4.25
31029,NE,Chase,70,SOUTHWEST,2010,all,2500.0,11400.0,4.55
31029,NE,Chase,70,SOUTHWEST,2011,all,2300.0,10100.0,4.4
31029,NE,Chase,70,SOUTHWEST,2012,all,2500.0,8500.0,3.4
31029,NE,Chase,70,SOUTHWEST,2013,all,2000.0,7700.0,3.85
31029,NE,Chase,70,SOUTHWEST,2014,all,2380.0,12100.0,5.1
31029,NE,Chase,70,SOUTHWEST,2015,all,2930.0,15700.0,5.35
31031,NE,Cherry,20,NORTH,2000,all,36000.0,83200.0,2.31
31031,NE,Cherry,20,NORTH,2000,irrigated,11000.0,40700.0,3.7
31031,NE,Cherry,20,NORTH,2000,non_irrigated,25000.0,42500.0,1.7
31031,NE,Cherry,20,NORTH,2001,all,34000.0,84340.0,2.48
31031,NE,Cherry,20,NORTH,2001,irrigated,8900.0,39160.0,4.4
31031,NE,Cherry,20,NORTH,2001,non_irrigated,25100.0,45180.0,1.8
31031,NE,Cherry,20,NORTH,2002,all,25000.0,54240.0,2.17
31031,NE,Cherry,20,NORTH,2002,irrigated,10500.0,44090.0,4.2
31031,NE,Cherry,20,NORTH,2002,non_irrigated,14500.0,10150.0,0.7
31031,NE,Cherry,20,NORTH,2003,all,26000.0,58120.0,2.24
31031,NE,Cherry,20,NORTH,2003,irrigated,7600.0,34200.0,4.5
31031,NE,Cherry,20,NORTH,2003,non_irrigated,18400.0,23920.0,1.3
31031,NE,Cherry,20,NORTH,2004,all,24000.0,52700.0,2.2
31031,NE,Cherry,20,NORTH,2004,irrigated,8200.0,36900.0,4.5
31031,NE,Cherry,20,NORTH,2004,non_irrigated,15800.0,15800.0,1.0
31031,NE,Cherry,20,NORTH,2005,all,23000.0,54720.0,2.38
31031,NE,Cherry,20,NORTH,2005,irrigated,7100.0,27690.0,3.9
31031,NE,Cherry,20,NORTH,2005,non_irrigated,15900.0,27030.0,1.7
31031,NE,Cherry,20,NORTH,2006,all,20900.0,42000.0,2.01
31031,NE,Cherry,20,NORTH,2006,irrigated,7400.0,32550.0,4.4
31031,NE,Cherry,20,NORTH,2006,non_irrigated,13500.0,9450.0,0.7
31031,NE,Cherry,20,NORTH,2007,all,19100.0,44710.0,2.34
31031,NE,Cherry,20,NORTH,2007,irrigated,7100.0,29110.0,4.1
31031,NE,Cherry,20,NORTH,2007,non_irrigated,12000.0,15600.0,1.3
31031,NE,Cherry,20,NORTH,2008,all,16900.0,42050.0,2.5
31031,NE,Cherry,20,NORTH,2009,all,17200.0,40740.0,2.35
31031,NE,Cherry,20,NORTH,2009,irrigated,6700.0,28140.0,4.2
31031,NE,Cherry,20,NORTH,2009,non_irrigated,10500.0,12600.0,1.2
31031,NE,Cherry,20,NORTH,2010,all,15000.0,36600.0,2.45
31031,NE,Cherry,20,NORTH,2011,all,14000.0,45100.0,3.2
31031,NE,Cherry,20,NORTH,2012,all,14000.0,22000.0,1.55
31031,NE,Cherry,20,NORTH,2013,all,10000.0,29000.0,2.9
31031,NE,Cherry,20,NORTH,2014,all,9500.0,30700.0,3.25
31031,NE,Cherry,20,NORTH,2016,all,15500.0,50000.0,3.25
31031,NE,Cherry,20,NORTH,2017,all,19000.0,41200.0,2.15
31033,NE,Cheyenne,10,NORTHWEST,2000,all,6200.0,26160.0,4.22
31033,NE,Cheyenne,10,NORTHWEST,2000,irrigated,5000.0,24000.0,4.8
31033,NE,Cheyenne,10,NORTHWEST,2000,non_irrigated,1200.0,2160.0,1.8
31033,NE,Cheyenne,10,NORTHWEST,2001,all,6100.0,31620.0,5.18
31033,NE,Cheyenne,10,NORTHWEST,2001,irrigated,5700.0,30780.0,5.4
31033,NE,Cheyenne,10,NORTHWEST,2001,non_irrigated,400.0,840.0,2.1
31033,NE,Cheyenne,10,NORTHWEST,2002,all,6600.0,28200.0,4.27
31033,NE,Cheyenne,10,NORTHWEST,2002,irrigated,6000.0,27600.0,4.6
31033,NE,Cheyenne,10,NORTHWEST,2002,non_irrigated,600.0,600.0,1.0
31033,NE,Cheyenne,10,NORTHWEST,2003,all,7100.0,33850.0,4.77
31033,NE,Cheyenne,10,NORTHWEST,2003,irrigated,6600.0,33000.0,5.0
31033,NE,Cheyenne,10,NORTHWEST,2003,non_irrigated,500.0,850.0,1.7
31033,NE,Cheyenne,10,NORTHWEST,2004,all,6500.0,28650.0,4.41
31033,NE,Cheyenne,10,NORTHWEST,2004,irrigated,6000.0,27600.0,4.6
31033,NE,Cheyenne,10,NORTHWEST,2004,non_irrigated,500.0,1050.0,2.1
31033,NE,Cheyenne,10,NORTHWEST,2005,all,6800.0,32860.0,4.83
31033,NE,Cheyenne,10,NORTHWEST,2005,irrigated,5800.0,30160.0,5.2
31033,NE,Cheyenne,10,NORTHWEST,2005,non_irrigated,1000.0,2700.0,2.7
31033,NE,Cheyenne,10,NORTHWEST,2006,all,6700.0,23970.0,3.58
31033,NE,Cheyenne,10,NORTHWEST,2006,irrigated,6200.0,22920.0,3.7
31033,NE,Cheyenne,10,NORTHWEST,2006,non_irrigated,500.0,1050.0,2.1
31033,NE,Cheyenne,10,NORTHWEST,2007,all,6600.0,29770.0,4.51
31033,NE,Cheyenne,10,NORTHWEST,2008,all,5600.0,23800.0,4.25
31033,NE,Cheyenne,10,NORTHWEST,2009,all,4800.0,20120.0,4.2
31033,NE,Cheyenne,10,NORTHWEST,2010,all,4700.0,20700.0,4.4
31033,NE,Cheyenne,10,NORTHWEST,2011,all,3400.0,12700.0,3.75
31033,NE,Cheyenne,10,NORTHWEST,2012,all,3100.0,12800.0,4.15
31033,NE,Cheyenne,10,NORTHWEST,2014,all,3580.0,18700.0,5.2
31035,NE,Clay,90,SOUTHEAST,2000,all,6800.0,24700.0,3.63
31035,NE,Clay,90,SOUTHEAST,2000,irrigated,2700.0,14040.0,5.2
31035,NE,Clay,90,SOUTHEAST,2000,non_irrigated,4100.0,10660.0,2.6
31035,NE,Clay,90,SOUTHEAST,2001,all,8100.0,30730.0,3.79
31035,NE,Clay,90,SOUTHEAST,2001,irrigated,3800.0,14820.0,3.9
31035,NE,Clay,90,SOUTHEAST,2001,non_irrigated,4300.0,15910.0,3.7
31035,NE,Clay,90,SOUTHEAST,2002,all,9100.0,34300.0,3.77
31035,NE,Clay,90,SOUTHEAST,2002,irrigated,4900.0,25480.0,5.2
31035,NE,Clay,90,SOUTHEAST,2002,non_irrigated,4200.0,8820.0,2.1
31035,NE,Clay,90,SOUTHEAST,2003,all,10500.0,33530.0,3.19
31035,NE,Clay,90,SOUTHEAST,2003,irrigated,5200.0,20280.0,3.9
31035,NE,Clay,90,SOUTHEAST,2003,non_irrigated,5300.0,13250.0,2.5
31035,NE,Clay,90,SOUTHEAST,2004,all,9800.0,38100.0,3.89
31035,NE,Clay,90,SOUTHEAST,2004,irrigated,4700.0,19740.0,4.2
31035,NE,Clay,90,SOUTHEAST,2004,non_irrigated,5100.0,18360.0,3.6
31035,NE,Clay,90,SOUTHEAST,2005,all,9300.0,33770.0,3.63
31035,NE,Clay,90,SOUTHEAST,2005,irrigated,4400.0,17600.0,4.0
31035,NE,Clay,90,SOUTHEAST,2005,non_irrigated,4900.0,16170.0,3.3
31035,NE,Clay,90,SOUTHEAST,2006,all,8100.0,25290.0,3.12
31035,NE,Clay,90,SOUTHEAST,2006,irrigated,4500.0,16650.0,3.7
31035,NE,Clay,90,SOUTHEAST,2006,non_irrigated,3600.0,8640.0,2.4
31035,NE,Clay,90,SOUTHEAST,2007,all,7300.0,24620.0,3.37
31035,NE,Clay,90,SOUTHEAST,2007,irrigated,4200.0,14700.0,3.5
31035,NE,Clay,90,SOUTHEAST,2007,non_irrigated,3100.0,9920.0,3.2
31035,NE,Clay,90,SOUTHEAST,2008,all,6500.0,28320.0,4.35
31035,NE,Clay,90,SOUTHEAST,2008,irrigated,3700.0,16280.0,4.4
31035,NE,Clay,90,SOUTHEAST,2008,non_irrigated,2800.0,12040.0,4.3
31035,NE,Clay,90,SOUTHEAST,2009,all,6100.0,25090.0,4.1
31035,NE,Clay,90,SOUTHEAST,2010,all,6100.0,28300.0,4.65
31035,NE,Clay,90,SOUTHEAST,2011,all,5400.0,21300.0,3.95
31035,NE,Clay,90,SOUTHEAST,2012,all,5400.0,26000.0,4.8
31035,NE,Clay,90,SOUTHEAST,2014,all,6550.0,25500.0,3.9
31035,NE,Clay,90,SOUTHEAST,2016,all,5070.0,21100.0,4.15
31037,NE,Colfax,60,EAST,2000,all,14500.0,50420.0,3.48
31037,NE,Colfax,60,EAST,2000,irrigated,800.0,3840.0,4.8
31037,NE,Colfax,60,EAST,2000,non_irrigated,13700.0,46580.0,3.4
31037,NE,Colfax,60,EAST,2001,all,15000.0,61320.0,4.09
31037,NE,Colfax,60,EAST,2001,irrigated,1200.0,6120.0,5.1
31037,NE,Colfax,60,EAST,2001,non_irrigated,13800.0,55200.0,4.0
31037,NE,Colfax,60,EAST,2002,all,17000.0,55430.0,3.26
31037,NE,Colfax,60,EAST,2002,irrigated,1200.0,6480.0,5.4
31037,NE,Colfax,60,EAST,2002,non_irrigated,15800.0,48950.0,3.1
31037,NE,Colfax,60,EAST,2003,all,17000.0,60640.0,3.57
31037,NE,Colfax,60,EAST,2003,irrigated,1200.0,5400.0,4.5
31037,NE,Colfax,60,EAST,2003,non_irrigated,15800.0,55240.0,3.5
31037,NE,Colfax,60,EAST,2004,all,16000.0,77660.0,4.85
31037,NE,Colfax,60,EAST,2004,irrigated,1300.0,7150.0,5.5
31037,NE,Colfax,60,EAST,2004,non_irrigated,14700.0,70510.0,4.8
31037,NE,Colfax,60,EAST,2005,all,15500.0,67560.0,4.36
31037,NE,Colfax,60,EAST,2005,irrigated,1300.0,6500.0,5.0
31037,NE,Colfax,60,EAST,2005,non_irrigated,14200.0,61060.0,4.3
31037,NE,Colfax,60,EAST,2006,all,16400.0,59550.0,3.63
31037,NE,Colfax,60,EAST,2006,irrigated,1400.0,7000.0,5.0
31037,NE,Colfax,60,EAST,2006,non_irrigated,15000.0,52550.0,3.5
31037,NE,Colfax,60,EAST,2007,all,15700.0,66880.0,4.26
31037,NE,Colfax,60,EAST,2007,irrigated,1200.0,6000.0,5.0
31037,NE,Colfax,60,EAST,2007,non_irrigated,14500.0,60880.0,4.2
31037,NE,Colfax,60,EAST,2008,all,13600.0,61750.0,4.55
31037,NE,Colfax,60,EAST,2009,all,12400.0,54320.0,4.4
31037,NE,Colfax,60,EAST,2010,all,11900.0,56500.0,4.75
31037,NE,Colfax,60,EAST,2011,all,10900.0,51800.0,4.75
31037,NE,Colfax,60,EAST,2012,all,10500.0,39400.0,3.75
31037,NE,Colfax,60,EAST,2013,all,8400.0,38800.0,4.6
31037,NE,Colfax,60,EAST,2015,all,8840.0,38800.0,4.4
31037,NE,Colfax,60,EAST,2016,all,8730.0,45300.0,5.2
31037,NE,Colfax,60,EAST,2017,all,9130.0,46300.0,5.05
31039,NE,Cuming,30,NORTHEAST,2000,all,27000.0,109950.0,4.07
31039,NE,Cuming,30,NORTHEAST,2000,irrigated,1300.0,7150.0,5.5
31039,NE,Cuming,30,NORTHEAST,2000,non_irrigated,25700.0,102800.0,4.0
31039,NE,Cuming,30,NORTHEAST,2001,all,29000.0,123600.0,4.26
31039,NE,Cuming,30,NORTHEAST,2001,irrigated,2000.0,10200.0,5.1
31039,NE,Cuming,30,NORTHEAST,2001,non_irrigated,27000.0,113400.0,4.2
31039,NE,Cuming,30,NORTHEAST,2002,all,28000.0,111930.0,4.0
31039,NE,Cuming,30,NORTHEAST,2002,irrigated,2100.0,10920.0,5.2
31039,NE,Cuming,30,NORTHEAST,2002,non_irrigated,25900.0,101010.0,3.9
31039,NE,Cuming,30,NORTHEAST,2003,all,29000.0,130130.0,4.49
31039,NE,Cuming,30,NORTHEAST,2003,irrigated,2300.0,12650.0,5.5
31039,NE,Cuming,30,NORTHEAST,2003,non_irrigated,26700.0,117480.0,4.4
31039,NE,Cuming,30,NORTHEAST,2004,all,26000.0,122800.0,4.72
31039,NE,Cuming,30,NORTHEAST,2004,irrigated,2000.0,10000.0,5.0
31039,NE,Cuming,30,NORTHEAST,2004,non_irrigated,24000.0,112800.0,4.7
31039,NE,Cuming,30,NORTHEAST,2005,all,27000.0,135660.0,5.02
31039,NE,Cuming,30,NORTHEAST,2005,irrigated,2200.0,11660.0,5.3
31039,NE,Cuming,30,NORTHEAST,2005,non_irrigated,24800.0,124000.0,5.0
31039,NE,Cuming,30,NORTHEAST,2006,all,25900.0,117290.0,4.53
31039,NE,Cuming,30,NORTHEAST,2006,irrigated,1900.0,11590.0,6.1
31039,NE,Cuming,30,NORTHEAST,2006,non_irrigated,24000.0,105700.0,4.4
31039,NE,Cuming,30,NORTHEAST,2007,all,23300.0,106650.0,4.58
31039,NE,Cuming,30,NORTHEAST,2007,irrigated,1800.0,9900.0,5.5
31039,NE,Cuming,30,NORTHEAST,2007,non_irrigated,21500.0,96750.0,4.5
31039,NE,Cuming,30,NORTHEAST,2008,all,19600.0,94000.0,4.8
31039,NE,Cuming,30,NORTHEAST,2009,all,17600.0,82170.0,4.65
31039,NE,Cuming,30,NORTHEAST,2010,all,15400.0,82000.0,5.3
31039,NE,Cuming,30,NORTHEAST,2011,all,12800.0,64100.0,5.0
31039,NE,Cuming,30,NORTHEAST,2012,all,12500.0,54600.0,4.35
31039,NE,Cuming,30,NORTHEAST,2013,all,11700.0,57000.0,4.85
31039,NE,Cuming,30,NORTHEAST,2014,all,13700.0,69300.0,5.05
31039,NE,Cuming,30,NORTHEAST,2015,all,14300.0,73400.0,5.15
31039,NE,Cuming,30,NORTHEAST,2016,all,12400.0,68800.0,5.55
31039,NE,Cuming,30,NORTHEAST,2017,all,13000.0,62500.0,4.8
31041,NE,Custer,50,CENTRAL,2000,all,72000.0,189300.0,2.63
31041,NE,Custer,50,CENTRAL,2000,irrigated,21000.0,92400.0,4.4
31041,NE,Custer,50,CENTRAL,2000,non_irrigated,51000.0,96900.0,1.9
31041,NE,Custer,50,CENTRAL,2001,all,76000.0,274290.0,3.61
31041,NE,Custer,50,CENTRAL,2001,irrigated,23900.0,107570.0,4.5
31041,NE,Custer,50,CENTRAL,2001,non_irrigated,52100.0,166720.0,3.2
31041,NE,Custer,50,CENTRAL,2002,all,71000.0,197300.0,2.78
31041,NE,Custer,50,CENTRAL,2002,irrigated,24000.0,108000.0,4.5
31041,NE,Custer,50,CENTRAL,2002,non_irrigated,47000.0,89300.0,1.9
31041,NE,Custer,50,CENTRAL,2003,all,77000.0,275040.0,3.57
31041,NE,Custer,50,CENTRAL,2003,irrigated,26700.0,144260.0,5.4
31041,NE,Custer,50,CENTRAL,2003,non_irrigated,50300.0,130780.0,2.6
31041,NE,Custer,50,CENTRAL,2004,all,59000.0,195100.0,3.31
31041,NE,Custer,50,CENTRAL,2004,irrigated,22000.0,110000.0,5.0
31041,NE,Custer,50,CENTRAL,2004,non_irrigated,37000.0,85100.0,2.3
31041,NE,Custer,50,CENTRAL,2005,all,58000.0,206600.0,3.56
31041,NE,Custer,50,CENTRAL,2005,irrigated,20000.0,104000.0,5.2
31041,NE,Custer,50,CENTRAL,2005,non_irrigated,38000.0,102600.0,2.7
31041,NE,Custer,50,CENTRAL,2006,all,54500.0,160250.0,2.94
31041,NE,Custer,50,CENTRAL,2006,irrigated,20500.0,92150.0,4.5
31041,NE,Custer,50,CENTRAL,2006,non_irrigated,34000.0,68100.0,2.0
31041,NE,Custer,50,CENTRAL,2007,all,51500.0,209950.0,4.08
31041,NE,Custer,50,CENTRAL,2007,irrigated,20000.0,106000.0,5.3
31041,NE,Custer,50,CENTRAL,2007,non_irrigated,31500.0,103950.0,3.3
31041,NE,Custer,50,CENTRAL,2008,all,46500.0,202650.0,4.35
31041,NE,Custer,50,CENTRAL,2008,irrigated,18000.0,97200.0,5.4
31041,NE,Custer,50,CENTRAL,2008,non_irrigated,28500.0,105450.0,3.7
31041,NE,Custer,50,CENTRAL,2009,all,45500.0,182700.0,4.0
31041,NE,Custer,50,CENTRAL,2009,irrigated,17500.0,73500.0,4.2
31041,NE,Custer,50,CENTRAL,2009,non_irrigated,28000.0,109200.0,3.9
31041,NE,Custer,50,CENTRAL,2010,all,43500.0,191000.0,4.4
31041,NE,Custer,50,CENTRAL,2011,all,40000.0,158000.0,3.95
31041,NE,Custer,50,CENTRAL,2012,all,39900.0,132600.0,3.3
31041,NE,Custer,50,CENTRAL,2013,all,39000.0,161900.0,4.15
31041,NE,Custer,50,CENTRAL,2014,all,42800.0,185300.0,4.35
31041,NE,Custer,50,CENTRAL,2015,all,41500.0,183300.0,4.4
31041,NE,Custer,50,CENTRAL,2016,all,41500.0,182800.0,4.4
31041,NE,Custer,50,CENTRAL,2017,all,41900.0,176600.0,4.2
31041,NE,Custer,50,CENTRAL,2018,all,42600.0,191700.0,4.5
31043,NE,Dakota,30,NORTHEAST,2000,all,4000.0,14400.0,3.6
31043,NE,Dakota,30,NORTHEAST,2000,non_irrigated,4000.0,14400.0,3.6
31043,NE,Dakota,30,NORTHEAST,2001,all,4100.0,15580.0,3.8
31043,NE,Dakota,30,NORTHEAST,2001,non_irrigated,4100.0,15580.0,3.8
31043,NE,Dakota,30,NORTHEAST,2002,all,4900.0,18130.0,3.7
31043,NE,Dakota,30,NORTHEAST,2002,non_irrigated,4900.0,18130.0,3.7
31043,NE,Dakota,30,NORTHEAST,2003,all,4500.0,19350.0,4.3
31043,NE,Dakota,30,NORTHEAST,2003,non_irrigated,4500.0,19350.0,4.3
31043,NE,Dakota,30,NORTHEAST,2004,all,4200.0,16910.0,4.03
31043,NE,Dakota,30,NORTHEAST,2004,non_irrigated,4100.0,16400.0,4.0
31043,NE,Dakota,30,NORTHEAST,2005,all,4200.0,19740.0,4.7
31043,NE,Dakota,30,NORTHEAST,2005,non_irrigated,4200.0,19740.0,4.7
31043,NE,Dakota,30,NORTHEAST,2006,all,4600.0,18950.0,4.12
31043,NE,Dakota,30,NORTHEAST,2006,non_irrigated,4500.0,18450.0,4.1
31043,NE,Dakota,30,NORTHEAST,2007,all,5100.0,20820.0,4.08
31043,NE,Dakota,30,NORTHEAST,2008,all,3300.0,16500.0,5.0
31043,NE,Dakota,30,NORTHEAST,2008,non_irrigated,3300.0,16500.0,5.0
31043,NE,Dakota,30,NORTHEAST,2010,all,4000.0,18800.0,4.7
31043,NE,Dakota,30,NORTHEAST,2011,all,3700.0,17400.0,4.7
31043,NE,Dakota,30,NORTHEAST,2013,all,2900.0,11200.0,3.85
31043,NE,Dakota,30,NORTHEAST,2014,all,2750.0,12100.0,4.4
31043,NE,Dakota,30,NORTHEAST,2015,all,2890.0,12900.0,4.45
31043,NE,Dakota,30,NORTHEAST,2018,all,2790.0,13000.0,4.65
31045,NE,Dawes,10,NORTHWEST,2000,all,45000.0,92240.0,2.05
31045,NE,Dawes,10,NORTHWEST,2000,irrigated,8800.0,34320.0,3.9
31045,NE,Dawes,10,NORTHWEST,2000,non_irrigated,36200.0,57920.0,1.6
31045,NE,Dawes,10,NORTHWEST,2001,all,40000.0,79200.0,1.98
31045,NE,Dawes,10,NORTHWEST,2001,irrigated,8500.0,38250.0,4.5
31045,NE,Dawes,10,NORTHWEST,2001,non_irrigated,31500.0,40950.0,1.3
31045,NE,Dawes,10,NORTHWEST,2002,all,30000.0,37400.0,1.25
31045,NE,Dawes,10,NORTHWEST,2002,irrigated,8200.0,22140.0,2.7
31045,NE,Dawes,10,NORTHWEST,2002,non_irrigated,21800.0,15260.0,0.7
31045,NE,Dawes,10,NORTHWEST,2003,all,33000.0,70800.0,2.15
31045,NE,Dawes,10,NORTHWEST,2003,irrigated,7000.0,26600.0,3.8
31045,NE,Dawes,10,NORTHWEST,2003,non_irrigated,26000.0,44200.0,1.7
31045,NE,Dawes,10,NORTHWEST,2004,all,27000.0,48720.0,1.8
31045,NE,Dawes,10,NORTHWEST,2004,irrigated,7400.0,31080.0,4.2
31045,NE,Dawes,10,NORTHWEST,2004,non_irrigated,19600.0,17640.0,0.9
31045,NE,Dawes,10,NORTHWEST,2005,all,36000.0,79830.0,2.22
31045,NE,Dawes,10,NORTHWEST,2005,irrigated,8100.0,32400.0,4.0
31045,NE,Dawes,10,NORTHWEST,2005,non_irrigated,27900.0,47430.0,1.7
31045,NE,Dawes,10,NORTHWEST,2006,all,32500.0,49970.0,1.54
31045,NE,Dawes,10,NORTHWEST,2006,irrigated,9500.0,36100.0,3.8
31045,NE,Dawes,10,NORTHWEST,2006,non_irrigated,23000.0,13870.0,0.6
31045,NE,Dawes,10,NORTHWEST,2007,all,35000.0,53500.0,1.53
31045,NE,Dawes,10,NORTHWEST,2007,irrigated,10000.0,36000.0,3.6
31045,NE,Dawes,10,NORTHWEST,2007,non_irrigated,25000.0,17500.0,0.7
31045,NE,Dawes,10,NORTHWEST,2008,all,32000.0,68900.0,2.15
31045,NE,Dawes,10,NORTHWEST,2008,irrigated,9500.0,35150.0,3.7
31045,NE,Dawes,10,NORTHWEST,2008,non_irrigated,22500.0,33750.0,1.5
31045,NE,Dawes,10,NORTHWEST,2009,all,29600.0,71920.0,2.45
31045,NE,Dawes,10,NORTHWEST,2009,irrigated,8600.0,40420.0,4.7
31045,NE,Dawes,10,NORTHWEST,2009,non_irrigated,21000.0,31500.0,1.5
31045,NE,Dawes,10,NORTHWEST,2010,all,25700.0,61700.0,2.4
31045,NE,Dawes,10,NORTHWEST,2011,all,25000.0,48500.0,1.95
31045,NE,Dawes,10,NORTHWEST,2013,all,31000.0,46000.0,1.5
31045,NE,Dawes,10,NORTHWEST,2014,all,37100.0,80300.0,2.15
31045,NE,Dawes,10,NORTHWEST,2015,all,44500.0,92600.0,2.1
31045,NE,Dawes,10,NORTHWEST,2016,all,40300.0,67500.0,1.65
31045,NE,Dawes,10,NORTHWEST,2017,all,47300.0,93500.0,2.0
31045,NE,Dawes,10,NORTHWEST,2018,all,54400.0,130200.0,2.4
31047,NE,Dawson,50,CENTRAL,2000,all,64000.0,248430.0,3.88
31047,NE,Dawson,50,CENTRAL,2000,irrigated,19500.0,83780.0,4.3
31047,NE,Dawson,50,CENTRAL,2000,non_irrigated,44500.0,164650.0,3.7
31047,NE,Dawson,50,CENTRAL,2001,all,65000.0,261540.0,4.02
31047,NE,Dawson,50,CENTRAL,2001,irrigated,17600.0,86240.0,4.9
31047,NE,Dawson,50,CENTRAL,2001,non_irrigated,47400.0,175300.0,3.7
31047,NE,Dawson,50,CENTRAL,2002,all,49000.0,193850.0,3.96
31047,NE,Dawson,50,CENTRAL,2002,irrigated,14000.0,64400.0,4.6
31047,NE,Dawson,50,CENTRAL,2002,non_irrigated,35000.0,129450.0,3.7
31047,NE,Dawson,50,CENTRAL,2003,all,65000.0,273210.0,4.2
31047,NE,Dawson,50,CENTRAL,2003,irrigated,16600.0,79680.0,4.8
31047,NE,Dawson,50,CENTRAL,2003,non_irrigated,48400.0,193530.0,4.0
31047,NE,Dawson,50,CENTRAL,2004,all,55000.0,225220.0,4.09
31047,NE,Dawson,50,CENTRAL,2004,irrigated,18000.0,84600.0,4.7
31047,NE,Dawson,50,CENTRAL,2004,non_irrigated,37000.0,140620.0,3.8
31047,NE,Dawson,50,CENTRAL,2005,all,54000.0,219000.0,4.06
31047,NE,Dawson,50,CENTRAL,2005,irrigated,20000.0,100000.0,5.0
31047,NE,Dawson,50,CENTRAL,2005,non_irrigated,34000.0,119000.0,3.5
31047,NE,Dawson,50,CENTRAL,2006,all,55000.0,227760.0,4.14
31047,NE,Dawson,50,CENTRAL,2006,irrigated,22000.0,105560.0,4.8
31047,NE,Dawson,50,CENTRAL,2006,non_irrigated,33000.0,122200.0,3.7
31047,NE,Dawson,50,CENTRAL,2007,all,48500.0,225630.0,4.65
31047,NE,Dawson,50,CENTRAL,2007,irrigated,18500.0,90630.0,4.9
31047,NE,Dawson,50,CENTRAL,2007,non_irrigated,30000.0,135000.0,4.5
31047,NE,Dawson,50,CENTRAL,2008,all,40000.0,195200.0,4.9
31047,NE,Dawson,50,CENTRAL,2008,irrigated,16000.0,84800.0,5.3
31047,NE,Dawson,50,CENTRAL,2008,non_irrigated,24000.0,110400.0,4.6
31047,NE,Dawson,50,CENTRAL,2009,all,41000.0,183200.0,4.45
31047,NE,Dawson,50,CENTRAL,2009,irrigated,16000.0,83200.0,5.2
31047,NE,Dawson,50,CENTRAL,2009,non_irrigated,25000.0,100000.0,4.0
31047,NE,Dawson,50,CENTRAL,2010,all,36900.0,166000.0,4.5
31047,NE,Dawson,50,CENTRAL,2011,all,28000.0,115500.0,4.15
31047,NE,Dawson,50,CENTRAL,2012,all,29000.0,110800.0,3.8
31047,NE,Dawson,50,CENTRAL,2013,all,29500.0,124300.0,4.2
31047,NE,Dawson,50,CENTRAL,2014,all,36000.0,185500.0,5.15
31047,NE,Dawson,50,CENTRAL,2015,all,36700.0,181000.0,4.95
31047,NE,Dawson,50,CENTRAL,2016,all,30800.0,166800.0,5.4
31047,NE,Dawson,50,CENTRAL,2017,all,32400.0,165800.0,5.1
31049,NE,Deuel,10,NORTHWEST,2000,all,1700.0,8810.0,5.18
31049,NE,Deuel,10,NORTHWEST,2000,irrigated,1600.0,8640.0,5.4
31049,NE,Deuel,10,NORTHWEST,2001,all,1800.0,7940.0,4.41
31049,NE,Deuel,10,NORTHWEST,2001,irrigated,1700.0,7650.0,4.5
31049,NE,Deuel,10,NORTHWEST,2002,all,1900.0,8060.0,4.24
31049,NE,Deuel,10,NORTHWEST,2002,irrigated,1800.0,7920.0,4.4
31049,NE,Deuel,10,NORTHWEST,2003,all,2000.0,10440.0,5.22
31049,NE,Deuel,10,NORTHWEST,2003,irrigated,1900.0,10260.0,5.4
31049,NE,Deuel,10,NORTHWEST,2004,all,2300.0,10110.0,4.4
31049,NE,Deuel,10,NORTHWEST,2004,irrigated,2200.0,9900.0,4.5
31049,NE,Deuel,10,NORTHWEST,2005,all,2600.0,13180.0,5.07
31049,NE,Deuel,10,NORTHWEST,2005,irrigated,2400.0,12720.0,5.3
31049,NE,Deuel,10,NORTHWEST,2006,all,2300.0,11200.0,4.87
31049,NE,Deuel,10,NORTHWEST,2006,irrigated,2200.0,11000.0,5.0
31049,NE,Deuel,10,NORTHWEST,2007,all,2400.0,11450.0,4.77
31049,NE,Deuel,10,NORTHWEST,2008,all,1600.0,7530.0,4.7
31049,NE,Deuel,10,NORTHWEST,2010,all,2200.0,10400.0,4.75
31049,NE,Deuel,10,NORTHWEST,2011,all,1600.0,8500.0,5.3
31049,NE,Deuel,10,NORTHWEST,2012,all,1700.0,7200.0,4.25
31049,NE,Deuel,10,NORTHWEST,2015,all,1810.0,8100.0,4.5
31049,NE,Deuel,10,NORTHWEST,2016,all,1870.0,8900.0,4.75
31051,NE,Dixon,30,NORTHEAST,2000,all,11000.0,41060.0,3.73
31051,NE,Dixon,30,NORTHEAST,2000,non_irrigated,10800.0,39960.0,3.7
31051,NE,Dixon,30,NORTHEAST,2001,all,12500.0,47830.0,3.83
31051,NE,Dixon,30,NORTHEAST,2001,non_irrigated,12200.0,46360.0,3.8
31051,NE,Dixon,30,NORTHEAST,2002,all,11000.0,37880.0,3.44
31051,NE,Dixon,30,NORTHEAST,2002,non_irrigated,10700.0,36380.0,3.4
31051,NE,Dixon,30,NORTHEAST,2003,all,12000.0,51810.0,4.32
31051,NE,Dixon,30,NORTHEAST,2003,non_irrigated,11700.0,50310.0,4.3
31051,NE,Dixon,30,NORTHEAST,2004,all,11000.0,49740.0,4.52
31051,NE,Dixon,30,NORTHEAST,2004,non_irrigated,10600.0,47700.0,4.5
31051,NE,Dixon,30,NORTHEAST,2005,all,10500.0,42800.0,4.08
31051,NE,Dixon,30,NORTHEAST,2005,non_irrigated,10100.0,40400.0,4.0
31051,NE,Dixon,30,NORTHEAST,2006,all,10400.0,34080.0,3.28
31051,NE,Dixon,30,NORTHEAST,2006,non_irrigated,10000.0,32000.0,3.2
31051,NE,Dixon,30,NORTHEAST,2007,all,9000.0,32820.0,3.65
31051,NE,Dixon,30,NORTHEAST,2008,all,8100.0,34930.0,4.3
31051,NE,Dixon,30,NORTHEAST,2010,all,6500.0,28300.0,4.35
31051,NE,Dixon,30,NORTHEAST,2011,all,6400.0,28800.0,4.5
31051,NE,Dixon,30,NORTHEAST,2012,all,6000.0,16200.0,2.7
31051,NE,Dixon,30,NORTHEAST,2013,all,5700.0,21100.0,3.7
31051,NE,Dixon,30,NORTHEAST,2014,all,6880.0,32400.0,4.7
31051,NE,Dixon,30,NORTHEAST,2016,all,5640.0,28700.0,5.1
31053,NE,Dodge,60,EAST,2000,all,9500.0,37800.0,3.98
31053,NE,Dodge,60,EAST,2000,irrigated,500.0,2700.0,5.4
31053,NE,Dodge,60,EAST,2000,non_irrigated,9000.0,35100.0,3.9
31053,NE,Dodge,60,EAST,2001,all,9800.0,39700.0,4.05
31053,NE,Dodge,60,EAST,2001,irrigated,500.0,2500.0,5.0
31053,NE,Dodge,60,EAST,2001,non_irrigated,9300.0,37200.0,4.0
31053,NE,Dodge,60,EAST,2002,all,8100.0,26560.0,3.28
31053,NE,Dodge,60,EAST,2002,non_irrigated,7700.0,24640.0,3.2
31053,NE,Dodge,60,EAST,2003,all,9100.0,35060.0,3.85
31053,NE,Dodge,60,EAST,2003,non_irrigated,8700.0,33060.0,3.8
31053,NE,Dodge,60,EAST,2004,all,7800.0,31380.0,4.02
31053,NE,Dodge,60,EAST,2004,non_irrigated,7500.0,30000.0,4.0
31053,NE,Dodge,60,EAST,2005,all,7900.0,30840.0,3.9
31053,NE,Dodge,60,EAST,2005,non_irrigated,7600.0,29640.0,3.9
31053,NE,Dodge,60,EAST,2006,all,7800.0,29460.0,3.78
31053,NE,Dodge,60,EAST,2006,non_irrigated,7400.0,27380.0,3.7
31053,NE,Dodge,60,EAST,2007,all,7200.0,30740.0,4.27
31053,NE,Dodge,60,EAST,2007,irrigated,500.0,2600.0,5.2
31053,NE,Dodge,60,EAST,2007,non_irrigated,6700.0,28140.0,4.2
31053,NE,Dodge,60,EAST,2008,all,6400.0,24970.0,3.9
31053,NE,Dodge,60,EAST,2009,all,5800.0,25020.0,4.3
31053,NE,Dodge,60,EAST,2010,all,5200.0,24700.0,4.75
31053,NE,Dodge,60,EAST,2011,all,4700.0,23100.0,4.9
31053,NE,Dodge,60,EAST,2012,all,4200.0,18400.0,4.4
31053,NE,Dodge,60,EAST,2013,all,3700.0,15100.0,4.1
31053,NE,Dodge,60,EAST,2014,all,4730.0,20500.0,4.35
31053,NE,Dodge,60,EAST,2016,all,3740.0,18200.0,4.85
31053,NE,Dodge,60,EAST,2017,all,4180.0,21000.0,5.0
31053,NE,Dodge,60,EAST,2018,all,3810.0,19000.0,5.0
31055,NE,Douglas,60,EAST,2000,all,3600.0,13820.0,3.84
31055,NE,Douglas,60,EAST,2000,non_irrigated,3400.0,12920.0,3.8
31055,NE,Douglas,60,EAST,2001,all,3500.0,12360.0,3.53
31055,NE,Douglas,60,EAST,2001,non_irrigated,3400.0,11900.0,3.5
31055,NE,Douglas,60,EAST,2002,all,2800.0,8060.0,2.88
31055,NE,Douglas,60,EAST,2002,non_irrigated,2700.0,7560.0,2.8
31055,NE,Douglas,60,EAST,2003,all,3000.0,8050.0,2.68
31055,NE,Douglas,60,EAST,2003,non_irrigated,2900.0,7540.0,2.6
31055,NE,Douglas,60,EAST,2004,all,2800.0,9690.0,3.46
31055,NE,Douglas,60,EAST,2004,non_irrigated,2700.0,9180.0,3.4
31055,NE,Douglas,60,EAST,2005,all,2900.0,10500.0,3.62
31055,NE,Douglas,60,EAST,2005,non_irrigated,2800.0,10080.0,3.6
31055,NE,Douglas,60,EAST,2006,all,2200.0,7480.0,3.4
31055,NE,Douglas,60,EAST,2006,non_irrigated,2200.0,7480.0,3.4
31055,NE,Douglas,60,EAST,2007,all,2200.0,8070.0,3.67
31055,NE,Douglas,60,EAST,2008,all,1900.0,5320.0,2.8
31055,NE,Douglas,60,EAST,2008,non_irrigated,1900.0,5320.0,2.8
31055,NE,Douglas,60,EAST,2009,all,1800.0,5760.0,3.2
31055,NE,Douglas,60,EAST,2009,non_irrigated,1800.0,5760.0,3.2
31055,NE,Douglas,60,EAST,2010,all,1800.0,7000.0,3.9
31055,NE,Douglas,60,EAST,2011,all,1500.0,5500.0,3.65
31055,NE,Douglas,60,EAST,2012,all,1500.0,4850.0,3.25
31055,NE,Douglas,60,EAST,2014,all,1140.0,4500.0,3.95
31055,NE,Douglas,60,EAST,2015,all,1170.0,3700.0,3.15
31055,NE,Douglas,60,EAST,2016,all,890.0,2980.0,3.35
31055,NE,Douglas,60,EAST,2017,all,950.0,2400.0,2.55
31055,NE,Douglas,60,EAST,2018,all,1420.0,5000.0,3.5
31057,NE,Dundy,70,SOUTHWEST,2000,all,12500.0,56560.0,4.52
31057,NE,Dundy,70,SOUTHWEST,2000,irrigated,9800.0,49000.0,5.0
31057,NE,Dundy,70,SOUTHWEST,2000,non_irrigated,2700.0,7560.0,2.8
31057,NE,Dundy,70,SOUTHWEST,2001,all,12000.0,59720.0,4.98
31057,NE,Dundy,70,SOUTHWEST,2001,irrigated,9800.0,54880.0,5.6
31057,NE,Dundy,70,SOUTHWEST,2001,non_irrigated,2200.0,4840.0,2.2
31057,NE,Dundy,70,SOUTHWEST,2002,all,11000.0,40030.0,3.64
31057,NE,Dundy,70,SOUTHWEST,2002,irrigated,7900.0,34760.0,4.4
31057,NE,Dundy,70,SOUTHWEST,2002,non_irrigated,3100.0,5270.0,1.7
31057,NE,Dundy,70,SOUTHWEST,2003,all,11000.0,46510.0,4.23
31057,NE,Dundy,70,SOUTHWEST,2003,irrigated,8700.0,39150.0,4.5
31057,NE,Dundy,70,SOUTHWEST,2003,non_irrigated,2300.0,7360.0,3.2
31057,NE,Dundy,70,SOUTHWEST,2004,all,9000.0,41940.0,4.66
31057,NE,Dundy,70,SOUTHWEST,2004,irrigated,7300.0,36500.0,5.0
31057,NE,Dundy,70,SOUTHWEST,2004,non_irrigated,1700.0,5440.0,3.2
31057,NE,Dundy,70,SOUTHWEST,2005,all,7700.0,34720.0,4.51
31057,NE,Dundy,70,SOUTHWEST,2005,irrigated,5600.0,28000.0,5.0
31057,NE,Dundy,70,SOUTHWEST,2005,non_irrigated,2100.0,6720.0,3.2
31057,NE,Dundy,70,SOUTHWEST,2006,all,6200.0,25800.0,4.16
31057,NE,Dundy,70,SOUTHWEST,2006,irrigated,4600.0,21160.0,4.6
31057,NE,Dundy,70,SOUTHWEST,2006,non_irrigated,1600.0,4640.0,2.9
31057,NE,Dundy,70,SOUTHWEST,2007,all,5800.0,26030.0,4.49
31057,NE,Dundy,70,SOUTHWEST,2007,irrigated,4400.0,21550.0,4.9
31057,NE,Dundy,70,SOUTHWEST,2007,non_irrigated,1400.0,4480.0,3.2
31057,NE,Dundy,70,SOUTHWEST,2008,all,5700.0,24630.0,4.3
31057,NE,Dundy,70,SOUTHWEST,2009,all,5300.0,22890.0,4.3
31057,NE,Dundy,70,SOUTHWEST,2010,all,5300.0,25800.0,4.85
31057,NE,Dundy,70,SOUTHWEST,2011,all,5000.0,24100.0,4.8
31057,NE,Dundy,70,SOUTHWEST,2012,all,5100.0,21300.0,4.2
31057,NE,Dundy,70,SOUTHWEST,2013,all,4500.0,20100.0,4.45
31057,NE,Dundy,70,SOUTHWEST,2014,all,5330.0,23800.0,4.45
31057,NE,Dundy,70,SOUTHWEST,2015,all,5370.0,25500.0,4.75
31057,NE,Dundy,70,SOUTHWEST,2016,all,4630.0,21700.0,4.7
31057,NE,Dundy,70,SOUTHWEST,2017,all,4810.0,23000.0,4.8
31057,NE,Dundy,70,SOUTHWEST,2018,all,6070.0,30900.0,5.1
31059,NE,Fillmore,90,SOUTHEAST,2000,all,4300.0,15150.0,3.52
31059,NE,Fillmore,90,SOUTHEAST,2000,non_irrigated,4000.0,13200.0,3.3
31059,NE,Fillmore,90,SOUTHEAST,2001,all,4600.0,14880.0,3.23
31059,NE,Fillmore,90,SOUTHEAST,2001,non_irrigated,4200.0,12600.0,3.0
31059,NE,Fillmore,90,SOUTHEAST,2002,all,4800.0,14240.0,2.97
31059,NE,Fillmore,90,SOUTHEAST,2002,irrigated,800.0,4240.0,5.3
31059,NE,Fillmore,90,SOUTHEAST,2002,non_irrigated,4000.0,10000.0,2.5
31059,NE,Fillmore,90,SOUTHEAST,2003,all,6800.0,19640.0,2.89
31059,NE,Fillmore,90,SOUTHEAST,2003,irrigated,1100.0,5390.0,4.9
31059,NE,Fillmore,90,SOUTHEAST,2003,non_irrigated,5700.0,14250.0,2.5
31059,NE,Fillmore,90,SOUTHEAST,2004,all,5200.0,20640.0,3.97
31059,NE,Fillmore,90,SOUTHEAST,2004,irrigated,800.0,4800.0,6.0
31059,NE,Fillmore,90,SOUTHEAST,2004,non_irrigated,4400.0,15840.0,3.6
31059,NE,Fillmore,90,SOUTHEAST,2005,all,5100.0,19070.0,3.74
31059,NE,Fillmore,90,SOUTHEAST,2005,irrigated,800.0,4880.0,6.1
31059,NE,Fillmore,90,SOUTHEAST,2005,non_irrigated,4300.0,14190.0,3.3
31059,NE,Fillmore,90,SOUTHEAST,2006,all,5900.0,19400.0,3.29
31059,NE,Fillmore,90,SOUTHEAST,2006,irrigated,1200.0,6240.0,5.2
31059,NE,Fillmore,90,SOUTHEAST,2006,non_irrigated,4700.0,13160.0,2.8
31059,NE,Fillmore,90,SOUTHEAST,2007,all,4300.0,14760.0,3.43
31059,NE,Fillmore,90,SOUTHEAST,2007,irrigated,1300.0,5460.0,4.2
31059,NE,Fillmore,90,SOUTHEAST,2007,non_irrigated,3000.0,9300.0,3.1
31059,NE,Fillmore,90,SOUTHEAST,2008,all,4100.0,16680.0,4.05
31059,NE,Fillmore,90,SOUTHEAST,2008,irrigated,1100.0,5280.0,4.8
31059,NE,Fillmore,90,SOUTHEAST,2008,non_irrigated,3000.0,11400.0,3.8
31059,NE,Fillmore,90,SOUTHEAST,2009,all,5100.0,21060.0,4.15
31059,NE,Fillmore,90,SOUTHEAST,2009,irrigated,1200.0,7800.0,6.5
31059,NE,Fillmore,90,SOUTHEAST,2009,non_irrigated,3900.0,13260.0,3.4
31059,NE,Fillmore,90,SOUTHEAST,2010,all,5000.0,23100.0,4.6
31059,NE,Fillmore,90,SOUTHEAST,2011,all,4800.0,22300.0,4.65
31059,NE,Fillmore,90,SOUTHEAST,2012,all,4600.0,17300.0,3.75
31059,NE,Fillmore,90,SOUTHEAST,2013,all,3600.0,10500.0,2.9
31059,NE,Fillmore,90,SOUTHEAST,2017,all,3950.0,21900.0,5.55
31061,NE,Franklin,80,SOUTH,2000,all,7700.0,28060.0,3.64
31061,NE,Franklin,80,SOUTH,2000,irrigated,1900.0,9500.0,5.0
31061,NE,Franklin,80,SOUTH,2000,non_irrigated,5800.0,18560.0,3.2
31061,NE,Franklin,80,SOUTH,2001,all,8700.0,33190.0,3.81
31061,NE,Franklin,80,SOUTH,2001,irrigated,2800.0,13720.0,4.9
31061,NE,Franklin,80,SOUTH,2001,non_irrigated,5900.0,19470.0,3.3
31061,NE,Franklin,80,SOUTH,2002,all,10500.0,36050.0,3.43
31061,NE,Franklin,80,SOUTH,2002,irrigated,4000.0,22400.0,5.6
31061,NE,Franklin,80,SOUTH,2002,non_irrigated,6500.0,13650.0,2.1
31061,NE,Franklin,80,SOUTH,2003,all,10500.0,40570.0,3.86
31061,NE,Franklin,80,SOUTH,2003,irrigated,4600.0,23460.0,5.1
31061,NE,Franklin,80,SOUTH,2003,non_irrigated,5900.0,17110.0,2.9
31061,NE,Franklin,80,SOUTH,2004,all,9700.0,39530.0,4.08
31061,NE,Franklin,80,SOUTH,2004,irrigated,3800.0,22420.0,5.9
31061,NE,Franklin,80,SOUTH,2004,non_irrigated,5900.0,17110.0,2.9
31061,NE,Franklin,80,SOUTH,2005,all,8900.0,35380.0,3.98
31061,NE,Franklin,80,SOUTH,2005,irrigated,3100.0,17980.0,5.8
31061,NE,Franklin,80,SOUTH,2005,non_irrigated,5800.0,17400.0,3.0
31061,NE,Franklin,80,SOUTH,2006,all,7300.0,26840.0,3.68
31061,NE,Franklin,80,SOUTH,2006,irrigated,2100.0,11760.0,5.6
31061,NE,Franklin,80,SOUTH,2006,non_irrigated,5200.0,15080.0,2.9
31061,NE,Franklin,80,SOUTH,2007,all,5900.0,25460.0,4.32
31061,NE,Franklin,80,SOUTH,2007,irrigated,1600.0,9120.0,5.7
31061,NE,Franklin,80,SOUTH,2007,non_irrigated,4300.0,16340.0,3.8
31061,NE,Franklin,80,SOUTH,2008,all,5500.0,22750.0,4.15
31061,NE,Franklin,80,SOUTH,2009,all,5100.0,17540.0,3.45
31061,NE,Franklin,80,SOUTH,2009,irrigated,1400.0,6440.0,4.6
31061,NE,Franklin,80,SOUTH,2009,non_irrigated,3700.0,11100.0,3.0
31061,NE,Franklin,80,SOUTH,2010,all,5000.0,22500.0,4.5
31061,NE,Franklin,80,SOUTH,2011,all,4600.0,20100.0,4.35
31061,NE,Franklin,80,SOUTH,2012,all,4900.0,13300.0,2.7
31061,NE,Franklin,80,SOUTH,2013,all,4300.0,10300.0,2.4
31063,NE,Frontier,70,SOUTHWEST,2000,all,5100.0,19790.0,3.88
31063,NE,Frontier,70,SOUTHWEST,2000,irrigated,2000.0,10800.0,5.4
31063,NE,Frontier,70,SOUTHWEST,2000,non_irrigated,3100.0,8990.0,2.9
31063,NE,Frontier,70,SOUTHWEST,2001,all,6000.0,27480.0,4.58
31063,NE,Frontier,70,SOUTHWEST,2001,irrigated,2400.0,12720.0,5.3
31063,NE,Frontier,70,SOUTHWEST,2001,non_irrigated,3600.0,14760.0,4.1
31063,NE,Frontier,70,SOUTHWEST,2002,all,5600.0,16950.0,3.03
31063,NE,Frontier,70,SOUTHWEST,2002,irrigated,2300.0,10350.0,4.5
31063,NE,Frontier,70,SOUTHWEST,2002,non_irrigated,3300.0,6600.0,2.0
31063,NE,Frontier,70,SOUTHWEST,2003,all,6100.0,24800.0,4.07
31063,NE,Frontier,70,SOUTHWEST,2003,irrigated,2600.0,14300.0,5.5
31063,NE,Frontier,70,SOUTHWEST,2003,non_irrigated,3500.0,10500.0,3.0
31063,NE,Frontier,70,SOUTHWEST,2004,all,5400.0,19740.0,3.66
31063,NE,Frontier,70,SOUTHWEST,2004,irrigated,2600.0,12740.0,4.9
31063,NE,Frontier,70,SOUTHWEST,2004,non_irrigated,2800.0,7000.0,2.5
31063,NE,Frontier,70,SOUTHWEST,2005,all,5100.0,20870.0,4.09
31063,NE,Frontier,70,SOUTHWEST,2005,irrigated,2000.0,9400.0,4.7
31063,NE,Frontier,70,SOUTHWEST,2005,non_irrigated,3100.0,11470.0,3.7
31063,NE,Frontier,70,SOUTHWEST,2006,all,3700.0,14280.0,3.86
31063,NE,Frontier,70,SOUTHWEST,2006,irrigated,1700.0,7480.0,4.4
31063,NE,Frontier,70,SOUTHWEST,2006,non_irrigated,2000.0,6800.0,3.4
31063,NE,Frontier,70,SOUTHWEST,2007,all,3100.0,13900.0,4.48
31063,NE,Frontier,70,SOUTHWEST,2007,irrigated,1500.0,7500.0,5.0
31063,NE,Frontier,70,SOUTHWEST,2007,non_irrigated,1600.0,6400.0,4.0
31063,NE,Frontier,70,SOUTHWEST,2008,all,2600.0,11240.0,4.3
31063,NE,Frontier,70,SOUTHWEST,2009,all,2700.0,11450.0,4.25
31063,NE,Frontier,70,SOUTHWEST,2009,irrigated,1300.0,5850.0,4.5
31063,NE,Frontier,70,SOUTHWEST,2009,non_irrigated,1400.0,5600.0,4.0
31063,NE,Frontier,70,SOUTHWEST,2010,all,2300.0,11800.0,5.15
31063,NE,Frontier,70,SOUTHWEST,2012,all,2200.0,9100.0,4.15
31063,NE,Frontier,70,SOUTHWEST,2013,all,1800.0,7600.0,4.2
31063,NE,Frontier,70,SOUTHWEST,2015,all,1850.0,9300.0,5.05
31065,NE,Furnas,80,SOUTH,2000,all,19500.0,80050.0,4.11
31065,NE,Furnas,80,SOUTH,2000,irrigated,5200.0,28570.0,5.49
31065,NE,Furnas,80,SOUTH,2000,non_irrigated,14300.0,51480.0,3.6
31065,NE,Furnas,80,SOUTH,2001,all,19500.0,85510.0,4.39
31065,NE,Furnas,80,SOUTH,2001,irrigated,6300.0,32740.0,5.2
31065,NE,Furnas,80,SOUTH,2001,non_irrigated,13200.0,52770.0,4.0
31065,NE,Furnas,80,SOUTH,2002,all,17000.0,63450.0,3.73
31065,NE,Furnas,80,SOUTH,2002,irrigated,6600.0,34340.0,5.2
31065,NE,Furnas,80,SOUTH,2002,non_irrigated,10400.0,29110.0,2.8
31065,NE,Furnas,80,SOUTH,2003,all,20000.0,84950.0,4.25
31065,NE,Furnas,80,SOUTH,2003,irrigated,8900.0,47180.0,5.3
31065,NE,Furnas,80,SOUTH,2003,non_irrigated,11100.0,37770.0,3.4
31065,NE,Furnas,80,SOUTH,2004,all,18000.0,80360.0,4.46
31065,NE,Furnas,80,SOUTH,2004,irrigated,7800.0,43680.0,5.6
31065,NE,Furnas,80,SOUTH,2004,non_irrigated,10200.0,36680.0,3.6
31065,NE,Furnas,80,SOUTH,2005,all,16500.0,71280.0,4.32
31065,NE,Furnas,80,SOUTH,2005,irrigated,6600.0,33660.0,5.1
31065,NE,Furnas,80,SOUTH,2005,non_irrigated,9900.0,37620.0,3.8
31065,NE,Furnas,80,SOUTH,2006,all,15100.0,56760.0,3.76
31065,NE,Furnas,80,SOUTH,2006,irrigated,6000.0,25800.0,4.3
31065,NE,Furnas,80,SOUTH,2006,non_irrigated,9100.0,30960.0,3.4
31065,NE,Furnas,80,SOUTH,2007,all,14700.0,66290.0,4.51
31065,NE,Furnas,80,SOUTH,2007,irrigated,4700.0,26310.0,5.6
31065,NE,Furnas,80,SOUTH,2007,non_irrigated,10000.0,39980.0,4.0
31065,NE,Furnas,80,SOUTH,2008,all,13700.0,58190.0,4.25
31065,NE,Furnas,80,SOUTH,2008,irrigated,4300.0,20630.0,4.8
31065,NE,Furnas,80,SOUTH,2008,non_irrigated,9400.0,37560.0,4.0
31065,NE,Furnas,80,SOUTH,2009,all,12500.0,58820.0,4.7
31065,NE,Furnas,80,SOUTH,2010,all,11500.0,53600.0,4.65
31065,NE,Furnas,80,SOUTH,2011,all,10500.0,58300.0,5.55
31065,NE,Furnas,80,SOUTH,2012,all,11200.0,44800.0,4.0
31065,NE,Furnas,80,SOUTH,2013,all,9400.0,32600.0,3.45
31065,NE,Furnas,80,SOUTH,2014,all,11200.0,50400.0,4.5
31065,NE,Furnas,80,SOUTH,2016,all,8950.0,46400.0,5.2
31065,NE,Furnas,80,SOUTH,2017,all,9190.0,42800.0,4.65
31067,NE,Gage,90,SOUTHEAST,2000,all,14000.0,33120.0,2.37
31067,NE,Gage,90,SOUTHEAST,2000,irrigated,800.0,4080.0,5.1
31067,NE,Gage,90,SOUTHEAST,2000,non_irrigated,13200.0,29040.0,2.2
31067,NE,Gage,90,SOUTHEAST,2001,all,14500.0,54550.0,3.76
31067,NE,Gage,90,SOUTHEAST,2001,irrigated,800.0,3920.0,4.9
31067,NE,Gage,90,SOUTHEAST,2001,non_irrigated,13700.0,50630.0,3.7
31067,NE,Gage,90,SOUTHEAST,2002,all,13000.0,29810.0,2.29
31067,NE,Gage,90,SOUTHEAST,2002,irrigated,600.0,2580.0,4.3
31067,NE,Gage,90,SOUTHEAST,2002,non_irrigated,12400.0,27230.0,2.2
31067,NE,Gage,90,SOUTHEAST,2003,all,14000.0,42020.0,3.0
31067,NE,Gage,90,SOUTHEAST,2003,irrigated,600.0,3180.0,5.3
31067,NE,Gage,90,SOUTHEAST,2003,non_irrigated,13400.0,38840.0,2.9
31067,NE,Gage,90,SOUTHEAST,2004,all,13000.0,47700.0,3.67
31067,NE,Gage,90,SOUTHEAST,2004,irrigated,500.0,2700.0,5.4
31067,NE,Gage,90,SOUTHEAST,2004,non_irrigated,12500.0,45000.0,3.6
31067,NE,Gage,90,SOUTHEAST,2005,all,12000.0,42670.0,3.56
31067,NE,Gage,90,SOUTHEAST,2005,non_irrigated,11700.0,40900.0,3.5
31067,NE,Gage,90,SOUTHEAST,2006,all,11400.0,39320.0,3.45
31067,NE,Gage,90,SOUTHEAST,2006,non_irrigated,11000.0,37400.0,3.4
31067,NE,Gage,90,SOUTHEAST,2007,all,9800.0,27890.0,2.85
31067,NE,Gage,90,SOUTHEAST,2008,all,10000.0,40030.0,4.0
31067,NE,Gage,90,SOUTHEAST,2009,all,9300.0,37310.0,4.0
31067,NE,Gage,90,SOUTHEAST,2009,irrigated,900.0,5400.0,6.0
31067,NE,Gage,90,SOUTHEAST,2009,non_irrigated,8400.0,31910.0,3.8
31067,NE,Gage,90,SOUTHEAST,2010,all,8600.0,35700.0,4.15
31067,NE,Gage,90,SOUTHEAST,2011,all,7300.0,32800.0,4.5
31067,NE,Gage,90,SOUTHEAST,2012,all,7000.0,13900.0,2.0
31069,NE,Garden,10,NORTHWEST,2000,all,13000.0,60900.0,4.68
31069,NE,Garden,10,NORTHWEST,2000,irrigated,11500.0,58650.0,5.1
31069,NE,Garden,10,NORTHWEST,2000,non_irrigated,1500.0,2250.0,1.5
31069,NE,Garden,10,NORTHWEST,2001,all,14500.0,66120.0,4.56
31069,NE,Garden,10,NORTHWEST,2001,irrigated,12300.0,61500.0,5.0
31069,NE,Garden,10,NORTHWEST,2001,non_irrigated,2200.0,4620.0,2.1
31069,NE,Garden,10,NORTHWEST,2002,all,14000.0,64700.0,4.62
31069,NE,Garden,10,NORTHWEST,2002,irrigated,13000.0,63700.0,4.9
31069,NE,Garden,10,NORTHWEST,2002,non_irrigated,1000.0,1000.0,1.0
31069,NE,Garden,10,NORTHWEST,2003,all,15000.0,75000.0,5.0
31069,NE,Garden,10,NORTHWEST,2003,irrigated,13500.0,71550.0,5.3
31069,NE,Garden,10,NORTHWEST,2003,non_irrigated,1500.0,3450.0,2.3
31069,NE,Garden,10,NORTHWEST,2004,all,13500.0,60640.0,4.49
31069,NE,Garden,10,NORTHWEST,2004,irrigated,12200.0,58560.0,4.8
31069,NE,Garden,10,NORTHWEST,2004,non_irrigated,1300.0,2080.0,1.6
31069,NE,Garden,10,NORTHWEST,2005,all,14000.0,58950.0,4.21
31069,NE,Garden,10,NORTHWEST,2005,irrigated,11500.0,55200.0,4.8
31069,NE,Garden,10,NORTHWEST,2005,non_irrigated,2500.0,3750.0,1.5
31069,NE,Garden,10,NORTHWEST,2006,all,11500.0,50100.0,4.36
31069,NE,Garden,10,NORTHWEST,2006,irrigated,10000.0,48000.0,4.8
31069,NE,Garden,10,NORTHWEST,2006,non_irrigated,1500.0,2100.0,1.4
31069,NE,Garden,10,NORTHWEST,2007,all,10900.0,50330.0,4.62
31069,NE,Garden,10,NORTHWEST,2007,irrigated,9800.0,48020.0,4.9
31069,NE,Garden,10,NORTHWEST,2007,non_irrigated,1100.0,2310.0,2.1
31069,NE,Garden,10,NORTHWEST,2008,all,9500.0,41800.0,4.4
31069,NE,Garden,10,NORTHWEST,2009,all,8500.0,36990.0,4.35
31069,NE,Garden,10,NORTHWEST,2009,irrigated,7800.0,35100.0,4.5
31069,NE,Garden,10,NORTHWEST,2009,non_irrigated,700.0,1890.0,2.7
31069,NE,Garden,10,NORTHWEST,2010,all,6700.0,32100.0,4.8
31069,NE,Garden,10,NORTHWEST,2011,all,6000.0,26500.0,4.4
31069,NE,Garden,10,NORTHWEST,2012,all,5700.0,22900.0,4.0
31069,NE,Garden,10,NORTHWEST,2014,all,6430.0,29000.0,4.5
31069,NE,Garden,10,NORTHWEST,2017,all,8940.0,35600.0,4.0
31069,NE,Garden,10,NORTHWEST,2018,all,8430.0,34000.0,4.05
31071,NE,Garfield,20,NORTH,2000,all,9600.0,28640.0,2.98
31071,NE,Garfield,20,NORTH,2000,irrigated,2800.0,12320.0,4.4
31071,NE,Garfield,20,NORTH,2000,non_irrigated,6800.0,16320.0,2.4
31071,NE,Garfield,20,NORTH,2001,all,8600.0,25400.0,2.95
31071,NE,Garfield,20,NORTH,2001,irrigated,2800.0,11480.0,4.1
31071,NE,Garfield,20,NORTH,2001,non_irrigated,5800.0,13920.0,2.4
31071,NE,Garfield,20,NORTH,2002,all,7500.0,16500.0,2.2
31071,NE,Garfield,20,NORTH,2002,irrigated,3000.0,12000.0,4.0
31071,NE,Garfield,20,NORTH,2002,non_irrigated,4500.0,4500.0,1.0
31071,NE,Garfield,20,NORTH,2003,all,8500.0,24820.0,2.92
31071,NE,Garfield,20,NORTH,2003,irrigated,3100.0,12400.0,4.0
31071,NE,Garfield,20,NORTH,2003,non_irrigated,5400.0,12420.0,2.3
31071,NE,Garfield,20,NORTH,2004,all,8300.0,20370.0,2.45
31071,NE,Garfield,20,NORTH,2004,irrigated,3300.0,12870.0,3.9
31071,NE,Garfield,20,NORTH,2004,non_irrigated,5000.0,7500.0,1.5
31071,NE,Garfield,20,NORTH,2005,all,7500.0,23150.0,3.09
31071,NE,Garfield,20,NORTH,2005,irrigated,2900.0,10730.0,3.7
31071,NE,Garfield,20,NORTH,2005,non_irrigated,4600.0,12420.0,2.7
31071,NE,Garfield,20,NORTH,2006,all,7400.0,16260.0,2.2
31071,NE,Garfield,20,NORTH,2006,irrigated,2800.0,11200.0,4.0
31071,NE,Garfield,20,NORTH,2006,non_irrigated,4600.0,5060.0,1.1
31071,NE,Garfield,20,NORTH,2007,all,7400.0,23460.0,3.17
31071,NE,Garfield,20,NORTH,2007,irrigated,3000.0,12900.0,4.3
31071,NE,Garfield,20,NORTH,2007,non_irrigated,4400.0,10560.0,2.4
31071,NE,Garfield,20,NORTH,2008,all,6400.0,23160.0,3.6
31071,NE,Garfield,20,NORTH,2008,irrigated,2300.0,11270.0,4.9
31071,NE,Garfield,20,NORTH,2008,non_irrigated,4100.0,11890.0,2.9
31071,NE,Garfield,20,NORTH,2009,all,5700.0,19680.0,3.45
31071,NE,Garfield,20,NORTH,2009,irrigated,2400.0,11760.0,4.9
31071,NE,Garfield,20,NORTH,2009,non_irrigated,3300.0,7920.0,2.4
31071,NE,Garfield,20,NORTH,2010,all,5100.0,18100.0,3.55
31071,NE,Garfield,20,NORTH,2011,all,4500.0,20800.0,4.6
31071,NE,Garfield,20,NORTH,2012,all,4400.0,12000.0,2.75
31071,NE,Garfield,20,NORTH,2013,all,3200.0,11400.0,3.55
31071,NE,Garfield,20,NORTH,2014,all,4210.0,15000.0,3.55
31071,NE,Garfield,20,NORTH,2015,all,4520.0,16700.0,3.7
31071,NE,Garfield,20,NORTH,2016,all,3610.0,15200.0,4.2
31071,NE,Garfield,20,NORTH,2017,all,4250.0,16400.0,3.85
31071,NE,Garfield,20,NORTH,2018,all,3950.0,18300.0,4.65
31073,NE,Gosper,80,SOUTH,2000,all,4000.0,16430.0,4.11
31073,NE,Gosper,80,SOUTH,2000,irrigated,1900.0,9500.0,5.0
31073,NE,Gosper,80,SOUTH,2000,non_irrigated,2100.0,6930.0,3.3
31073,NE,Gosper,80,SOUTH,2001,all,4700.0,20130.0,4.28
31073,NE,Gosper,80,SOUTH,2001,irrigated,2200.0,11880.0,5.4
31073,NE,Gosper,80,SOUTH,2001,non_irrigated,2500.0,8250.0,3.3
31073,NE,Gosper,80,SOUTH,2002,all,3800.0,14870.0,3.91
31073,NE,Gosper,80,SOUTH,2002,irrigated,2500.0,11750.0,4.7
31073,NE,Gosper,80,SOUTH,2002,non_irrigated,1300.0,3120.0,2.4
31073,NE,Gosper,80,SOUTH,2003,all,4800.0,20670.0,4.31
31073,NE,Gosper,80,SOUTH,2003,irrigated,2500.0,14000.0,5.6
31073,NE,Gosper,80,SOUTH,2003,non_irrigated,2300.0,6670.0,2.9
31073,NE,Gosper,80,SOUTH,2004,all,4400.0,19310.0,4.39
31073,NE,Gosper,80,SOUTH,2004,irrigated,2300.0,11960.0,5.2
31073,NE,Gosper,80,SOUTH,2004,non_irrigated,2100.0,7350.0,3.5
31073,NE,Gosper,80,SOUTH,2005,all,4100.0,18500.0,4.51
31073,NE,Gosper,80,SOUTH,2005,irrigated,2200.0,11660.0,5.3
31073,NE,Gosper,80,SOUTH,2005,non_irrigated,1900.0,6840.0,3.6
31073,NE,Gosper,80,SOUTH,2006,all,2900.0,11400.0,3.93
31073,NE,Gosper,80,SOUTH,2006,irrigated,1900.0,9500.0,5.0
31073,NE,Gosper,80,SOUTH,2006,non_irrigated,1000.0,1900.0,1.9
31073,NE,Gosper,80,SOUTH,2007,all,2700.0,11550.0,4.28
31073,NE,Gosper,80,SOUTH,2007,irrigated,1500.0,7350.0,4.9
31073,NE,Gosper,80,SOUTH,2007,non_irrigated,1200.0,4200.0,3.5
31073,NE,Gosper,80,SOUTH,2008,all,2300.0,9880.0,4.3
31073,NE,Gosper,80,SOUTH,2009,all,2200.0,8880.0,4.05
31073,NE,Gosper,80,SOUTH,2009,irrigated,1400.0,6160.0,4.4
31073,NE,Gosper,80,SOUTH,2009,non_irrigated,800.0,2720.0,3.4
31073,NE,Gosper,80,SOUTH,2010,all,2000.0,9000.0,4.5
31073,NE,Gosper,80,SOUTH,2011,all,1700.0,7800.0,4.6
31073,NE,Gosper,80,SOUTH,2012,all,1800.0,7900.0,4.4
31073,NE,Gosper,80,SOUTH,2013,all,1200.0,4700.0,3.9
31073,NE,Gosper,80,SOUTH,2017,all,2930.0,14900.0,5.1
31075,NE,Grant,20,NORTH,2000,all,1600.0,5120.0,3.2
31075,NE,Grant,20,NORTH,2000,non_irrigated,600.0,1320.0,2.2
31075,NE,Grant,20,NORTH,2001,all,1700.0,5040.0,2.96
31075,NE,Grant,20,NORTH,2001,irrigated,900.0,3600.0,4.0
31075,NE,Grant,20,NORTH,2001,non_irrigated,800.0,1440.0,1.8
31075,NE,Grant,20,NORTH,2002,all,2200.0,4440.0,2.02
31075,NE,Grant,20,NORTH,2002,irrigated,1200.0,3840.0,3.2
31075,NE,Grant,20,NORTH,2002,non_irrigated,1000.0,600.0,0.6
31075,NE,Grant,20,NORTH,2003,all,1900.0,6580.0,3.46
31075,NE,Grant,20,NORTH,2003,irrigated,1300.0,5200.0,4.0
31075,NE,Grant,20,NORTH,2003,non_irrigated,600.0,1380.0,2.3
31075,NE,Grant,20,NORTH,2004,all,2000.0,7490.0,3.75
31075,NE,Grant,20,NORTH,2004,irrigated,1600.0,6880.0,4.3
31075,NE,Grant,20,NORTH,2005,all,1800.0,5780.0,3.21
31075,NE,Grant,20,NORTH,2005,irrigated,1400.0,4900.0,3.5
31075,NE,Grant,20,NORTH,2006,all,1600.0,4810.0,3.01
31075,NE,Grant,20,NORTH,2006,irrigated,1300.0,4420.0,3.4
31075,NE,Grant,20,NORTH,2007,all,1800.0,5940.0,3.3
31075,NE,Grant,20,NORTH,2008,all,1500.0,6310.0,4.2
31077,NE,Greeley,50,CENTRAL,2000,all,18500.0,46500.0,2.51
31077,NE,Greeley,50,CENTRAL,2000,irrigated,4400.0,21120.0,4.8
31077,NE,Greeley,50,CENTRAL,2000,non_irrigated,14100.0,25380.0,1.8
31077,NE,Greeley,50,CENTRAL,2001,all,19500.0,59010.0,3.03
31077,NE,Greeley,50,CENTRAL,2001,irrigated,5700.0,24510.0,4.3
31077,NE,Greeley,50,CENTRAL,2001,non_irrigated,13800.0,34500.0,2.5
31077,NE,Greeley,50,CENTRAL,2002,all,17000.0,43150.0,2.54
31077,NE,Greeley,50,CENTRAL,2002,irrigated,5500.0,24750.0,4.5
31077,NE,Greeley,50,CENTRAL,2002,non_irrigated,11500.0,18400.0,1.6
31077,NE,Greeley,50,CENTRAL,2003,all,20000.0,57750.0,2.89
31077,NE,Greeley,50,CENTRAL,2003,irrigated,7100.0,31950.0,4.5
31077,NE,Greeley,50,CENTRAL,2003,non_irrigated,12900.0,25800.0,2.0
31077,NE,Greeley,50,CENTRAL,2004,all,15000.0,51160.0,3.41
31077,NE,Greeley,50,CENTRAL,2004,irrigated,6400.0,28800.0,4.5
31077,NE,Greeley,50,CENTRAL,2004,non_irrigated,8600.0,22360.0,2.6
31077,NE,Greeley,50,CENTRAL,2005,all,15500.0,46980.0,3.03
31077,NE,Greeley,50,CENTRAL,2005,irrigated,5400.0,23750.0,4.4
31077,NE,Greeley,50,CENTRAL,2005,non_irrigated,10100.0,23230.0,2.3
31077,NE,Greeley,50,CENTRAL,2006,all,14500.0,41700.0,2.88
31077,NE,Greeley,50,CENTRAL,2006,irrigated,6000.0,26400.0,4.4
31077,NE,Greeley,50,CENTRAL,2006,non_irrigated,8500.0,15300.0,1.8
31077,NE,Greeley,50,CENTRAL,2007,all,12500.0,42120.0,3.37
31077,NE,Greeley,50,CENTRAL,2007,irrigated,4900.0,20090.0,4.1
31077,NE,Greeley,50,CENTRAL,2007,non_irrigated,7600.0,22030.0,2.9
31077,NE,Greeley,50,CENTRAL,2008,all,10500.0,39200.0,3.75
31077,NE,Greeley,50,CENTRAL,2009,all,11900.0,46620.0,3.9
31077,NE,Greeley,50,CENTRAL,2010,all,10900.0,43000.0,3.95
31077,NE,Greeley,50,CENTRAL,2011,all,9900.0,38600.0,3.9
31077,NE,Greeley,50,CENTRAL,2014,all,12500.0,50400.0,4.05
31077,NE,Greeley,50,CENTRAL,2015,all,11300.0,47700.0,4.2
31077,NE,Greeley,50,CENTRAL,2016,all,9560.0,46300.0,4.85
31077,NE,Greeley,50,CENTRAL,2017,all,10500.0,38000.0,3.6
31077,NE,Greeley,50,CENTRAL,2018,all,11300.0,48200.0,4.25
31079,NE,Hall,50,CENTRAL,2000,all,11500.0,34230.0,2.98
31079,NE,Hall,50,CENTRAL,2000,irrigated,3600.0,17640.0,4.9
31079,NE,Hall,50,CENTRAL,2000,non_irrigated,7900.0,16590.0,2.1
31079,NE,Hall,50,CENTRAL,2001,all,12500.0,43400.0,3.47
31079,NE,Hall,50,CENTRAL,2001,irrigated,4200.0,20160.0,4.8
31079,NE,Hall,50,CENTRAL,2001,non_irrigated,8300.0,23240.0,2.8
31079,NE,Hall,50,CENTRAL,2002,all,8000.0,24050.0,3.01
31079,NE,Hall,50,CENTRAL,2002,irrigated,2500.0,12500.0,5.0
31079,NE,Hall,50,CENTRAL,2002,non_irrigated,5500.0,11550.0,2.1
31079,NE,Hall,50,CENTRAL,2003,all,12000.0,45600.0,3.8
31079,NE,Hall,50,CENTRAL,2003,irrigated,6000.0,27000.0,4.5
31079,NE,Hall,50,CENTRAL,2003,non_irrigated,6000.0,18600.0,3.1
31079,NE,Hall,50,CENTRAL,2004,all,10000.0,39000.0,3.9
31079,NE,Hall,50,CENTRAL,2004,irrigated,4800.0,24960.0,5.2
31079,NE,Hall,50,CENTRAL,2004,non_irrigated,5200.0,14040.0,2.7
31079,NE,Hall,50,CENTRAL,2005,all,9500.0,39720.0,4.18
31079,NE,Hall,50,CENTRAL,2005,irrigated,4200.0,24350.0,5.8
31079,NE,Hall,50,CENTRAL,2005,non_irrigated,5300.0,15370.0,2.9
31079,NE,Hall,50,CENTRAL,2006,all,8800.0,33160.0,3.77
31079,NE,Hall,50,CENTRAL,2006,irrigated,4300.0,22360.0,5.2
31079,NE,Hall,50,CENTRAL,2006,non_irrigated,4500.0,10800.0,2.4
31079,NE,Hall,50,CENTRAL,2007,all,7100.0,29830.0,4.2
31079,NE,Hall,50,CENTRAL,2007,irrigated,3200.0,16960.0,5.3
31079,NE,Hall,50,CENTRAL,2007,non_irrigated,3900.0,12870.0,3.3
31079,NE,Hall,50,CENTRAL,2008,all,5700.0,23990.0,4.2
31079,NE,Hall,50,CENTRAL,2008,irrigated,2200.0,10340.0,4.7
31079,NE,Hall,50,CENTRAL,2008,non_irrigated,3500.0,13650.0,3.9
31079,NE,Hall,50,CENTRAL,2009,all,5200.0,18480.0,3.55
31079,NE,Hall,50,CENTRAL,2010,all,5500.0,24000.0,4.35
31079,NE,Hall,50,CENTRAL,2011,all,5100.0,27400.0,5.35
31079,NE,Hall,50,CENTRAL,2016,all,4740.0,21600.0,4.55
31079,NE,Hall,50,CENTRAL,2017,all,5000.0,16900.0,3.4
31079,NE,Hall,50,CENTRAL,2018,all,4700.0,22400.0,4.75
31081,NE,Hamilton,60,EAST,2000,all,4300.0,15500.0,3.6
31081,NE,Hamilton,60,EAST,2000,irrigated,1300.0,6500.0,5.0
31081,NE,Hamilton,60,EAST,2000,non_irrigated,3000.0,9000.0,3.0
31081,NE,Hamilton,60,EAST,2001,all,5100.0,18420.0,3.61
31081,NE,Hamilton,60,EAST,2001,irrigated,1800.0,9180.0,5.1
31081,NE,Hamilton,60,EAST,2001,non_irrigated,3300.0,9240.0,2.8
31081,NE,Hamilton,60,EAST,2002,all,5400.0,18360.0,3.4
31081,NE,Hamilton,60,EAST,2002,irrigated,2100.0,9450.0,4.5
31081,NE,Hamilton,60,EAST,2002,non_irrigated,3300.0,8910.0,2.7
31081,NE,Hamilton,60,EAST,2003,all,6000.0,24600.0,4.1
31081,NE,Hamilton,60,EAST,2003,irrigated,3000.0,15300.0,5.1
31081,NE,Hamilton,60,EAST,2003,non_irrigated,3000.0,9300.0,3.1
31081,NE,Hamilton,60,EAST,2004,all,5300.0,20260.0,3.82
31081,NE,Hamilton,60,EAST,2004,irrigated,2700.0,13500.0,5.0
31081,NE,Hamilton,60,EAST,2004,non_irrigated,2600.0,6760.0,2.6
31081,NE,Hamilton,60,EAST,2005,all,5000.0,24680.0,4.94
31081,NE,Hamilton,60,EAST,2005,irrigated,2600.0,15080.0,5.8
31081,NE,Hamilton,60,EAST,2005,non_irrigated,2400.0,9600.0,4.0
31081,NE,Hamilton,60,EAST,2006,all,4400.0,17440.0,3.96
31081,NE,Hamilton,60,EAST,2006,irrigated,1900.0,9690.0,5.1
31081,NE,Hamilton,60,EAST,2006,non_irrigated,2500.0,7750.0,3.1
31081,NE,Hamilton,60,EAST,2007,all,4100.0,16850.0,4.11
31081,NE,Hamilton,60,EAST,2007,irrigated,1900.0,8930.0,4.7
31081,NE,Hamilton,60,EAST,2007,non_irrigated,2200.0,7920.0,3.6
31081,NE,Hamilton,60,EAST,2008,all,3600.0,16440.0,4.55
31081,NE,Hamilton,60,EAST,2009,all,3500.0,14520.0,4.15
31081,NE,Hamilton,60,EAST,2009,irrigated,1600.0,7680.0,4.8
31081,NE,Hamilton,60,EAST,2009,non_irrigated,1900.0,6840.0,3.6
31081,NE,Hamilton,60,EAST,2010,all,3300.0,14700.0,4.45
31081,NE,Hamilton,60,EAST,2011,all,3500.0,15300.0,4.35
31081,NE,Hamilton,60,EAST,2012,all,3400.0,18000.0,5.3
31081,NE,Hamilton,60,EAST,2013,all,3100.0,14300.0,4.6
31081,NE,Hamilton,60,EAST,2014,all,3410.0,18400.0,5.4
31081,NE,Hamilton,60,EAST,2015,all,3080.0,11900.0,3.85
31081,NE,Hamilton,60,EAST,2016,all,2240.0,8500.0,3.8
31083,NE,Harlan,80,SOUTH,2000,all,6500.0,24570.0,3.78
31083,NE,Harlan,80,SOUTH,2000,irrigated,2200.0,12100.0,5.5
31083,NE,Harlan,80,SOUTH,2000,non_irrigated,4300.0,12470.0,2.9
31083,NE,Harlan,80,SOUTH,2001,all,7800.0,35720.0,4.58
31083,NE,Harlan,80,SOUTH,2001,irrigated,3200.0,18240.0,5.7
31083,NE,Harlan,80,SOUTH,2001,non_irrigated,4600.0,17480.0,3.8
31083,NE,Harlan,80,SOUTH,2002,all,9000.0,38860.0,4.32
31083,NE,Harlan,80,SOUTH,2002,irrigated,4400.0,25520.0,5.8
31083,NE,Harlan,80,SOUTH,2002,non_irrigated,4600.0,13340.0,2.9
31083,NE,Harlan,80,SOUTH,2003,all,9600.0,41360.0,4.31
31083,NE,Harlan,80,SOUTH,2003,irrigated,5600.0,31360.0,5.6
31083,NE,Harlan,80,SOUTH,2003,non_irrigated,4000.0,10000.0,2.5
31083,NE,Harlan,80,SOUTH,2004,all,8300.0,38320.0,4.62
31083,NE,Harlan,80,SOUTH,2004,irrigated,4900.0,27440.0,5.6
31083,NE,Harlan,80,SOUTH,2004,non_irrigated,3400.0,10880.0,3.2
31083,NE,Harlan,80,SOUTH,2005,all,7000.0,34630.0,4.95
31083,NE,Harlan,80,SOUTH,2005,irrigated,4100.0,24190.0,5.9
31083,NE,Harlan,80,SOUTH,2005,non_irrigated,2900.0,10440.0,3.6
31083,NE,Harlan,80,SOUTH,2006,all,6800.0,25550.0,3.76
31083,NE,Harlan,80,SOUTH,2006,irrigated,3800.0,15950.0,4.2
31083,NE,Harlan,80,SOUTH,2006,non_irrigated,3000.0,9600.0,3.2
31083,NE,Harlan,80,SOUTH,2007,all,6700.0,28000.0,4.18
31083,NE,Harlan,80,SOUTH,2007,irrigated,3100.0,16120.0,5.2
31083,NE,Harlan,80,SOUTH,2007,non_irrigated,3600.0,11880.0,3.3
31083,NE,Harlan,80,SOUTH,2008,all,5200.0,25360.0,4.9
31083,NE,Harlan,80,SOUTH,2008,irrigated,2200.0,12760.0,5.8
31083,NE,Harlan,80,SOUTH,2008,non_irrigated,3000.0,12600.0,4.2
31083,NE,Harlan,80,SOUTH,2009,all,4900.0,22680.0,4.65
31083,NE,Harlan,80,SOUTH,2010,all,4500.0,22700.0,5.05
31083,NE,Harlan,80,SOUTH,2011,all,4200.0,19200.0,4.55
31083,NE,Harlan,80,SOUTH,2012,all,4100.0,18200.0,4.45
31083,NE,Harlan,80,SOUTH,2013,all,3400.0,8500.0,2.5
31083,NE,Harlan,80,SOUTH,2014,all,4760.0,20900.0,4.4
31083,NE,Harlan,80,SOUTH,2015,all,4440.0,19400.0,4.35
31083,NE,Harlan,80,SOUTH,2016,all,3690.0,17500.0,4.75
31083,NE,Harlan,80,SOUTH,2017,all,3700.0,17200.0,4.65
31083,NE,Harlan,80,SOUTH,2018,all,4020.0,17900.0,4.45
31085,NE,Hayes,70,SOUTHWEST,2000,all,5300.0,21260.0,4.01
31085,NE,Hayes,70,SOUTHWEST,2000,irrigated,3200.0,16640.0,5.2
31085,NE,Hayes,70,SOUTHWEST,2000,non_irrigated,2100.0,4620.0,2.2
31085,NE,Hayes,70,SOUTHWEST,2001,all,6000.0,26160.0,4.36
31085,NE,Hayes,70,SOUTHWEST,2001,irrigated,3600.0,20160.0,5.6
31085,NE,Hayes,70,SOUTHWEST,2001,non_irrigated,2400.0,6000.0,2.5
31085,NE,Hayes,70,SOUTHWEST,2002,all,7400.0,26780.0,3.62
31085,NE,Hayes,70,SOUTHWEST,2002,irrigated,5300.0,22790.0,4.3
31085,NE,Hayes,70,SOUTHWEST,2002,non_irrigated,2100.0,3990.0,1.9
31085,NE,Hayes,70,SOUTHWEST,2003,all,7500.0,33930.0,4.52
31085,NE,Hayes,70,SOUTHWEST,2003,irrigated,5100.0,26010.0,5.1
31085,NE,Hayes,70,SOUTHWEST,2003,non_irrigated,2400.0,7920.0,3.3
31085,NE,Hayes,70,SOUTHWEST,2004,all,7000.0,32320.0,4.62
31085,NE,Hayes,70,SOUTHWEST,2004,irrigated,4600.0,23920.0,5.2
31085,NE,Hayes,70,SOUTHWEST,2004,non_irrigated,2400.0,8400.0,3.5
31085,NE,Hayes,70,SOUTHWEST,2005,all,6600.0,30450.0,4.61
31085,NE,Hayes,70,SOUTHWEST,2005,irrigated,3700.0,21460.0,5.8
31085,NE,Hayes,70,SOUTHWEST,2005,non_irrigated,2900.0,8990.0,3.1
31085,NE,Hayes,70,SOUTHWEST,2006,all,5400.0,21260.0,3.94
31085,NE,Hayes,70,SOUTHWEST,2006,irrigated,3500.0,15750.0,4.5
31085,NE,Hayes,70,SOUTHWEST,2006,non_irrigated,1900.0,5510.0,2.9
31085,NE,Hayes,70,SOUTHWEST,2007,all,4900.0,20970.0,4.28
31085,NE,Hayes,70,SOUTHWEST,2007,irrigated,3000.0,14700.0,4.9
31085,NE,Hayes,70,SOUTHWEST,2007,non_irrigated,1900.0,6270.0,3.3
31085,NE,Hayes,70,SOUTHWEST,2008,all,3900.0,18230.0,4.65
31085,NE,Hayes,70,SOUTHWEST,2008,irrigated,2300.0,13110.0,5.7
31085,NE,Hayes,70,SOUTHWEST,2008,non_irrigated,1600.0,5120.0,3.2
31085,NE,Hayes,70,SOUTHWEST,2009,all,4200.0,15690.0,3.75
31085,NE,Hayes,70,SOUTHWEST,2009,irrigated,2500.0,10250.0,4.1
31085,NE,Hayes,70,SOUTHWEST,2009,non_irrigated,1700.0,5440.0,3.2
31085,NE,Hayes,70,SOUTHWEST,2010,all,4800.0,22800.0,4.75
31085,NE,Hayes,70,SOUTHWEST,2011,all,4900.0,21700.0,4.45
31085,NE,Hayes,70,SOUTHWEST,2012,all,4800.0,19600.0,4.1
31085,NE,Hayes,70,SOUTHWEST,2013,all,3900.0,11400.0,2.9
31085,NE,Hayes,70,SOUTHWEST,2014,all,4570.0,23800.0,5.2
31085,NE,Hayes,70,SOUTHWEST,2015,all,4700.0,22100.0,4.7
31085,NE,Hayes,70,SOUTHWEST,2016,all,4300.0,15100.0,3.5
31085,NE,Hayes,70,SOUTHWEST,2017,all,5110.0,22000.0,4.3
31085,NE,Hayes,70,SOUTHWEST,2018,all,5100.0,24900.0,4.9
31087,NE,Hitchcock,70,SOUTHWEST,2000,all,4000.0,17720.0,4.43
31087,NE,Hitchcock,70,SOUTHWEST,2000,irrigated,2900.0,15080.0,5.2
31087,NE,Hitchcock,70,SOUTHWEST,2000,non_irrigated,1100.0,2640.0,2.4
31087,NE,Hitchcock,70,SOUTHWEST,2001,all,4500.0,21760.0,4.84
31087,NE,Hitchcock,70,SOUTHWEST,2001,irrigated,3200.0,17600.0,5.5
31087,NE,Hitchcock,70,SOUTHWEST,2001,non_irrigated,1300.0,4160.0,3.2
31087,NE,Hitchcock,70,SOUTHWEST,2002,all,4300.0,17190.0,4.0
31087,NE,Hitchcock,70,SOUTHWEST,2002,irrigated,3400.0,15300.0,4.5
31087,NE,Hitchcock,70,SOUTHWEST,2003,all,4800.0,21250.0,4.43
31087,NE,Hitchcock,70,SOUTHWEST,2003,irrigated,3700.0,18500.0,5.0
31087,NE,Hitchcock,70,SOUTHWEST,2003,non_irrigated,1100.0,2750.0,2.5
31087,NE,Hitchcock,70,SOUTHWEST,2004,all,5000.0,23460.0,4.69
31087,NE,Hitchcock,70,SOUTHWEST,2004,irrigated,3800.0,19380.0,5.1
31087,NE,Hitchcock,70,SOUTHWEST,2004,non_irrigated,1200.0,4080.0,3.4
31087,NE,Hitchcock,70,SOUTHWEST,2005,all,4300.0,18870.0,4.39
31087,NE,Hitchcock,70,SOUTHWEST,2005,irrigated,2800.0,15120.0,5.4
31087,NE,Hitchcock,70,SOUTHWEST,2005,non_irrigated,1500.0,3750.0,2.5
31087,NE,Hitchcock,70,SOUTHWEST,2006,all,4000.0,15550.0,3.89
31087,NE,Hitchcock,70,SOUTHWEST,2006,irrigated,2500.0,10750.0,4.3
31087,NE,Hitchcock,70,SOUTHWEST,2006,non_irrigated,1500.0,4800.0,3.2
31087,NE,Hitchcock,70,SOUTHWEST,2007,all,3400.0,14420.0,4.24
31087,NE,Hitchcock,70,SOUTHWEST,2007,irrigated,2000.0,9800.0,4.9
31087,NE,Hitchcock,70,SOUTHWEST,2007,non_irrigated,1400.0,4620.0,3.3
31087,NE,Hitchcock,70,SOUTHWEST,2008,all,2700.0,11320.0,4.2
31087,NE,Hitchcock,70,SOUTHWEST,2008,irrigated,1700.0,7820.0,4.6
31087,NE,Hitchcock,70,SOUTHWEST,2008,non_irrigated,1000.0,3500.0,3.5
31087,NE,Hitchcock,70,SOUTHWEST,2009,all,2800.0,10940.0,3.9
31087,NE,Hitchcock,70,SOUTHWEST,2009,irrigated,1800.0,7740.0,4.3
31087,NE,Hitchcock,70,SOUTHWEST,2009,non_irrigated,1000.0,3200.0,3.2
31087,NE,Hitchcock,70,SOUTHWEST,2010,all,2900.0,13000.0,4.5
31087,NE,Hitchcock,70,SOUTHWEST,2011,all,2600.0,12300.0,4.75
31087,NE,Hitchcock,70,SOUTHWEST,2012,all,2600.0,10600.0,4.1
31087,NE,Hitchcock,70,SOUTHWEST,2013,all,2300.0,9200.0,4.0
31087,NE,Hitchcock,70,SOUTHWEST,2014,all,2630.0,13300.0,5.05
31087,NE,Hitchcock,70,SOUTHWEST,2015,all,2530.0,11200.0,4.45
31087,NE,Hitchcock,70,SOUTHWEST,2016,all,2430.0,11600.0,4.75
31087,NE,Hitchcock,70,SOUTHWEST,2017,all,3210.0,15800.0,4.9
31087,NE,Hitchcock,70,SOUTHWEST,2018,all,3000.0,14300.0,4.75
31089,NE,Holt,20,NORTH,2000,all,31000.0,63520.0,2.05
31089,NE,Holt,20,NORTH,2000,irrigated,7400.0,28120.0,3.8
31089,NE,Holt,20,NORTH,2000,non_irrigated,23600.0,35400.0,1.5
31089,NE,Holt,20,NORTH,2001,all,34000.0,85990.0,2.53
31089,NE,Holt,20,NORTH,2001,irrigated,8900.0,38300.0,4.3
31089,NE,Holt,20,NORTH,2001,non_irrigated,25100.0,47690.0,1.9
31089,NE,Holt,20,NORTH,2002,all,35000.0,58460.0,1.67
31089,NE,Holt,20,NORTH,2002,irrigated,8700.0,32160.0,3.7
31089,NE,Holt,20,NORTH,2002,non_irrigated,26300.0,26300.0,1.0
31089,NE,Holt,20,NORTH,2003,all,34000.0,88990.0,2.62
31089,NE,Holt,20,NORTH,2003,irrigated,8000.0,34390.0,4.3
31089,NE,Holt,20,NORTH,2003,non_irrigated,26000.0,54600.0,2.1
31089,NE,Holt,20,NORTH,2004,all,31000.0,85200.0,2.75
31089,NE,Holt,20,NORTH,2004,irrigated,9400.0,44160.0,4.7
31089,NE,Holt,20,NORTH,2004,non_irrigated,21600.0,41040.0,1.9
31089,NE,Holt,20,NORTH,2005,all,29000.0,85900.0,2.96
31089,NE,Holt,20,NORTH,2005,irrigated,9200.0,42340.0,4.6
31089,NE,Holt,20,NORTH,2005,non_irrigated,19800.0,43560.0,2.2
31089,NE,Holt,20,NORTH,2006,all,29000.0,71100.0,2.45
31089,NE,Holt,20,NORTH,2006,irrigated,9500.0,41770.0,4.4
31089,NE,Holt,20,NORTH,2006,non_irrigated,19500.0,29330.0,1.5
31089,NE,Holt,20,NORTH,2007,all,29500.0,73080.0,2.48
31089,NE,Holt,20,NORTH,2007,irrigated,10000.0,36030.0,3.6
31089,NE,Holt,20,NORTH,2007,non_irrigated,19500.0,37050.0,1.9
31089,NE,Holt,20,NORTH,2008,all,25900.0,76600.0,2.95
31089,NE,Holt,20,NORTH,2009,all,23500.0,58230.0,2.5
31089,NE,Holt,20,NORTH,2010,all,22700.0,71500.0,3.15
31089,NE,Holt,20,NORTH,2011,all,19500.0,59700.0,3.05
31089,NE,Holt,20,NORTH,2017,all,29000.0,112200.0,3.85
31089,NE,Holt,20,NORTH,2018,all,22100.0,99200.0,4.5
31091,NE,Hooker,20,NORTH,2000,all,3300.0,10260.0,3.11
31091,NE,Hooker,20,NORTH,2000,irrigated,2700.0,9180.0,3.4
31091,NE,Hooker,20,NORTH,2000,non_irrigated,600.0,1080.0,1.8
31091,NE,Hooker,20,NORTH,2001,all,2900.0,9900.0,3.41
31091,NE,Hooker,20,NORTH,2001,irrigated,1800.0,7920.0,4.4
31091,NE,Hooker,20,NORTH,2001,non_irrigated,1100.0,1980.0,1.8
31091,NE,Hooker,20,NORTH,2002,all,3000.0,10340.0,3.45
31091,NE,Hooker,20,NORTH,2002,irrigated,2500.0,9750.0,3.9
31091,NE,Hooker,20,NORTH,2003,all,2400.0,9990.0,4.16
31091,NE,Hooker,20,NORTH,2003,irrigated,2100.0,9450.0,4.5
31091,NE,Hooker,20,NORTH,2004,all,2500.0,8620.0,3.45
31091,NE,Hooker,20,NORTH,2004,irrigated,2200.0,8140.0,3.7
31091,NE,Hooker,20,NORTH,2005,all,2500.0,8860.0,3.54
31091,NE,Hooker,20,NORTH,2005,irrigated,2400.0,8640.0,3.6
31091,NE,Hooker,20,NORTH,2006,all,2600.0,8630.0,3.32
31091,NE,Hooker,20,NORTH,2006,irrigated,2500.0,8500.0,3.4
31091,NE,Hooker,20,NORTH,2007,all,2600.0,9580.0,3.68
31091,NE,Hooker,20,NORTH,2009,all,1900.0,7230.0,3.8
31091,NE,Hooker,20,NORTH,2013,all,1300.0,5200.0,4.0
31093,NE,Howard,50,CENTRAL,2000,all,27000.0,77300.0,2.86
31093,NE,Howard,50,CENTRAL,2000,irrigated,8000.0,33600.0,4.2
31093,NE,Howard,50,CENTRAL,2000,non_irrigated,19000.0,43700.0,2.3
31093,NE,Howard,50,CENTRAL,2001,all,29000.0,96960.0,3.34
31093,NE,Howard,50,CENTRAL,2001,irrigated,8300.0,34860.0,4.2
31093,NE,Howard,50,CENTRAL,2001,non_irrigated,20700.0,62100.0,3.0
31093,NE,Howard,50,CENTRAL,2002,all,24000.0,65850.0,2.74
31093,NE,Howard,50,CENTRAL,2002,irrigated,7500.0,34500.0,4.6
31093,NE,Howard,50,CENTRAL,2002,non_irrigated,16500.0,31350.0,1.9
31093,NE,Howard,50,CENTRAL,2003,all,27000.0,89920.0,3.33
31093,NE,Howard,50,CENTRAL,2003,irrigated,10700.0,52430.0,4.9
31093,NE,Howard,50,CENTRAL,2003,non_irrigated,16300.0,37490.0,2.3
31093,NE,Howard,50,CENTRAL,2004,all,24000.0,83610.0,3.48
31093,NE,Howard,50,CENTRAL,2004,irrigated,9900.0,45540.0,4.6
31093,NE,Howard,50,CENTRAL,2004,non_irrigated,14100.0,38070.0,2.7
31093,NE,Howard,50,CENTRAL,2005,all,23000.0,87860.0,3.82
31093,NE,Howard,50,CENTRAL,2005,irrigated,8800.0,39600.0,4.5
31093,NE,Howard,50,CENTRAL,2005,non_irrigated,14200.0,48260.0,3.4
31093,NE,Howard,50,CENTRAL,2006,all,22400.0,75600.0,3.38
31093,NE,Howard,50,CENTRAL,2006,irrigated,8400.0,42000.0,5.0
31093,NE,Howard,50,CENTRAL,2006,non_irrigated,14000.0,33600.0,2.4
31093,NE,Howard,50,CENTRAL,2007,all,18600.0,74460.0,4.0
31093,NE,Howard,50,CENTRAL,2007,irrigated,6600.0,33660.0,5.1
31093,NE,Howard,50,CENTRAL,2007,non_irrigated,12000.0,40800.0,3.4
31093,NE,Howard,50,CENTRAL,2008,all,15800.0,64280.0,4.05
31093,NE,Howard,50,CENTRAL,2008,irrigated,5300.0,24380.0,4.6
31093,NE,Howard,50,CENTRAL,2008,non_irrigated,10500.0,39900.0,3.8
31093,NE,Howard,50,CENTRAL,2009,all,16800.0,64720.0,3.85
31093,NE,Howard,50,CENTRAL,2009,irrigated,5300.0,23320.0,4.4
31093,NE,Howard,50,CENTRAL,2009,non_irrigated,11500.0,41400.0,3.6
31093,NE,Howard,50,CENTRAL,2010,all,16000.0,69500.0,4.35
31093,NE,Howard,50,CENTRAL,2011,all,13700.0,58200.0,4.25
31093,NE,Howard,50,CENTRAL,2012,all,13500.0,45500.0,3.35
31093,NE,Howard,50,CENTRAL,2013,all,13000.0,48400.0,3.7
31093,NE,Howard,50,CENTRAL,2014,all,15500.0,66800.0,4.3
31093,NE,Howard,50,CENTRAL,2015,all,15000.0,60900.0,4.05
31093,NE,Howard,50,CENTRAL,2016,all,13600.0,59300.0,4.35
31093,NE,Howard,50,CENTRAL,2017,all,14800.0,63200.0,4.25
31093,NE,Howard,50,CENTRAL,2018,all,15500.0,76700.0,4.95
31095,NE,Jefferson,90,SOUTHEAST,2000,all,10000.0,22000.0,2.2
31095,NE,Jefferson,90,SOUTHEAST,2000,irrigated,1000.0,4900.0,4.9
31095,NE,Jefferson,90,SOUTHEAST,2000,non_irrigated,9000.0,17100.0,1.9
31095,NE,Jefferson,90,SOUTHEAST,2001,all,10000.0,32600.0,3.26
31095,NE,Jefferson,90,SOUTHEAST,2001,irrigated,1000.0,4700.0,4.7
31095,NE,Jefferson,90,SOUTHEAST,2001,non_irrigated,9000.0,27900.0,3.1
31095,NE,Jefferson,90,SOUTHEAST,2002,all,10500.0,27960.0,2.66
31095,NE,Jefferson,90,SOUTHEAST,2002,irrigated,1800.0,8820.0,4.9
31095,NE,Jefferson,90,SOUTHEAST,2002,non_irrigated,8700.0,19140.0,2.2
31095,NE,Jefferson,90,SOUTHEAST,2003,all,10000.0,31140.0,3.11
31095,NE,Jefferson,90,SOUTHEAST,2003,irrigated,1800.0,9000.0,5.0
31095,NE,Jefferson,90,SOUTHEAST,2003,non_irrigated,8200.0,22140.0,2.7
31095,NE,Jefferson,90,SOUTHEAST,2004,all,9700.0,34420.0,3.55
31095,NE,Jefferson,90,SOUTHEAST,2004,irrigated,1900.0,11020.0,5.8
31095,NE,Jefferson,90,SOUTHEAST,2004,non_irrigated,7800.0,23400.0,3.0
31095,NE,Jefferson,90,SOUTHEAST,2005,all,9600.0,40720.0,4.24
31095,NE,Jefferson,90,SOUTHEAST,2005,irrigated,1700.0,8330.0,4.9
31095,NE,Jefferson,90,SOUTHEAST,2005,non_irrigated,7900.0,32390.0,4.1
31095,NE,Jefferson,90,SOUTHEAST,2006,all,8900.0,29230.0,3.28
31095,NE,Jefferson,90,SOUTHEAST,2006,irrigated,1800.0,8640.0,4.8
31095,NE,Jefferson,90,SOUTHEAST,2006,non_irrigated,7100.0,20590.0,2.9
31095,NE,Jefferson,90,SOUTHEAST,2007,all,7600.0,23820.0,3.13
31095,NE,Jefferson,90,SOUTHEAST,2007,irrigated,1400.0,7700.0,5.5
31095,NE,Jefferson,90,SOUTHEAST,2007,non_irrigated,6200.0,16120.0,2.6
31095,NE,Jefferson,90,SOUTHEAST,2008,all,7100.0,30550.0,4.3
31095,NE,Jefferson,90,SOUTHEAST,2008,irrigated,1300.0,7930.0,6.1
31095,NE,Jefferson,90,SOUTHEAST,2008,non_irrigated,5800.0,22620.0,3.9
31095,NE,Jefferson,90,SOUTHEAST,2009,all,6900.0,26890.0,3.9
31095,NE,Jefferson,90,SOUTHEAST,2010,all,6400.0,27900.0,4.35
31095,NE,Jefferson,90,SOUTHEAST,2012,all,5200.0,9200.0,1.75
31095,NE,Jefferson,90,SOUTHEAST,2013,all,4900.0,17000.0,3.45
31097,NE,Johnson,90,SOUTHEAST,2000,all,6000.0,11030.0,1.84
31097,NE,Johnson,90,SOUTHEAST,2000,non_irrigated,5900.0,10620.0,1.8
31097,NE,Johnson,90,SOUTHEAST,2001,all,5900.0,16150.0,2.74
31097,NE,Johnson,90,SOUTHEAST,2001,non_irrigated,5800.0,15660.0,2.7
31097,NE,Johnson,90,SOUTHEAST,2002,all,5600.0,10400.0,1.86
31097,NE,Johnson,90,SOUTHEAST,2002,non_irrigated,5500.0,9900.0,1.8
31097,NE,Johnson,90,SOUTHEAST,2003,all,6500.0,16140.0,2.48
31097,NE,Johnson,90,SOUTHEAST,2003,non_irrigated,6300.0,15120.0,2.4
31097,NE,Johnson,90,SOUTHEAST,2004,all,5700.0,19530.0,3.43
31097,NE,Johnson,90,SOUTHEAST,2004,non_irrigated,5600.0,19040.0,3.4
31097,NE,Johnson,90,SOUTHEAST,2005,all,5700.0,16270.0,2.85
31097,NE,Johnson,90,SOUTHEAST,2005,non_irrigated,5600.0,15680.0,2.8
31097,NE,Johnson,90,SOUTHEAST,2006,all,5800.0,10720.0,1.85
31097,NE,Johnson,90,SOUTHEAST,2006,non_irrigated,5700.0,10260.0,1.8
31097,NE,Johnson,90,SOUTHEAST,2007,all,4600.0,10870.0,2.36
31097,NE,Johnson,90,SOUTHEAST,2008,all,4200.0,14120.0,3.35
31097,NE,Johnson,90,SOUTHEAST,2009,all,4100.0,12520.0,3.05
31097,NE,Johnson,90,SOUTHEAST,2010,all,3700.0,14700.0,3.95
31097,NE,Johnson,90,SOUTHEAST,2011,all,3400.0,11800.0,3.45
31097,NE,Johnson,90,SOUTHEAST,2013,all,3000.0,9100.0,3.05
31097,NE,Johnson,90,SOUTHEAST,2016,all,3350.0,11400.0,3.4
31097,NE,Johnson,90,SOUTHEAST,2017,all,3510.0,8800.0,2.5
31099,NE,Kearney,80,SOUTH,2000,all,6300.0,27060.0,4.3
31099,NE,Kearney,80,SOUTH,2000,irrigated,3000.0,16500.0,5.5
31099,NE,Kearney,80,SOUTH,2000,non_irrigated,3300.0,10560.0,3.2
31099,NE,Kearney,80,SOUTH,2001,all,7700.0,33980.0,4.41
31099,NE,Kearney,80,SOUTH,2001,irrigated,3700.0,19980.0,5.4
31099,NE,Kearney,80,SOUTH,2001,non_irrigated,4000.0,14000.0,3.5
31099,NE,Kearney,80,SOUTH,2002,all,7900.0,29920.0,3.79
31099,NE,Kearney,80,SOUTH,2002,irrigated,3800.0,20900.0,5.5
31099,NE,Kearney,80,SOUTH,2002,non_irrigated,4100.0,9020.0,2.2
31099,NE,Kearney,80,SOUTH,2003,all,8600.0,32520.0,3.78
31099,NE,Kearney,80,SOUTH,2003,irrigated,3600.0,20520.0,5.7
31099,NE,Kearney,80,SOUTH,2003,non_irrigated,5000.0,12000.0,2.4
31099,NE,Kearney,80,SOUTH,2004,all,6700.0,24460.0,3.65
31099,NE,Kearney,80,SOUTH,2004,irrigated,3000.0,14100.0,4.7
31099,NE,Kearney,80,SOUTH,2004,non_irrigated,3700.0,10360.0,2.8
31099,NE,Kearney,80,SOUTH,2005,all,5900.0,26200.0,4.44
31099,NE,Kearney,80,SOUTH,2005,irrigated,2900.0,14500.0,5.0
31099,NE,Kearney,80,SOUTH,2005,non_irrigated,3000.0,11700.0,3.9
31099,NE,Kearney,80,SOUTH,2006,all,5900.0,26120.0,4.43
31099,NE,Kearney,80,SOUTH,2006,irrigated,3000.0,18000.0,6.0
31099,NE,Kearney,80,SOUTH,2006,non_irrigated,2900.0,8120.0,2.8
31099,NE,Kearney,80,SOUTH,2007,all,5200.0,23520.0,4.52
31099,NE,Kearney,80,SOUTH,2007,irrigated,2700.0,13770.0,5.1
31099,NE,Kearney,80,SOUTH,2007,non_irrigated,2500.0,9750.0,3.9
31099,NE,Kearney,80,SOUTH,2008,all,4200.0,19570.0,4.65
31099,NE,Kearney,80,SOUTH,2009,all,4200.0,17670.0,4.2
31099,NE,Kearney,80,SOUTH,2009,irrigated,1900.0,8930.0,4.7
31099,NE,Kearney,80,SOUTH,2009,non_irrigated,2300.0,8740.0,3.8
31099,NE,Kearney,80,SOUTH,2010,all,4000.0,18500.0,4.65
31099,NE,Kearney,80,SOUTH,2011,all,3200.0,15800.0,4.95
31099,NE,Kearney,80,SOUTH,2012,all,3100.0,15300.0,4.95
31099,NE,Kearney,80,SOUTH,2013,all,3200.0,14400.0,4.5
31099,NE,Kearney,80,SOUTH,2014,all,4030.0,18500.0,4.6
31099,NE,Kearney,80,SOUTH,2015,all,4020.0,22600.0,5.6
31099,NE,Kearney,80,SOUTH,2016,all,3440.0,19300.0,5.6
31099,NE,Kearney,80,SOUTH,2017,all,3710.0,20300.0,5.45
31101,NE,Keith,70,SOUTHWEST,2000,all,13500.0,57030.0,4.22
31101,NE,Keith,70,SOUTHWEST,2000,irrigated,8800.0,45750.0,5.2
31101,NE,Keith,70,SOUTHWEST,2000,non_irrigated,4700.0,11280.0,2.4
31101,NE,Keith,70,SOUTHWEST,2001,all,13500.0,58100.0,4.3
31101,NE,Keith,70,SOUTHWEST,2001,irrigated,9200.0,46920.0,5.1
31101,NE,Keith,70,SOUTHWEST,2001,non_irrigated,4300.0,11180.0,2.6
31101,NE,Keith,70,SOUTHWEST,2002,all,10000.0,39080.0,3.91
31101,NE,Keith,70,SOUTHWEST,2002,irrigated,8600.0,36980.0,4.3
31101,NE,Keith,70,SOUTHWEST,2002,non_irrigated,1400.0,2100.0,1.5
31101,NE,Keith,70,SOUTHWEST,2003,all,11000.0,46100.0,4.19
31101,NE,Keith,70,SOUTHWEST,2003,irrigated,9300.0,41850.0,4.5
31101,NE,Keith,70,SOUTHWEST,2003,non_irrigated,1700.0,4250.0,2.5
31101,NE,Keith,70,SOUTHWEST,2004,all,10500.0,48340.0,4.6
31101,NE,Keith,70,SOUTHWEST,2004,irrigated,8900.0,44500.0,5.0
31101,NE,Keith,70,SOUTHWEST,2004,non_irrigated,1600.0,3840.0,2.4
31101,NE,Keith,70,SOUTHWEST,2005,all,10000.0,45550.0,4.56
31101,NE,Keith,70,SOUTHWEST,2005,irrigated,8500.0,41650.0,4.9
31101,NE,Keith,70,SOUTHWEST,2005,non_irrigated,1500.0,3900.0,2.6
31101,NE,Keith,70,SOUTHWEST,2006,all,10100.0,51130.0,5.06
31101,NE,Keith,70,SOUTHWEST,2006,irrigated,8900.0,48970.0,5.5
31101,NE,Keith,70,SOUTHWEST,2006,non_irrigated,1200.0,2160.0,1.8
31101,NE,Keith,70,SOUTHWEST,2007,all,9700.0,44860.0,4.62
31101,NE,Keith,70,SOUTHWEST,2007,irrigated,8300.0,41500.0,5.0
31101,NE,Keith,70,SOUTHWEST,2007,non_irrigated,1400.0,3360.0,2.4
31101,NE,Keith,70,SOUTHWEST,2008,all,8100.0,34470.0,4.25
31101,NE,Keith,70,SOUTHWEST,2009,all,7100.0,31150.0,4.4
31101,NE,Keith,70,SOUTHWEST,2010,all,6400.0,26200.0,4.1
31101,NE,Keith,70,SOUTHWEST,2011,all,5400.0,25300.0,4.7
31101,NE,Keith,70,SOUTHWEST,2012,all,5000.0,24200.0,4.85
31101,NE,Keith,70,SOUTHWEST,2013,all,3700.0,14400.0,3.9
31101,NE,Keith,70,SOUTHWEST,2014,all,4420.0,20000.0,4.5
31101,NE,Keith,70,SOUTHWEST,2015,all,4730.0,23000.0,4.85
31101,NE,Keith,70,SOUTHWEST,2016,all,4440.0,20000.0,4.5
31101,NE,Keith,70,SOUTHWEST,2017,all,5300.0,23900.0,4.5
31101,NE,Keith,70,SOUTHWEST,2018,all,5480.0,21000.0,3.85
31103,NE,Keya Paha,20,NORTH,2000,all,23000.0,31800.0,1.38
31103,NE,Keya Paha,20,NORTH,2000,irrigated,2000.0,6600.0,3.3
31103,NE,Keya Paha,20,NORTH,2000,non_irrigated,21000.0,25200.0,1.2
31103,NE,Keya Paha,20,NORTH,2001,all,21000.0,46200.0,2.2
31103,NE,Keya Paha,20,NORTH,2001,irrigated,2000.0,8200.0,4.1
31103,NE,Keya Paha,20,NORTH,2001,non_irrigated,19000.0,38000.0,2.0
31103,NE,Keya Paha,20,NORTH,2002,all,15500.0,16440.0,1.06
31103,NE,Keya Paha,20,NORTH,2002,irrigated,2100.0,8400.0,4.0
31103,NE,Keya Paha,20,NORTH,2002,non_irrigated,13400.0,8040.0,0.6
31103,NE,Keya Paha,20,NORTH,2003,all,18000.0,38650.0,2.15
31103,NE,Keya Paha,20,NORTH,2003,irrigated,2300.0,11960.0,5.2
31103,NE,Keya Paha,20,NORTH,2003,non_irrigated,15700.0,26690.0,1.7
31103,NE,Keya Paha,20,NORTH,2004,all,16000.0,19400.0,1.21
31103,NE,Keya Paha,20,NORTH,2004,irrigated,2000.0,8200.0,4.1
31103,NE,Keya Paha,20,NORTH,2004,non_irrigated,14000.0,11200.0,0.8
31103,NE,Keya Paha,20,NORTH,2005,all,16000.0,34990.0,2.19
31103,NE,Keya Paha,20,NORTH,2005,irrigated,1700.0,7820.0,4.6
31103,NE,Keya Paha,20,NORTH,2005,non_irrigated,14300.0,27170.0,1.9
31103,NE,Keya Paha,20,NORTH,2006,all,16600.0,21030.0,1.27
31103,NE,Keya Paha,20,NORTH,2006,irrigated,2100.0,7980.0,3.8
31103,NE,Keya Paha,20,NORTH,2006,non_irrigated,14500.0,13050.0,0.9
31103,NE,Keya Paha,20,NORTH,2007,all,15700.0,32000.0,2.04
31103,NE,Keya Paha,20,NORTH,2007,irrigated,1700.0,6800.0,4.0
31103,NE,Keya Paha,20,NORTH,2007,non_irrigated,14000.0,25200.0,1.8
31103,NE,Keya Paha,20,NORTH,2008,all,14500.0,29000.0,2.0
31103,NE,Keya Paha,20,NORTH,2008,irrigated,1500.0,6900.0,4.6
31103,NE,Keya Paha,20,NORTH,2008,non_irrigated,13000.0,22100.0,1.7
31103,NE,Keya Paha,20,NORTH,2009,all,17200.0,36060.0,2.1
31103,NE,Keya Paha,20,NORTH,2009,irrigated,1700.0,8160.0,4.8
31103,NE,Keya Paha,20,NORTH,2009,non_irrigated,15500.0,27900.0,1.8
31103,NE,Keya Paha,20,NORTH,2010,all,16000.0,44000.0,2.75
31103,NE,Keya Paha,20,NORTH,2011,all,13000.0,30600.0,2.35
31103,NE,Keya Paha,20,NORTH,2012,all,12000.0,11700.0,1.0
31103,NE,Keya Paha,20,NORTH,2013,all,9100.0,16900.0,1.85
31103,NE,Keya Paha,20,NORTH,2014,all,11900.0,27200.0,2.3
31103,NE,Keya Paha,20,NORTH,2015,all,12900.0,27700.0,2.15
31103,NE,Keya Paha,20,NORTH,2016,all,13100.0,28000.0,2.15
31103,NE,Keya Paha,20,NORTH,2017,all,14200.0,25100.0,1.75
31103,NE,Keya Paha,20,NORTH,2018,all,13500.0,38800.0,2.85
31105,NE,Kimball,10,NORTHWEST,2000,all,7200.0,22690.0,3.15
31105,NE,Kimball,10,NORTHWEST,2000,irrigated,5500.0,19800.0,3.6
31105,NE,Kimball,10,NORTHWEST,2000,non_irrigated,1700.0,2890.0,1.7
31105,NE,Kimball,10,NORTHWEST,2001,all,7900.0,28170.0,3.57
31105,NE,Kimball,10,NORTHWEST,2001,irrigated,6700.0,26130.0,3.9
31105,NE,Kimball,10,NORTHWEST,2001,non_irrigated,1200.0,2040.0,1.7
31105,NE,Kimball,10,NORTHWEST,2002,all,7800.0,27480.0,3.52
31105,NE,Kimball,10,NORTHWEST,2002,irrigated,6900.0,26220.0,3.8
31105,NE,Kimball,10,NORTHWEST,2002,non_irrigated,900.0,1260.0,1.4
31105,NE,Kimball,10,NORTHWEST,2003,all,8900.0,40280.0,4.53
31105,NE,Kimball,10,NORTHWEST,2003,irrigated,8400.0,39480.0,4.7
31105,NE,Kimball,10,NORTHWEST,2004,all,8200.0,34100.0,4.16
31105,NE,Kimball,10,NORTHWEST,2004,irrigated,7400.0,33300.0,4.5
31105,NE,Kimball,10,NORTHWEST,2004,non_irrigated,800.0,800.0,1.0
31105,NE,Kimball,10,NORTHWEST,2005,all,8800.0,36790.0,4.18
31105,NE,Kimball,10,NORTHWEST,2005,irrigated,7200.0,34550.0,4.8
31105,NE,Kimball,10,NORTHWEST,2005,non_irrigated,1600.0,2240.0,1.4
31105,NE,Kimball,10,NORTHWEST,2006,all,7700.0,32480.0,4.22
31105,NE,Kimball,10,NORTHWEST,2006,irrigated,6300.0,30240.0,4.8
31105,NE,Kimball,10,NORTHWEST,2006,non_irrigated,1400.0,2240.0,1.6
31105,NE,Kimball,10,NORTHWEST,2007,all,7700.0,26810.0,3.48
31105,NE,Kimball,10,NORTHWEST,2007,irrigated,5900.0,25370.0,4.3
31105,NE,Kimball,10,NORTHWEST,2007,non_irrigated,1800.0,1440.0,0.8
31105,NE,Kimball,10,NORTHWEST,2008,all,6700.0,22200.0,3.3
31105,NE,Kimball,10,NORTHWEST,2010,all,7400.0,26300.0,3.55
31105,NE,Kimball,10,NORTHWEST,2011,all,6900.0,17500.0,2.55
31105,NE,Kimball,10,NORTHWEST,2013,all,6900.0,21700.0,3.15
31105,NE,Kimball,10,NORTHWEST,2014,all,7510.0,28500.0,3.8
31105,NE,Kimball,10,NORTHWEST,2015,all,7260.0,27900.0,3.85
31105,NE,Kimball,10,NORTHWEST,2016,all,6630.0,22700.0,3.4
31105,NE,Kimball,10,NORTHWEST,2017,all,7290.0,22500.0,3.1
31107,NE,Knox,30,NORTHEAST,2000,all,58000.0,157780.0,2.72
31107,NE,Knox,30,NORTHEAST,2000,irrigated,3400.0,15640.0,4.6
31107,NE,Knox,30,NORTHEAST,2000,non_irrigated,54600.0,142140.0,2.6
31107,NE,Knox,30,NORTHEAST,2001,all,61000.0,211580.0,3.47
31107,NE,Knox,30,NORTHEAST,2001,irrigated,4200.0,18480.0,4.4
31107,NE,Knox,30,NORTHEAST,2001,non_irrigated,56800.0,193100.0,3.4
31107,NE,Knox,30,NORTHEAST,2002,all,64000.0,160770.0,2.51
31107,NE,Knox,30,NORTHEAST,2002,irrigated,4800.0,18720.0,3.9
31107,NE,Knox,30,NORTHEAST,2002,non_irrigated,59200.0,142050.0,2.4
31107,NE,Knox,30,NORTHEAST,2003,all,65000.0,217950.0,3.35
31107,NE,Knox,30,NORTHEAST,2003,irrigated,5000.0,26000.0,5.2
31107,NE,Knox,30,NORTHEAST,2003,non_irrigated,60000.0,191950.0,3.2
31107,NE,Knox,30,NORTHEAST,2004,all,53000.0,179920.0,3.39
31107,NE,Knox,30,NORTHEAST,2004,irrigated,4500.0,24750.0,5.5
31107,NE,Knox,30,NORTHEAST,2004,non_irrigated,48500.0,155170.0,3.2
31107,NE,Knox,30,NORTHEAST,2005,all,58000.0,196900.0,3.39
31107,NE,Knox,30,NORTHEAST,2005,irrigated,4600.0,20700.0,4.5
31107,NE,Knox,30,NORTHEAST,2005,non_irrigated,53400.0,176200.0,3.3
31107,NE,Knox,30,NORTHEAST,2006,all,58800.0,170000.0,2.89
31107,NE,Knox,30,NORTHEAST,2006,irrigated,4800.0,24000.0,5.0
31107,NE,Knox,30,NORTHEAST,2006,non_irrigated,54000.0,146000.0,2.7
31107,NE,Knox,30,NORTHEAST,2007,all,52900.0,173970.0,3.29
31107,NE,Knox,30,NORTHEAST,2007,irrigated,3900.0,17160.0,4.4
31107,NE,Knox,30,NORTHEAST,2007,non_irrigated,49000.0,156810.0,3.2
31107,NE,Knox,30,NORTHEAST,2008,all,47500.0,176880.0,3.7
31107,NE,Knox,30,NORTHEAST,2008,irrigated,3000.0,16800.0,5.6
31107,NE,Knox,30,NORTHEAST,2008,non_irrigated,44500.0,160080.0,3.6
31107,NE,Knox,30,NORTHEAST,2009,all,46500.0,171670.0,3.7
31107,NE,Knox,30,NORTHEAST,2009,irrigated,3000.0,15000.0,5.0
31107,NE,Knox,30,NORTHEAST,2009,non_irrigated,43500.0,156670.0,3.6
31107,NE,Knox,30,NORTHEAST,2010,all,45200.0,174000.0,3.85
31107,NE,Knox,30,NORTHEAST,2011,all,39000.0,154000.0,3.95
31107,NE,Knox,30,NORTHEAST,2012,all,37000.0,68500.0,1.85
31107,NE,Knox,30,NORTHEAST,2013,all,29800.0,94800.0,3.2
31107,NE,Knox,30,NORTHEAST,2014,all,38700.0,168700.0,4.35
31107,NE,Knox,30,NORTHEAST,2015,all,37600.0,143400.0,3.8
31107,NE,Knox,30,NORTHEAST,2016,all,32600.0,128700.0,3.95
31107,NE,Knox,30,NORTHEAST,2017,all,38500.0,169000.0,4.4
31107,NE,Knox,30,NORTHEAST,2018,all,39500.0,173200.0,4.4
31109,NE,Lancaster,60,EAST,2000,all,14500.0,33950.0,2.34
31109,NE,Lancaster,60,EAST,2000,non_irrigated,14200.0,32660.0,2.3
31109,NE,Lancaster,60,EAST,2001,all,14000.0,37030.0,2.65
31109,NE,Lancaster,60,EAST,2001,non_irrigated,13700.0,35620.0,2.6
31109,NE,Lancaster,60,EAST,2002,all,13000.0,33280.0,2.56
31109,NE,Lancaster,60,EAST,2002,non_irrigated,12700.0,31750.0,2.5
31109,NE,Lancaster,60,EAST,2003,all,12000.0,39880.0,3.32
31109,NE,Lancaster,60,EAST,2003,non_irrigated,11900.0,39270.0,3.3
31109,NE,Lancaster,60,EAST,2004,all,10500.0,40130.0,3.82
31109,NE,Lancaster,60,EAST,2004,non_irrigated,10400.0,39520.0,3.8
31109,NE,Lancaster,60,EAST,2005,all,10500.0,29400.0,2.8
31109,NE,Lancaster,60,EAST,2005,non_irrigated,10200.0,27540.0,2.7
31109,NE,Lancaster,60,EAST,2006,all,10400.0,34320.0,3.3
31109,NE,Lancaster,60,EAST,2006,non_irrigated,10000.0,32000.0,3.2
31109,NE,Lancaster,60,EAST,2007,all,10200.0,29600.0,2.9
31109,NE,Lancaster,60,EAST,2008,all,9000.0,31680.0,3.5
31109,NE,Lancaster,60,EAST,2009,all,8100.0,26380.0,3.25
31109,NE,Lancaster,60,EAST,2010,all,7500.0,32600.0,4.35
31109,NE,Lancaster,60,EAST,2011,all,6900.0,28500.0,4.15
31109,NE,Lancaster,60,EAST,2012,all,6400.0,14300.0,2.25
31109,NE,Lancaster,60,EAST,2016,all,5860.0,17500.0,3.0
31111,NE,Lincoln,70,SOUTHWEST,2000,all,41000.0,125750.0,3.07
31111,NE,Lincoln,70,SOUTHWEST,2000,irrigated,18500.0,74000.0,4.0
31111,NE,Lincoln,70,SOUTHWEST,2000,non_irrigated,22500.0,51750.0,2.3
31111,NE,Lincoln,70,SOUTHWEST,2001,all,42000.0,150650.0,3.59
31111,NE,Lincoln,70,SOUTHWEST,2001,irrigated,21900.0,96400.0,4.4
31111,NE,Lincoln,70,SOUTHWEST,2001,non_irrigated,20100.0,54250.0,2.7
31111,NE,Lincoln,70,SOUTHWEST,2002,all,46000.0,148640.0,3.23
31111,NE,Lincoln,70,SOUTHWEST,2002,irrigated,26000.0,106640.0,4.1
31111,NE,Lincoln,70,SOUTHWEST,2002,non_irrigated,20000.0,42000.0,2.1
31111,NE,Lincoln,70,SOUTHWEST,2003,all,44000.0,201100.0,4.57
31111,NE,Lincoln,70,SOUTHWEST,2003,irrigated,27100.0,143660.0,5.3
31111,NE,Lincoln,70,SOUTHWEST,2003,non_irrigated,16900.0,57440.0,3.4
31111,NE,Lincoln,70,SOUTHWEST,2004,all,36000.0,152250.0,4.23
31111,NE,Lincoln,70,SOUTHWEST,2004,irrigated,22100.0,110530.0,5.0
31111,NE,Lincoln,70,SOUTHWEST,2004,non_irrigated,13900.0,41720.0,3.0
31111,NE,Lincoln,70,SOUTHWEST,2005,all,37000.0,135550.0,3.66
31111,NE,Lincoln,70,SOUTHWEST,2005,irrigated,21000.0,92380.0,4.4
31111,NE,Lincoln,70,SOUTHWEST,2005,non_irrigated,16000.0,43170.0,2.7
31111,NE,Lincoln,70,SOUTHWEST,2006,all,31500.0,105640.0,3.35
31111,NE,Lincoln,70,SOUTHWEST,2006,irrigated,19500.0,78000.0,4.0
31111,NE,Lincoln,70,SOUTHWEST,2006,non_irrigated,12000.0,27640.0,2.3
31111,NE,Lincoln,70,SOUTHWEST,2007,all,31000.0,118400.0,3.82
31111,NE,Lincoln,70,SOUTHWEST,2007,irrigated,19000.0,83600.0,4.4
31111,NE,Lincoln,70,SOUTHWEST,2007,non_irrigated,12000.0,34800.0,2.9
31111,NE,Lincoln,70,SOUTHWEST,2008,all,28000.0,119180.0,4.25
31111,NE,Lincoln,70,SOUTHWEST,2008,irrigated,16000.0,78380.0,4.9
31111,NE,Lincoln,70,SOUTHWEST,2008,non_irrigated,12000.0,40800.0,3.4
31111,NE,Lincoln,70,SOUTHWEST,2009,all,26000.0,97400.0,3.75
31111,NE,Lincoln,70,SOUTHWEST,2009,irrigated,14000.0,60200.0,4.3
31111,NE,Lincoln,70,SOUTHWEST,2009,non_irrigated,12000.0,37200.0,3.1
31111,NE,Lincoln,70,SOUTHWEST,2010,all,26000.0,117300.0,4.5
31111,NE,Lincoln,70,SOUTHWEST,2011,all,24800.0,100600.0,4.05
31111,NE,Lincoln,70,SOUTHWEST,2012,all,23200.0,108000.0,4.65
31111,NE,Lincoln,70,SOUTHWEST,2015,all,22700.0,88100.0,3.9
31111,NE,Lincoln,70,SOUTHWEST,2016,all,23700.0,85900.0,3.6
31113,NE,Logan,20,NORTH,2000,all,5100.0,13770.0,2.7
31113,NE,Logan,20,NORTH,2000,irrigated,1700.0,7650.0,4.5
31113,NE,Logan,20,NORTH,2000,non_irrigated,3400.0,6120.0,1.8
31113,NE,Logan,20,NORTH,2001,all,5800.0,16780.0,2.89
31113,NE,Logan,20,NORTH,2001,irrigated,2200.0,8140.0,3.7
31113,NE,Logan,20,NORTH,2001,non_irrigated,3600.0,8640.0,2.4
31113,NE,Logan,20,NORTH,2002,all,4900.0,18980.0,3.87
31113,NE,Logan,20,NORTH,2002,irrigated,3400.0,15980.0,4.7
31113,NE,Logan,20,NORTH,2002,non_irrigated,1500.0,3000.0,2.0
31113,NE,Logan,20,NORTH,2003,all,5700.0,21740.0,3.81
31113,NE,Logan,20,NORTH,2003,irrigated,3100.0,15500.0,5.0
31113,NE,Logan,20,NORTH,2003,non_irrigated,2600.0,6240.0,2.4
31113,NE,Logan,20,NORTH,2004,all,4900.0,18200.0,3.71
31113,NE,Logan,20,NORTH,2004,irrigated,2800.0,13160.0,4.7
31113,NE,Logan,20,NORTH,2004,non_irrigated,2100.0,5040.0,2.4
31113,NE,Logan,20,NORTH,2005,all,4400.0,16340.0,3.71
31113,NE,Logan,20,NORTH,2005,irrigated,2600.0,12740.0,4.9
31113,NE,Logan,20,NORTH,2005,non_irrigated,1800.0,3600.0,2.0
31113,NE,Logan,20,NORTH,2006,all,4100.0,13410.0,3.27
31113,NE,Logan,20,NORTH,2006,irrigated,2300.0,10350.0,4.5
31113,NE,Logan,20,NORTH,2006,non_irrigated,1800.0,3060.0,1.7
31113,NE,Logan,20,NORTH,2007,all,4400.0,13680.0,3.11
31113,NE,Logan,20,NORTH,2007,irrigated,2500.0,9500.0,3.8
31113,NE,Logan,20,NORTH,2007,non_irrigated,1900.0,4180.0,2.2
31113,NE,Logan,20,NORTH,2008,all,3900.0,16290.0,4.2
31113,NE,Logan,20,NORTH,2009,all,3900.0,16260.0,4.15
31113,NE,Logan,20,NORTH,2009,irrigated,2400.0,11760.0,4.9
31113,NE,Logan,20,NORTH,2009,non_irrigated,1500.0,4500.0,3.0
31113,NE,Logan,20,NORTH,2010,all,4200.0,15100.0,3.6
31113,NE,Logan,20,NORTH,2011,all,3500.0,14100.0,4.05
31113,NE,Logan,20,NORTH,2013,all,2800.0,11300.0,4.05
31113,NE,Logan,20,NORTH,2014,all,3240.0,12800.0,3.95
31113,NE,Logan,20,NORTH,2015,all,3800.0,14700.0,3.85
31113,NE,Logan,20,NORTH,2016,all,3200.0,12800.0,4.0
31113,NE,Logan,20,NORTH,2017,all,3760.0,12600.0,3.35
31113,NE,Logan,20,NORTH,2018,all,4000.0,17000.0,4.25
31115,NE,Loup,20,NORTH,2000,all,8100.0,24450.0,3.02
31115,NE,Loup,20,NORTH,2000,irrigated,3900.0,15210.0,3.9
31115,NE,Loup,20,NORTH,2000,non_irrigated,4200.0,9240.0,2.2
31115,NE,Loup,20,NORTH,2001,all,8300.0,25830.0,3.11
31115,NE,Loup,20,NORTH,2001,irrigated,4000.0,16800.0,4.2
31115,NE,Loup,20,NORTH,2001,non_irrigated,4300.0,9030.0,2.1
31115,NE,Loup,20,NORTH,2002,all,7500.0,20010.0,2.67
31115,NE,Loup,20,NORTH,2002,irrigated,3800.0,15200.0,4.0
31115,NE,Loup,20,NORTH,2002,non_irrigated,3700.0,4810.0,1.3
31115,NE,Loup,20,NORTH,2003,all,8300.0,26850.0,3.23
31115,NE,Loup,20,NORTH,2003,irrigated,4100.0,18450.0,4.5
31115,NE,Loup,20,NORTH,2003,non_irrigated,4200.0,8400.0,2.0
31115,NE,Loup,20,NORTH,2004,all,7200.0,20710.0,2.88
31115,NE,Loup,20,NORTH,2004,irrigated,3700.0,14060.0,3.8
31115,NE,Loup,20,NORTH,2004,non_irrigated,3500.0,6650.0,1.9
31115,NE,Loup,20,NORTH,2005,all,6500.0,20420.0,3.14
31115,NE,Loup,20,NORTH,2005,irrigated,3200.0,11840.0,3.7
31115,NE,Loup,20,NORTH,2005,non_irrigated,3300.0,8580.0,2.6
31115,NE,Loup,20,NORTH,2006,all,6200.0,15520.0,2.5
31115,NE,Loup,20,NORTH,2006,irrigated,3000.0,12000.0,4.0
31115,NE,Loup,20,NORTH,2006,non_irrigated,3200.0,3520.0,1.1
31115,NE,Loup,20,NORTH,2007,all,6000.0,21360.0,3.56
31115,NE,Loup,20,NORTH,2007,irrigated,3200.0,14080.0,4.4
31115,NE,Loup,20,NORTH,2007,non_irrigated,2800.0,7280.0,2.6
31115,NE,Loup,20,NORTH,2008,all,5700.0,21990.0,3.85
31115,NE,Loup,20,NORTH,2009,all,5400.0,16500.0,3.05
31115,NE,Loup,20,NORTH,2009,irrigated,2600.0,11180.0,4.3
31115,NE,Loup,20,NORTH,2009,non_irrigated,2800.0,5320.0,1.9
31115,NE,Loup,20,NORTH,2010,all,4700.0,16200.0,3.45
31115,NE,Loup,20,NORTH,2011,all,4200.0,17900.0,4.25
31115,NE,Loup,20,NORTH,2012,all,4000.0,9600.0,2.4
31115,NE,Loup,20,NORTH,2013,all,3000.0,7500.0,2.5
31115,NE,Loup,20,NORTH,2014,all,4050.0,13100.0,3.25
31115,NE,Loup,20,NORTH,2017,all,3400.0,13400.0,3.95
31115,NE,Loup,20,NORTH,2018,all,2930.0,11900.0,4.05
31117,NE,Mcpherson,20,NORTH,2000,all,3800.0,11810.0,3.11
31117,NE,Mcpherson,20,NORTH,2000,irrigated,2300.0,8510.0,3.7
31117,NE,Mcpherson,20,NORTH,2000,non_irrigated,1500.0,3300.0,2.2
31117,NE,Mcpherson,20,NORTH,2001,all,4100.0,13050.0,3.18
31117,NE,Mcpherson,20,NORTH,2001,irrigated,2100.0,9450.0,4.5
31117,NE,Mcpherson,20,NORTH,2001,non_irrigated,2000.0,3600.0,1.8
31117,NE,Mcpherson,20,NORTH,2002,all,6900.0,24730.0,3.58
31117,NE,Mcpherson,20,NORTH,2002,irrigated,5200.0,21840.0,4.2
31117,NE,Mcpherson,20,NORTH,2002,non_irrigated,1700.0,2890.0,1.7
31117,NE,Mcpherson,20,NORTH,2003,all,5600.0,17280.0,3.09
31117,NE,Mcpherson,20,NORTH,2003,irrigated,3000.0,12600.0,4.2
31117,NE,Mcpherson,20,NORTH,2003,non_irrigated,2600.0,4680.0,1.8
31117,NE,Mcpherson,20,NORTH,2004,all,4600.0,15010.0,3.26
31117,NE,Mcpherson,20,NORTH,2004,irrigated,2700.0,10260.0,3.8
31117,NE,Mcpherson,20,NORTH,2004,non_irrigated,1900.0,4750.0,2.5
31117,NE,Mcpherson,20,NORTH,2005,all,4100.0,12820.0,3.13
31117,NE,Mcpherson,20,NORTH,2005,irrigated,2000.0,8200.0,4.1
31117,NE,Mcpherson,20,NORTH,2005,non_irrigated,2100.0,4620.0,2.2
31117,NE,Mcpherson,20,NORTH,2006,all,3500.0,9080.0,2.59
31117,NE,Mcpherson,20,NORTH,2006,irrigated,1900.0,6840.0,3.6
31117,NE,Mcpherson,20,NORTH,2006,non_irrigated,1600.0,2240.0,1.4
31117,NE,Mcpherson,20,NORTH,2007,all,3100.0,11920.0,3.85
31117,NE,Mcpherson,20,NORTH,2007,irrigated,2000.0,8400.0,4.2
31117,NE,Mcpherson,20,NORTH,2007,non_irrigated,1100.0,3520.0,3.2
31117,NE,Mcpherson,20,NORTH,2009,all,3100.0,10930.0,3.55
31117,NE,Mcpherson,20,NORTH,2009,irrigated,2000.0,8400.0,4.2
31117,NE,Mcpherson,20,NORTH,2009,non_irrigated,1100.0,2530.0,2.3
31117,NE,Mcpherson,20,NORTH,2010,all,3500.0,12600.0,3.6
31117,NE,Mcpherson,20,NORTH,2011,all,2900.0,12300.0,4.25
31117,NE,Mcpherson,20,NORTH,2012,all,2800.0,10800.0,3.85
31117,NE,Mcpherson,20,NORTH,2014,all,1720.0,7100.0,4.15
31117,NE,Mcpherson,20,NORTH,2015,all,1710.0,5000.0,2.9
31117,NE,Mcpherson,20,NORTH,2016,all,1480.0,5500.0,3.7
31117,NE,Mcpherson,20,NORTH,2017,all,1300.0,4100.0,3.15
31117,NE,Mcpherson,20,NORTH,2018,all,1300.0,3900.0,3.0
31119,NE,Madison,30,NORTHEAST,2000,all,16500.0,60610.0,3.67
31119,NE,Madison,30,NORTHEAST,2000,irrigated,2200.0,10560.0,4.8
31119,NE,Madison,30,NORTHEAST,2000,non_irrigated,14300.0,50050.0,3.5
31119,NE,Madison,30,NORTHEAST,2001,all,17500.0,62400.0,3.57
31119,NE,Madison,30,NORTHEAST,2001,irrigated,2900.0,12760.0,4.4
31119,NE,Madison,30,NORTHEAST,2001,non_irrigated,14600.0,49640.0,3.4
31119,NE,Madison,30,NORTHEAST,2002,all,17000.0,58350.0,3.43
31119,NE,Madison,30,NORTHEAST,2002,irrigated,3500.0,17850.0,5.1
31119,NE,Madison,30,NORTHEAST,2002,non_irrigated,13500.0,40500.0,3.0
31119,NE,Madison,30,NORTHEAST,2003,all,19000.0,67250.0,3.54
31119,NE,Madison,30,NORTHEAST,2003,irrigated,4300.0,20210.0,4.7
31119,NE,Madison,30,NORTHEAST,2003,non_irrigated,14700.0,47040.0,3.2
31119,NE,Madison,30,NORTHEAST,2004,all,16000.0,65200.0,4.08
31119,NE,Madison,30,NORTHEAST,2004,irrigated,4000.0,20800.0,5.2
31119,NE,Madison,30,NORTHEAST,2004,non_irrigated,12000.0,44400.0,3.7
31119,NE,Madison,30,NORTHEAST,2005,all,15500.0,67510.0,4.36
31119,NE,Madison,30,NORTHEAST,2005,irrigated,3300.0,17490.0,5.3
31119,NE,Madison,30,NORTHEAST,2005,non_irrigated,12200.0,50020.0,4.1
31119,NE,Madison,30,NORTHEAST,2006,all,16500.0,66300.0,4.02
31119,NE,Madison,30,NORTHEAST,2006,irrigated,3500.0,18200.0,5.2
31119,NE,Madison,30,NORTHEAST,2006,non_irrigated,13000.0,48100.0,3.7
31119,NE,Madison,30,NORTHEAST,2007,all,14300.0,56830.0,3.97
31119,NE,Madison,30,NORTHEAST,2007,irrigated,2800.0,14280.0,5.1
31119,NE,Madison,30,NORTHEAST,2007,non_irrigated,11500.0,42550.0,3.7
31119,NE,Madison,30,NORTHEAST,2008,all,12600.0,52820.0,4.2
31119,NE,Madison,30,NORTHEAST,2009,all,12300.0,51350.0,4.15
31119,NE,Madison,30,NORTHEAST,2009,irrigated,2300.0,10350.0,4.5
31119,NE,Madison,30,NORTHEAST,2009,non_irrigated,10000.0,41000.0,4.1
31119,NE,Madison,30,NORTHEAST,2010,all,12100.0,57000.0,4.7
31119,NE,Madison,30,NORTHEAST,2011,all,10100.0,41800.0,4.15
31119,NE,Madison,30,NORTHEAST,2012,all,9500.0,26200.0,2.75
31119,NE,Madison,30,NORTHEAST,2014,all,10500.0,41200.0,3.9
31119,NE,Madison,30,NORTHEAST,2017,all,10000.0,43700.0,4.35
31119,NE,Madison,30,NORTHEAST,2018,all,10500.0,54800.0,5.2
31121,NE,Merrick,60,EAST,2000,all,7200.0,20890.0,2.9
31121,NE,Merrick,60,EAST,2000,irrigated,2400.0,9600.0,4.0
31121,NE,Merrick,60,EAST,2000,non_irrigated,4800.0,11290.0,2.35
31121,NE,Merrick,60,EAST,2001,all,7300.0,28730.0,3.94
31121,NE,Merrick,60,EAST,2001,irrigated,2900.0,14210.0,4.9
31121,NE,Merrick,60,EAST,2001,non_irrigated,4400.0,14520.0,3.3
31121,NE,Merrick,60,EAST,2002,all,8500.0,25670.0,3.02
31121,NE,Merrick,60,EAST,2002,irrigated,3400.0,13940.0,4.1
31121,NE,Merrick,60,EAST,2002,non_irrigated,5100.0,11730.0,2.3
31121,NE,Merrick,60,EAST,2003,all,9100.0,32370.0,3.56
31121,NE,Merrick,60,EAST,2003,irrigated,3900.0,16770.0,4.3
31121,NE,Merrick,60,EAST,2003,non_irrigated,5200.0,15600.0,3.0
31121,NE,Merrick,60,EAST,2004,all,7600.0,26640.0,3.51
31121,NE,Merrick,60,EAST,2004,irrigated,3400.0,15300.0,4.5
31121,NE,Merrick,60,EAST,2004,non_irrigated,4200.0,11340.0,2.7
31121,NE,Merrick,60,EAST,2005,all,7100.0,29270.0,4.12
31121,NE,Merrick,60,EAST,2005,irrigated,3000.0,14100.0,4.7
31121,NE,Merrick,60,EAST,2005,non_irrigated,4100.0,15170.0,3.7
31121,NE,Merrick,60,EAST,2006,all,7200.0,25100.0,3.49
31121,NE,Merrick,60,EAST,2006,irrigated,2900.0,13920.0,4.8
31121,NE,Merrick,60,EAST,2006,non_irrigated,4300.0,11180.0,2.6
31121,NE,Merrick,60,EAST,2007,all,6900.0,25770.0,3.73
31121,NE,Merrick,60,EAST,2007,irrigated,2700.0,11070.0,4.1
31121,NE,Merrick,60,EAST,2007,non_irrigated,4200.0,14700.0,3.5
31121,NE,Merrick,60,EAST,2008,all,5500.0,22220.0,4.05
31121,NE,Merrick,60,EAST,2009,all,5200.0,17760.0,3.4
31121,NE,Merrick,60,EAST,2009,irrigated,1800.0,7560.0,4.2
31121,NE,Merrick,60,EAST,2009,non_irrigated,3400.0,10200.0,3.0
31121,NE,Merrick,60,EAST,2010,all,5000.0,20000.0,4.0
31121,NE,Merrick,60,EAST,2011,all,4200.0,15600.0,3.7
31121,NE,Merrick,60,EAST,2013,all,3700.0,13000.0,3.5
31121,NE,Merrick,60,EAST,2014,all,4660.0,21000.0,4.5
31121,NE,Merrick,60,EAST,2015,all,5060.0,21500.0,4.25
31121,NE,Merrick,60,EAST,2018,all,5200.0,25700.0,4.95
31123,NE,Morrill,10,NORTHWEST,2000,all,22000.0,88600.0,4.03
31123,NE,Morrill,10,NORTHWEST,2000,irrigated,19500.0,83850.0,4.3
31123,NE,Morrill,10,NORTHWEST,2000,non_irrigated,2500.0,4750.0,1.9
31123,NE,Morrill,10,NORTHWEST,2001,all,25000.0,121700.0,4.87
31123,NE,Morrill,10,NORTHWEST,2001,irrigated,23000.0,117300.0,5.1
31123,NE,Morrill,10,NORTHWEST,2001,non_irrigated,2000.0,4400.0,2.2
31123,NE,Morrill,10,NORTHWEST,2002,all,26000.0,111300.0,4.28
31123,NE,Morrill,10,NORTHWEST,2002,irrigated,25000.0,110000.0,4.4
31123,NE,Morrill,10,NORTHWEST,2002,non_irrigated,1000.0,1300.0,1.3
31123,NE,Morrill,10,NORTHWEST,2003,all,27000.0,130010.0,4.82
31123,NE,Morrill,10,NORTHWEST,2003,irrigated,26300.0,128890.0,4.9
31123,NE,Morrill,10,NORTHWEST,2003,non_irrigated,700.0,1120.0,1.6
31123,NE,Morrill,10,NORTHWEST,2004,all,22000.0,97210.0,4.42
31123,NE,Morrill,10,NORTHWEST,2004,irrigated,21500.0,96750.0,4.5
31123,NE,Morrill,10,NORTHWEST,2005,all,24000.0,105700.0,4.4
31123,NE,Morrill,10,NORTHWEST,2005,irrigated,23000.0,103500.0,4.5
31123,NE,Morrill,10,NORTHWEST,2005,non_irrigated,1000.0,2200.0,2.2
31123,NE,Morrill,10,NORTHWEST,2006,all,23700.0,101800.0,4.3
31123,NE,Morrill,10,NORTHWEST,2006,irrigated,23000.0,101100.0,4.4
31123,NE,Morrill,10,NORTHWEST,2007,all,25500.0,114200.0,4.48
31123,NE,Morrill,10,NORTHWEST,2007,irrigated,24500.0,112700.0,4.6
31123,NE,Morrill,10,NORTHWEST,2007,non_irrigated,1000.0,1500.0,1.5
31123,NE,Morrill,10,NORTHWEST,2008,all,22600.0,104300.0,4.6
31123,NE,Morrill,10,NORTHWEST,2009,all,21000.0,96900.0,4.6
31123,NE,Morrill,10,NORTHWEST,2010,all,18000.0,81900.0,4.55
31123,NE,Morrill,10,NORTHWEST,2011,all,17000.0,83000.0,4.9
31123,NE,Morrill,10,NORTHWEST,2012,all,17500.0,76700.0,4.4
31123,NE,Morrill,10,NORTHWEST,2013,all,16000.0,64200.0,4.0
31123,NE,Morrill,10,NORTHWEST,2014,all,18400.0,94800.0,5.15
31123,NE,Morrill,10,NORTHWEST,2015,all,19600.0,90300.0,4.6
31123,NE,Morrill,10,NORTHWEST,2016,all,17500.0,95600.0,5.45
31123,NE,Morrill,10,NORTHWEST,2018,all,19900.0,93300.0,4.7
31125,NE,Nance,60,EAST,2000,all,11500.0,33130.0,2.88
31125,NE,Nance,60,EAST,2000,irrigated,1900.0,8170.0,4.3
31125,NE,Nance,60,EAST,2000,non_irrigated,9600.0,24960.0,2.6
31125,NE,Nance,60,EAST,2001,all,12500.0,39250.0,3.14
31125,NE,Nance,60,EAST,2001,irrigated,2200.0,11440.0,5.2
31125,NE,Nance,60,EAST,2001,non_irrigated,10300.0,27810.0,2.7
31125,NE,Nance,60,EAST,2002,all,13500.0,31400.0,2.33
31125,NE,Nance,60,EAST,2002,irrigated,2300.0,10120.0,4.4
31125,NE,Nance,60,EAST,2002,non_irrigated,11200.0,21280.0,1.9
31125,NE,Nance,60,EAST,2003,all,14000.0,40360.0,2.88
31125,NE,Nance,60,EAST,2003,irrigated,2600.0,13000.0,5.0
31125,NE,Nance,60,EAST,2003,non_irrigated,11400.0,27360.0,2.4
31125,NE,Nance,60,EAST,2004,all,12000.0,40800.0,3.4
31125,NE,Nance,60,EAST,2004,irrigated,2400.0,11040.0,4.6
31125,NE,Nance,60,EAST,2004,non_irrigated,9600.0,29760.0,3.1
31125,NE,Nance,60,EAST,2005,all,11500.0,40740.0,3.54
31125,NE,Nance,60,EAST,2005,irrigated,2400.0,13440.0,5.6
31125,NE,Nance,60,EAST,2005,non_irrigated,9100.0,27300.0,3.0
31125,NE,Nance,60,EAST,2006,all,11600.0,41440.0,3.57
31125,NE,Nance,60,EAST,2006,irrigated,2700.0,12960.0,4.8
31125,NE,Nance,60,EAST,2006,non_irrigated,8900.0,28480.0,3.2
31125,NE,Nance,60,EAST,2007,all,10200.0,38580.0,3.78
31125,NE,Nance,60,EAST,2007,irrigated,2400.0,11280.0,4.7
31125,NE,Nance,60,EAST,2007,non_irrigated,7800.0,27300.0,3.5
31125,NE,Nance,60,EAST,2008,all,9300.0,39540.0,4.25
31125,NE,Nance,60,EAST,2009,all,9500.0,40850.0,4.3
31125,NE,Nance,60,EAST,2010,all,9100.0,34900.0,3.85
31125,NE,Nance,60,EAST,2011,all,8500.0,37400.0,4.4
31125,NE,Nance,60,EAST,2013,all,7600.0,28700.0,3.8
31125,NE,Nance,60,EAST,2014,all,8200.0,35500.0,4.35
31125,NE,Nance,60,EAST,2016,all,6820.0,32000.0,4.7
31127,NE,Nemaha,90,SOUTHEAST,2000,all,5000.0,16000.0,3.2
31127,NE,Nemaha,90,SOUTHEAST,2000,non_irrigated,5000.0,16000.0,3.2
31127,NE,Nemaha,90,SOUTHEAST,2001,all,5100.0,17850.0,3.5
31127,NE,Nemaha,90,SOUTHEAST,2001,non_irrigated,5100.0,17850.0,3.5
31127,NE,Nemaha,90,SOUTHEAST,2002,all,5500.0,11550.0,2.1
31127,NE,Nemaha,90,SOUTHEAST,2002,non_irrigated,5500.0,11550.0,2.1
31127,NE,Nemaha,90,SOUTHEAST,2003,all,5800.0,17400.0,3.0
31127,NE,Nemaha,90,SOUTHEAST,2003,non_irrigated,5800.0,17400.0,3.0
31127,NE,Nemaha,90,SOUTHEAST,2004,all,5100.0,18360.0,3.6
31127,NE,Nemaha,90,SOUTHEAST,2004,non_irrigated,5100.0,18360.0,3.6
31127,NE,Nemaha,90,SOUTHEAST,2005,all,5400.0,17280.0,3.2
31127,NE,Nemaha,90,SOUTHEAST,2005,non_irrigated,5400.0,17280.0,3.2
31127,NE,Nemaha,90,SOUTHEAST,2006,all,4600.0,10120.0,2.2
31127,NE,Nemaha,90,SOUTHEAST,2006,non_irrigated,4600.0,10120.0,2.2
31127,NE,Nemaha,90,SOUTHEAST,2007,all,3900.0,12090.0,3.1
31127,NE,Nemaha,90,SOUTHEAST,2007,non_irrigated,3900.0,12090.0,3.1
31127,NE,Nemaha,90,SOUTHEAST,2008,all,3300.0,11880.0,3.6
31127,NE,Nemaha,90,SOUTHEAST,2008,non_irrigated,3300.0,11880.0,3.6
31127,NE,Nemaha,90,SOUTHEAST,2009,all,3500.0,13650.0,3.9
31127,NE,Nemaha,90,SOUTHEAST,2009,non_irrigated,3500.0,13650.0,3.9
31127,NE,Nemaha,90,SOUTHEAST,2010,all,3300.0,14500.0,4.4
31127,NE,Nemaha,90,SOUTHEAST,2011,all,2900.0,10000.0,3.45
31127,NE,Nemaha,90,SOUTHEAST,2012,all,2700.0,7200.0,2.65
31127,NE,Nemaha,90,SOUTHEAST,2013,all,2200.0,7600.0,3.45
31127,NE,Nemaha,90,SOUTHEAST,2014,all,2530.0,8700.0,3.45
31127,NE,Nemaha,90,SOUTHEAST,2015,all,2540.0,9700.0,3.8
31127,NE,Nemaha,90,SOUTHEAST,2016,all,1960.0,6300.0,3.2
31127,NE,Nemaha,90,SOUTHEAST,2017,all,2090.0,8300.0,3.95
31129,NE,Nuckolls,90,SOUTHEAST,2000,all,7600.0,16680.0,2.19
31129,NE,Nuckolls,90,SOUTHEAST,2000,non_irrigated,7300.0,15330.0,2.1
31129,NE,Nuckolls,90,SOUTHEAST,2001,all,7800.0,29430.0,3.77
31129,NE,Nuckolls,90,SOUTHEAST,2001,non_irrigated,7400.0,27380.0,3.7
31129,NE,Nuckolls,90,SOUTHEAST,2002,all,9100.0,17990.0,1.98
31129,NE,Nuckolls,90,SOUTHEAST,2002,irrigated,700.0,3710.0,5.3
31129,NE,Nuckolls,90,SOUTHEAST,2002,non_irrigated,8400.0,14280.0,1.7
31129,NE,Nuckolls,90,SOUTHEAST,2003,all,9100.0,30640.0,3.37
31129,NE,Nuckolls,90,SOUTHEAST,2003,irrigated,900.0,5220.0,5.8
31129,NE,Nuckolls,90,SOUTHEAST,2003,non_irrigated,8200.0,25420.0,3.1
31129,NE,Nuckolls,90,SOUTHEAST,2004,all,8500.0,27680.0,3.26
31129,NE,Nuckolls,90,SOUTHEAST,2004,irrigated,700.0,3500.0,5.0
31129,NE,Nuckolls,90,SOUTHEAST,2004,non_irrigated,7800.0,24180.0,3.1
31129,NE,Nuckolls,90,SOUTHEAST,2005,all,7700.0,27020.0,3.51
31129,NE,Nuckolls,90,SOUTHEAST,2005,irrigated,600.0,2880.0,4.8
31129,NE,Nuckolls,90,SOUTHEAST,2005,non_irrigated,7100.0,24140.0,3.4
31129,NE,Nuckolls,90,SOUTHEAST,2006,all,8500.0,21520.0,2.53
31129,NE,Nuckolls,90,SOUTHEAST,2006,irrigated,700.0,2800.0,4.0
31129,NE,Nuckolls,90,SOUTHEAST,2006,non_irrigated,7800.0,18720.0,2.4
31129,NE,Nuckolls,90,SOUTHEAST,2007,all,7700.0,26450.0,3.44
31129,NE,Nuckolls,90,SOUTHEAST,2007,irrigated,600.0,3000.0,5.0
31129,NE,Nuckolls,90,SOUTHEAST,2007,non_irrigated,7100.0,23450.0,3.3
31129,NE,Nuckolls,90,SOUTHEAST,2008,all,7200.0,31520.0,4.4
31129,NE,Nuckolls,90,SOUTHEAST,2009,all,7200.0,25700.0,3.55
31129,NE,Nuckolls,90,SOUTHEAST,2010,all,6800.0,27200.0,4.0
31129,NE,Nuckolls,90,SOUTHEAST,2011,all,6300.0,30700.0,4.85
31129,NE,Nuckolls,90,SOUTHEAST,2013,all,5200.0,21000.0,4.05
31129,NE,Nuckolls,90,SOUTHEAST,2014,all,6480.0,21800.0,3.35
31129,NE,Nuckolls,90,SOUTHEAST,2017,all,5370.0,27500.0,5.1
31131,NE,Otoe,90,SOUTHEAST,2000,all,10500.0,29250.0,2.79
31131,NE,Otoe,90,SOUTHEAST,2000,irrigated,500.0,2250.0,4.5
31131,NE,Otoe,90,SOUTHEAST,2000,non_irrigated,10000.0,27000.0,2.7
31131,NE,Otoe,90,SOUTHEAST,2001,all,10500.0,33930.0,3.23
31131,NE,Otoe,90,SOUTHEAST,2001,non_irrigated,9900.0,30690.0,3.1
31131,NE,Otoe,90,SOUTHEAST,2002,all,9400.0,21520.0,2.29
31131,NE,Otoe,90,SOUTHEAST,2002,non_irrigated,9100.0,20020.0,2.2
31131,NE,Otoe,90,SOUTHEAST,2003,all,10500.0,32000.0,3.05
31131,NE,Otoe,90,SOUTHEAST,2003,non_irrigated,10000.0,29000.0,2.9
31131,NE,Otoe,90,SOUTHEAST,2004,all,9900.0,37240.0,3.76
31131,NE,Otoe,90,SOUTHEAST,2004,non_irrigated,9500.0,35150.0,3.7
31131,NE,Otoe,90,SOUTHEAST,2005,all,9700.0,30490.0,3.14
31131,NE,Otoe,90,SOUTHEAST,2005,non_irrigated,9400.0,29140.0,3.1
31131,NE,Otoe,90,SOUTHEAST,2006,all,8900.0,27790.0,3.12
31131,NE,Otoe,90,SOUTHEAST,2006,non_irrigated,8700.0,26970.0,3.1
31131,NE,Otoe,90,SOUTHEAST,2007,all,7400.0,24540.0,3.32
31131,NE,Otoe,90,SOUTHEAST,2008,all,7500.0,28500.0,3.8
31131,NE,Otoe,90,SOUTHEAST,2009,all,7100.0,27850.0,3.9
31131,NE,Otoe,90,SOUTHEAST,2010,all,6800.0,27500.0,4.05
31131,NE,Otoe,90,SOUTHEAST,2011,all,6000.0,25000.0,4.15
31131,NE,Otoe,90,SOUTHEAST,2012,all,5700.0,13300.0,2.35
31131,NE,Otoe,90,SOUTHEAST,2016,all,4700.0,20300.0,4.3
31133,NE,Pawnee,90,SOUTHEAST,2000,all,5900.0,10030.0,1.7
31133,NE,Pawnee,90,SOUTHEAST,2000,non_irrigated,5900.0,10030.0,1.7
31133,NE,Pawnee,90,SOUTHEAST,2001,all,6700.0,20770.0,3.1
31133,NE,Pawnee,90,SOUTHEAST,2001,non_irrigated,6700.0,20770.0,3.1
31133,NE,Pawnee,90,SOUTHEAST,2002,all,6500.0,14720.0,2.26
31133,NE,Pawnee,90,SOUTHEAST,2002,non_irrigated,6400.0,14720.0,2.3
31133,NE,Pawnee,90,SOUTHEAST,2003,all,6600.0,20010.0,3.03
31133,NE,Pawnee,90,SOUTHEAST,2003,non_irrigated,6500.0,19500.0,3.0
31133,NE,Pawnee,90,SOUTHEAST,2004,all,6100.0,18490.0,3.03
31133,NE,Pawnee,90,SOUTHEAST,2004,non_irrigated,6000.0,18000.0,3.0
31133,NE,Pawnee,90,SOUTHEAST,2005,all,5900.0,17700.0,3.0
31133,NE,Pawnee,90,SOUTHEAST,2005,non_irrigated,5900.0,17700.0,3.0
31133,NE,Pawnee,90,SOUTHEAST,2006,all,6400.0,16000.0,2.5
31133,NE,Pawnee,90,SOUTHEAST,2006,non_irrigated,6400.0,16000.0,2.5
31133,NE,Pawnee,90,SOUTHEAST,2007,all,5500.0,18150.0,3.3
31133,NE,Pawnee,90,SOUTHEAST,2007,non_irrigated,5500.0,18150.0,3.3
31133,NE,Pawnee,90,SOUTHEAST,2008,all,5000.0,16500.0,3.3
31133,NE,Pawnee,90,SOUTHEAST,2008,non_irrigated,5000.0,16500.0,3.3
31133,NE,Pawnee,90,SOUTHEAST,2009,all,4600.0,16710.0,3.65
31133,NE,Pawnee,90,SOUTHEAST,2010,all,4100.0,15400.0,3.75
31133,NE,Pawnee,90,SOUTHEAST,2011,all,3700.0,11400.0,3.1
31133,NE,Pawnee,90,SOUTHEAST,2012,all,3600.0,7100.0,1.95
31133,NE,Pawnee,90,SOUTHEAST,2013,all,2900.0,9600.0,3.3
31133,NE,Pawnee,90,SOUTHEAST,2014,all,3290.0,9800.0,3.0
31133,NE,Pawnee,90,SOUTHEAST,2015,all,3300.0,12100.0,3.65
31133,NE,Pawnee,90,SOUTHEAST,2016,all,2380.0,6700.0,2.8
31133,NE,Pawnee,90,SOUTHEAST,2017,all,2820.0,8000.0,2.85
31133,NE,Pawnee,90,SOUTHEAST,2018,all,2700.0,8700.0,3.2
31135,NE,Perkins,70,SOUTHWEST,2000,all,3100.0,15850.0,5.11
31135,NE,Perkins,70,SOUTHWEST,2000,irrigated,2900.0,15370.0,5.3
31135,NE,Perkins,70,SOUTHWEST,2001,all,3400.0,18540.0,5.45
31135,NE,Perkins,70,SOUTHWEST,2001,irrigated,3100.0,17670.0,5.7
31135,NE,Perkins,70,SOUTHWEST,2001,non_irrigated,300.0,870.0,2.9
31135,NE,Perkins,70,SOUTHWEST,2002,all,4200.0,20400.0,4.86
31135,NE,Perkins,70,SOUTHWEST,2002,irrigated,4000.0,20000.0,5.0
31135,NE,Perkins,70,SOUTHWEST,2003,all,4200.0,22390.0,5.33
31135,NE,Perkins,70,SOUTHWEST,2003,irrigated,3700.0,21090.0,5.7
31135,NE,Perkins,70,SOUTHWEST,2003,non_irrigated,500.0,1300.0,2.6
31135,NE,Perkins,70,SOUTHWEST,2004,all,3600.0,17880.0,4.97
31135,NE,Perkins,70,SOUTHWEST,2004,irrigated,3100.0,16430.0,5.3
31135,NE,Perkins,70,SOUTHWEST,2004,non_irrigated,500.0,1450.0,2.9
31135,NE,Perkins,70,SOUTHWEST,2005,all,3000.0,14300.0,4.77
31135,NE,Perkins,70,SOUTHWEST,2005,irrigated,2500.0,12750.0,5.1
31135,NE,Perkins,70,SOUTHWEST,2005,non_irrigated,500.0,1550.0,3.1
31135,NE,Perkins,70,SOUTHWEST,2006,all,3000.0,15500.0,5.17
31135,NE,Perkins,70,SOUTHWEST,2006,irrigated,2500.0,14750.0,5.9
31135,NE,Perkins,70,SOUTHWEST,2006,non_irrigated,500.0,750.0,1.5
31135,NE,Perkins,70,SOUTHWEST,2007,all,2700.0,12150.0,4.5
31135,NE,Perkins,70,SOUTHWEST,2007,irrigated,2100.0,11130.0,5.3
31135,NE,Perkins,70,SOUTHWEST,2007,non_irrigated,600.0,1020.0,1.7
31135,NE,Perkins,70,SOUTHWEST,2008,all,2300.0,9570.0,4.15
31135,NE,Perkins,70,SOUTHWEST,2009,all,1800.0,7290.0,4.05
31135,NE,Perkins,70,SOUTHWEST,2009,irrigated,1300.0,6240.0,4.8
31135,NE,Perkins,70,SOUTHWEST,2009,non_irrigated,500.0,1050.0,2.1
31135,NE,Perkins,70,SOUTHWEST,2010,all,1600.0,6200.0,3.9
31135,NE,Perkins,70,SOUTHWEST,2012,all,1300.0,5300.0,4.1
31135,NE,Perkins,70,SOUTHWEST,2013,all,1000.0,3800.0,3.8
31135,NE,Perkins,70,SOUTHWEST,2014,all,720.0,3900.0,5.4
31135,NE,Perkins,70,SOUTHWEST,2015,all,880.0,4000.0,4.55
31135,NE,Perkins,70,SOUTHWEST,2017,all,920.0,4800.0,5.2
31137,NE,Phelps,80,SOUTH,2000,all,7000.0,30800.0,4.4
31137,NE,Phelps,80,SOUTH,2000,irrigated,4000.0,21200.0,5.3
31137,NE,Phelps,80,SOUTH,2000,non_irrigated,3000.0,9600.0,3.2
31137,NE,Phelps,80,SOUTH,2001,all,7800.0,38080.0,4.88
31137,NE,Phelps,80,SOUTH,2001,irrigated,4900.0,27930.0,5.7
31137,NE,Phelps,80,SOUTH,2001,non_irrigated,2900.0,10150.0,3.5
31137,NE,Phelps,80,SOUTH,2002,all,8400.0,31950.0,3.8
31137,NE,Phelps,80,SOUTH,2002,irrigated,5300.0,25440.0,4.8
31137,NE,Phelps,80,SOUTH,2002,non_irrigated,3100.0,6510.0,2.1
31137,NE,Phelps,80,SOUTH,2003,all,9000.0,39600.0,4.4
31137,NE,Phelps,80,SOUTH,2003,irrigated,5400.0,28080.0,5.2
31137,NE,Phelps,80,SOUTH,2003,non_irrigated,3600.0,11520.0,3.2
31137,NE,Phelps,80,SOUTH,2004,all,7900.0,35720.0,4.52
31137,NE,Phelps,80,SOUTH,2004,irrigated,5200.0,26000.0,5.0
31137,NE,Phelps,80,SOUTH,2004,non_irrigated,2700.0,9720.0,3.6
31137,NE,Phelps,80,SOUTH,2005,all,8300.0,39030.0,4.7
31137,NE,Phelps,80,SOUTH,2005,irrigated,5300.0,27030.0,5.1
31137,NE,Phelps,80,SOUTH,2005,non_irrigated,3000.0,12000.0,4.0
31137,NE,Phelps,80,SOUTH,2006,all,8500.0,35070.0,4.13
31137,NE,Phelps,80,SOUTH,2006,irrigated,5400.0,24840.0,4.6
31137,NE,Phelps,80,SOUTH,2006,non_irrigated,3100.0,10230.0,3.3
31137,NE,Phelps,80,SOUTH,2007,all,6800.0,29720.0,4.37
31137,NE,Phelps,80,SOUTH,2007,irrigated,3700.0,18870.0,5.1
31137,NE,Phelps,80,SOUTH,2007,non_irrigated,3100.0,10850.0,3.5
31137,NE,Phelps,80,SOUTH,2008,all,5800.0,28280.0,4.9
31137,NE,Phelps,80,SOUTH,2008,irrigated,3100.0,18290.0,5.9
31137,NE,Phelps,80,SOUTH,2008,non_irrigated,2700.0,9990.0,3.7
31137,NE,Phelps,80,SOUTH,2009,all,5900.0,26420.0,4.5
31137,NE,Phelps,80,SOUTH,2009,irrigated,3100.0,15500.0,5.0
31137,NE,Phelps,80,SOUTH,2009,non_irrigated,2800.0,10920.0,3.9
31137,NE,Phelps,80,SOUTH,2010,all,5000.0,23200.0,4.65
31137,NE,Phelps,80,SOUTH,2011,all,3600.0,15900.0,4.4
31137,NE,Phelps,80,SOUTH,2012,all,3500.0,16000.0,4.55
31137,NE,Phelps,80,SOUTH,2013,all,3200.0,17300.0,5.4
31137,NE,Phelps,80,SOUTH,2014,all,4080.0,22200.0,5.45
31137,NE,Phelps,80,SOUTH,2016,all,3400.0,19600.0,5.75
31137,NE,Phelps,80,SOUTH,2017,all,3300.0,17900.0,5.4
31139,NE,Pierce,30,NORTHEAST,2000,all,16500.0,53010.0,3.21
31139,NE,Pierce,30,NORTHEAST,2000,irrigated,2700.0,11610.0,4.3
31139,NE,Pierce,30,NORTHEAST,2000,non_irrigated,13800.0,41400.0,3.0
31139,NE,Pierce,30,NORTHEAST,2001,all,18500.0,72750.0,3.93
31139,NE,Pierce,30,NORTHEAST,2001,irrigated,4100.0,20910.0,5.1
31139,NE,Pierce,30,NORTHEAST,2001,non_irrigated,14400.0,51840.0,3.6
31139,NE,Pierce,30,NORTHEAST,2002,all,17500.0,62000.0,3.54
31139,NE,Pierce,30,NORTHEAST,2002,irrigated,4500.0,24300.0,5.4
31139,NE,Pierce,30,NORTHEAST,2002,non_irrigated,13000.0,37700.0,2.9
31139,NE,Pierce,30,NORTHEAST,2003,all,18000.0,71820.0,3.99
31139,NE,Pierce,30,NORTHEAST,2003,irrigated,4200.0,23520.0,5.6
31139,NE,Pierce,30,NORTHEAST,2003,non_irrigated,13800.0,48300.0,3.5
31139,NE,Pierce,30,NORTHEAST,2004,all,16000.0,64170.0,4.01
31139,NE,Pierce,30,NORTHEAST,2004,irrigated,4300.0,23220.0,5.4
31139,NE,Pierce,30,NORTHEAST,2004,non_irrigated,11700.0,40950.0,3.5
31139,NE,Pierce,30,NORTHEAST,2005,all,17000.0,66680.0,3.92
31139,NE,Pierce,30,NORTHEAST,2005,irrigated,4600.0,25760.0,5.6
31139,NE,Pierce,30,NORTHEAST,2005,non_irrigated,12400.0,40920.0,3.3
31139,NE,Pierce,30,NORTHEAST,2006,all,16400.0,71680.0,4.37
31139,NE,Pierce,30,NORTHEAST,2006,irrigated,4400.0,27280.0,6.2
31139,NE,Pierce,30,NORTHEAST,2006,non_irrigated,12000.0,44400.0,3.7
31139,NE,Pierce,30,NORTHEAST,2007,all,14800.0,59730.0,4.04
31139,NE,Pierce,30,NORTHEAST,2007,irrigated,4300.0,21930.0,5.1
31139,NE,Pierce,30,NORTHEAST,2007,non_irrigated,10500.0,37800.0,3.6
31139,NE,Pierce,30,NORTHEAST,2008,all,13300.0,54840.0,4.1
31139,NE,Pierce,30,NORTHEAST,2008,irrigated,3300.0,15840.0,4.8
31139,NE,Pierce,30,NORTHEAST,2008,non_irrigated,10000.0,39000.0,3.9
31139,NE,Pierce,30,NORTHEAST,2009,all,12200.0,51860.0,4.25
31139,NE,Pierce,30,NORTHEAST,2009,irrigated,3200.0,18560.0,5.8
31139,NE,Pierce,30,NORTHEAST,2009,non_irrigated,9000.0,33300.0,3.7
31139,NE,Pierce,30,NORTHEAST,2010,all,11200.0,49300.0,4.4
31139,NE,Pierce,30,NORTHEAST,2012,all,9800.0,28800.0,2.95
31139,NE,Pierce,30,NORTHEAST,2013,all,10000.0,35600.0,3.55
31139,NE,Pierce,30,NORTHEAST,2014,all,10400.0,43400.0,4.15
31141,NE,Platte,60,EAST,2000,all,12000.0,35000.0,2.92
31141,NE,Platte,60,EAST,2000,irrigated,2500.0,11250.0,4.5
31141,NE,Platte,60,EAST,2000,non_irrigated,9500.0,23750.0,2.5
31141,NE,Platte,60,EAST,2001,all,13500.0,47200.0,3.5
31141,NE,Platte,60,EAST,2001,irrigated,3500.0,18200.0,5.2
31141,NE,Platte,60,EAST,2001,non_irrigated,10000.0,29000.0,2.9
31141,NE,Platte,60,EAST,2002,all,15000.0,44000.0,2.93
31141,NE,Platte,60,EAST,2002,irrigated,4000.0,17600.0,4.4
31141,NE,Platte,60,EAST,2002,non_irrigated,11000.0,26400.0,2.4
31141,NE,Platte,60,EAST,2003,all,16000.0,60600.0,3.79
31141,NE,Platte,60,EAST,2003,irrigated,5500.0,28050.0,5.1
31141,NE,Platte,60,EAST,2003,non_irrigated,10500.0,32550.0,3.1
31141,NE,Platte,60,EAST,2004,all,14000.0,57500.0,4.11
31141,NE,Platte,60,EAST,2004,irrigated,5000.0,26000.0,5.2
31141,NE,Platte,60,EAST,2004,non_irrigated,9000.0,31500.0,3.5
31141,NE,Platte,60,EAST,2005,all,13000.0,54860.0,4.22
31141,NE,Platte,60,EAST,2005,irrigated,4600.0,27140.0,5.9
31141,NE,Platte,60,EAST,2005,non_irrigated,8400.0,27720.0,3.3
31141,NE,Platte,60,EAST,2006,all,13100.0,54030.0,4.12
31141,NE,Platte,60,EAST,2006,irrigated,4800.0,24980.0,5.2
31141,NE,Platte,60,EAST,2006,non_irrigated,8300.0,29050.0,3.5
31141,NE,Platte,60,EAST,2007,all,12000.0,51900.0,4.33
31141,NE,Platte,60,EAST,2007,irrigated,4200.0,22260.0,5.3
31141,NE,Platte,60,EAST,2007,non_irrigated,7800.0,29640.0,3.8
31141,NE,Platte,60,EAST,2008,all,10800.0,46930.0,4.35
31141,NE,Platte,60,EAST,2008,irrigated,3700.0,19240.0,5.2
31141,NE,Platte,60,EAST,2008,non_irrigated,7100.0,27690.0,3.9
31141,NE,Platte,60,EAST,2009,all,10000.0,42700.0,4.25
31141,NE,Platte,60,EAST,2010,all,9300.0,44200.0,4.75
31141,NE,Platte,60,EAST,2012,all,8000.0,24500.0,3.05
31141,NE,Platte,60,EAST,2014,all,7800.0,41700.0,5.35
31143,NE,Polk,60,EAST,2000,all,6900.0,21190.0,3.07
31143,NE,Polk,60,EAST,2000,irrigated,1300.0,6630.0,5.1
31143,NE,Polk,60,EAST,2000,non_irrigated,5600.0,14560.0,2.6
31143,NE,Polk,60,EAST,2001,all,7500.0,29400.0,3.92
31143,NE,Polk,60,EAST,2001,irrigated,1100.0,5720.0,5.2
31143,NE,Polk,60,EAST,2001,non_irrigated,6400.0,23680.0,3.7
31143,NE,Polk,60,EAST,2002,all,9100.0,27040.0,2.97
31143,NE,Polk,60,EAST,2002,irrigated,2600.0,11440.0,4.4
31143,NE,Polk,60,EAST,2002,non_irrigated,6500.0,15600.0,2.4
31143,NE,Polk,60,EAST,2003,all,9100.0,32500.0,3.57
31143,NE,Polk,60,EAST,2003,irrigated,1300.0,6760.0,5.2
31143,NE,Polk,60,EAST,2003,non_irrigated,7800.0,25740.0,3.3
31143,NE,Polk,60,EAST,2004,all,7500.0,24480.0,3.26
31143,NE,Polk,60,EAST,2004,irrigated,1100.0,5280.0,4.8
31143,NE,Polk,60,EAST,2004,non_irrigated,6400.0,19200.0,3.0
31143,NE,Polk,60,EAST,2005,all,7400.0,27360.0,3.7
31143,NE,Polk,60,EAST,2005,irrigated,1700.0,9690.0,5.7
31143,NE,Polk,60,EAST,2005,non_irrigated,5700.0,17670.0,3.1
31143,NE,Polk,60,EAST,2006,all,7600.0,29220.0,3.84
31143,NE,Polk,60,EAST,2006,irrigated,2300.0,11730.0,5.1
31143,NE,Polk,60,EAST,2006,non_irrigated,5300.0,17490.0,3.3
31143,NE,Polk,60,EAST,2007,all,6300.0,27500.0,4.37
31143,NE,Polk,60,EAST,2007,irrigated,2300.0,11500.0,5.0
31143,NE,Polk,60,EAST,2007,non_irrigated,4000.0,16000.0,4.0
31143,NE,Polk,60,EAST,2008,all,5600.0,26840.0,4.8
31143,NE,Polk,60,EAST,2008,irrigated,2300.0,12650.0,5.5
31143,NE,Polk,60,EAST,2008,non_irrigated,3300.0,14190.0,4.3
31143,NE,Polk,60,EAST,2009,all,5000.0,20460.0,4.1
31143,NE,Polk,60,EAST,2010,all,4800.0,21600.0,4.5
31143,NE,Polk,60,EAST,2011,all,4100.0,21400.0,5.2
31143,NE,Polk,60,EAST,2012,all,4200.0,14800.0,3.5
31143,NE,Polk,60,EAST,2013,all,4100.0,17900.0,4.35
31143,NE,Polk,60,EAST,2015,all,4590.0,22700.0,4.95
31143,NE,Polk,60,EAST,2017,all,4830.0,23600.0,4.9
31143,NE,Polk,60,EAST,2018,all,3790.0,16100.0,4.25
31145,NE,Red Willow,70,SOUTHWEST,2000,all,11000.0,47810.0,4.35
31145,NE,Red Willow,70,SOUTHWEST,2000,irrigated,4500.0,24300.0,5.4
31145,NE,Red Willow,70,SOUTHWEST,2000,non_irrigated,6500.0,23510.0,3.62
31145,NE,Red Willow,70,SOUTHWEST,2001,all,10000.0,43170.0,4.32
31145,NE,Red Willow,70,SOUTHWEST,2001,irrigated,4700.0,23030.0,4.9
31145,NE,Red Willow,70,SOUTHWEST,2001,non_irrigated,5300.0,20140.0,3.8
31145,NE,Red Willow,70,SOUTHWEST,2002,all,8500.0,32880.0,3.87
31145,NE,Red Willow,70,SOUTHWEST,2002,irrigated,4100.0,19680.0,4.8
31145,NE,Red Willow,70,SOUTHWEST,2002,non_irrigated,4400.0,13200.0,3.0
31145,NE,Red Willow,70,SOUTHWEST,2003,all,8900.0,42420.0,4.77
31145,NE,Red Willow,70,SOUTHWEST,2003,irrigated,4300.0,24940.0,5.8
31145,NE,Red Willow,70,SOUTHWEST,2003,non_irrigated,4600.0,17480.0,3.8
31145,NE,Red Willow,70,SOUTHWEST,2004,all,8600.0,38500.0,4.48
31145,NE,Red Willow,70,SOUTHWEST,2004,irrigated,4100.0,20500.0,5.0
31145,NE,Red Willow,70,SOUTHWEST,2004,non_irrigated,4500.0,18000.0,4.0
31145,NE,Red Willow,70,SOUTHWEST,2005,all,8600.0,37340.0,4.34
31145,NE,Red Willow,70,SOUTHWEST,2005,irrigated,3800.0,18620.0,4.9
31145,NE,Red Willow,70,SOUTHWEST,2005,non_irrigated,4800.0,18720.0,3.9
31145,NE,Red Willow,70,SOUTHWEST,2006,all,7900.0,32940.0,4.17
31145,NE,Red Willow,70,SOUTHWEST,2006,irrigated,3000.0,15300.0,5.1
31145,NE,Red Willow,70,SOUTHWEST,2006,non_irrigated,4900.0,17640.0,3.6
31145,NE,Red Willow,70,SOUTHWEST,2007,all,7000.0,32400.0,4.63
31145,NE,Red Willow,70,SOUTHWEST,2007,irrigated,2500.0,13500.0,5.4
31145,NE,Red Willow,70,SOUTHWEST,2007,non_irrigated,4500.0,18900.0,4.2
31145,NE,Red Willow,70,SOUTHWEST,2008,all,6700.0,32880.0,4.9
31145,NE,Red Willow,70,SOUTHWEST,2008,irrigated,2100.0,12180.0,5.8
31145,NE,Red Willow,70,SOUTHWEST,2008,non_irrigated,4600.0,20700.0,4.5
31145,NE,Red Willow,70,SOUTHWEST,2009,all,7000.0,35560.0,5.1
31145,NE,Red Willow,70,SOUTHWEST,2009,irrigated,2800.0,16240.0,5.8
31145,NE,Red Willow,70,SOUTHWEST,2009,non_irrigated,4200.0,19320.0,4.6
31145,NE,Red Willow,70,SOUTHWEST,2010,all,6500.0,32500.0,5.0
31145,NE,Red Willow,70,SOUTHWEST,2012,all,6300.0,21900.0,3.5
31145,NE,Red Willow,70,SOUTHWEST,2015,all,8910.0,52400.0,5.9
31147,NE,Richardson,90,SOUTHEAST,2000,all,5200.0,19370.0,3.73
31147,NE,Richardson,90,SOUTHEAST,2000,non_irrigated,5100.0,18870.0,3.7
31147,NE,Richardson,90,SOUTHEAST,2001,all,5500.0,18360.0,3.34
31147,NE,Richardson,90,SOUTHEAST,2001,non_irrigated,5400.0,17820.0,3.3
31147,NE,Richardson,90,SOUTHEAST,2002,all,5200.0,13000.0,2.5
31147,NE,Richardson,90,SOUTHEAST,2002,non_irrigated,5200.0,13000.0,2.5
31147,NE,Richardson,90,SOUTHEAST,2003,all,5700.0,17100.0,3.0
31147,NE,Richardson,90,SOUTHEAST,2003,non_irrigated,5700.0,17100.0,3.0
31147,NE,Richardson,90,SOUTHEAST,2004,all,5000.0,16500.0,3.3
31147,NE,Richardson,90,SOUTHEAST,2004,non_irrigated,5000.0,16500.0,3.3
31147,NE,Richardson,90,SOUTHEAST,2005,all,4900.0,20090.0,4.1
31147,NE,Richardson,90,SOUTHEAST,2005,non_irrigated,4900.0,20090.0,4.1
31147,NE,Richardson,90,SOUTHEAST,2006,all,4600.0,16560.0,3.6
31147,NE,Richardson,90,SOUTHEAST,2006,non_irrigated,4600.0,16560.0,3.6
31147,NE,Richardson,90,SOUTHEAST,2007,all,4000.0,14400.0,3.6
31147,NE,Richardson,90,SOUTHEAST,2007,non_irrigated,4000.0,14400.0,3.6
31147,NE,Richardson,90,SOUTHEAST,2008,all,4200.0,17220.0,4.1
31147,NE,Richardson,90,SOUTHEAST,2008,non_irrigated,4200.0,17220.0,4.1
31147,NE,Richardson,90,SOUTHEAST,2009,all,4000.0,16110.0,4.05
31147,NE,Richardson,90,SOUTHEAST,2010,all,3600.0,15500.0,4.3
31147,NE,Richardson,90,SOUTHEAST,2011,all,3200.0,12300.0,3.85
31147,NE,Richardson,90,SOUTHEAST,2012,all,3200.0,11900.0,3.7
31147,NE,Richardson,90,SOUTHEAST,2013,all,3400.0,11600.0,3.4
31147,NE,Richardson,90,SOUTHEAST,2018,all,2840.0,13800.0,4.85
31149,NE,Rock,20,NORTH,2000,all,5300.0,11370.0,2.15
31149,NE,Rock,20,NORTH,2000,irrigated,1400.0,6300.0,4.5
31149,NE,Rock,20,NORTH,2000,non_irrigated,3900.0,5070.0,1.3
31149,NE,Rock,20,NORTH,2001,all,4400.0,11720.0,2.66
31149,NE,Rock,20,NORTH,2001,irrigated,1200.0,4680.0,3.9
31149,NE,Rock,20,NORTH,2001,non_irrigated,3200.0,7040.0,2.2
31149,NE,Rock,20,NORTH,2002,all,3600.0,8640.0,2.4
31149,NE,Rock,20,NORTH,2002,irrigated,1800.0,7200.0,4.0
31149,NE,Rock,20,NORTH,2002,non_irrigated,1800.0,1440.0,0.8
31149,NE,Rock,20,NORTH,2003,all,5000.0,12400.0,2.48
31149,NE,Rock,20,NORTH,2003,irrigated,1500.0,6450.0,4.3
31149,NE,Rock,20,NORTH,2003,non_irrigated,3500.0,5950.0,1.7
31149,NE,Rock,20,NORTH,2004,all,4400.0,11380.0,2.59
31149,NE,Rock,20,NORTH,2004,irrigated,1500.0,6450.0,4.3
31149,NE,Rock,20,NORTH,2004,non_irrigated,2900.0,4930.0,1.7
31149,NE,Rock,20,NORTH,2005,all,4100.0,10340.0,2.52
31149,NE,Rock,20,NORTH,2005,irrigated,1400.0,6020.0,4.3
31149,NE,Rock,20,NORTH,2005,non_irrigated,2700.0,4320.0,1.6
31149,NE,Rock,20,NORTH,2006,all,3500.0,7660.0,2.19
31149,NE,Rock,20,NORTH,2006,irrigated,1200.0,4440.0,3.7
31149,NE,Rock,20,NORTH,2006,non_irrigated,2300.0,3220.0,1.4
31149,NE,Rock,20,NORTH,2007,all,2900.0,7170.0,2.47
31149,NE,Rock,20,NORTH,2007,irrigated,1100.0,4290.0,3.9
31149,NE,Rock,20,NORTH,2007,non_irrigated,1800.0,2880.0,1.6
31149,NE,Rock,20,NORTH,2009,all,1300.0,3090.0,2.4
31149,NE,Rock,20,NORTH,2009,irrigated,500.0,1650.0,3.3
31149,NE,Rock,20,NORTH,2009,non_irrigated,800.0,1440.0,1.8
31149,NE,Rock,20,NORTH,2013,all,1600.0,4900.0,3.05
31149,NE,Rock,20,NORTH,2014,all,2230.0,7000.0,3.15
31149,NE,Rock,20,NORTH,2016,all,2750.0,8900.0,3.25
31149,NE,Rock,20,NORTH,2017,all,4300.0,15500.0,3.6
31151,NE,Saline,90,SOUTHEAST,2000,all,7400.0,17480.0,2.36
31151,NE,Saline,90,SOUTHEAST,2000,irrigated,500.0,2300.0,4.6
31151,NE,Saline,90,SOUTHEAST,2000,non_irrigated,6900.0,15180.0,2.2
31151,NE,Saline,90,SOUTHEAST,2001,all,7400.0,25540.0,3.45
31151,NE,Saline,90,SOUTHEAST,2001,irrigated,700.0,3430.0,4.9
31151,NE,Saline,90,SOUTHEAST,2001,non_irrigated,6700.0,22110.0,3.3
31151,NE,Saline,90,SOUTHEAST,2002,all,7900.0,21200.0,2.68
31151,NE,Saline,90,SOUTHEAST,2002,irrigated,700.0,3920.0,5.6
31151,NE,Saline,90,SOUTHEAST,2002,non_irrigated,7200.0,17280.0,2.4
31151,NE,Saline,90,SOUTHEAST,2003,all,8600.0,22420.0,2.61
31151,NE,Saline,90,SOUTHEAST,2003,irrigated,800.0,4480.0,5.6
31151,NE,Saline,90,SOUTHEAST,2003,non_irrigated,7800.0,17940.0,2.3
31151,NE,Saline,90,SOUTHEAST,2004,all,8100.0,26650.0,3.29
31151,NE,Saline,90,SOUTHEAST,2004,irrigated,700.0,3710.0,5.3
31151,NE,Saline,90,SOUTHEAST,2004,non_irrigated,7400.0,22940.0,3.1
31151,NE,Saline,90,SOUTHEAST,2005,all,7700.0,26040.0,3.38
31151,NE,Saline,90,SOUTHEAST,2005,irrigated,700.0,4340.0,6.2
31151,NE,Saline,90,SOUTHEAST,2005,non_irrigated,7000.0,21700.0,3.1
31151,NE,Saline,90,SOUTHEAST,2006,all,8500.0,20230.0,2.38
31151,NE,Saline,90,SOUTHEAST,2006,irrigated,700.0,3850.0,5.5
31151,NE,Saline,90,SOUTHEAST,2006,non_irrigated,7800.0,16380.0,2.1
31151,NE,Saline,90,SOUTHEAST,2007,all,7300.0,23470.0,3.22
31151,NE,Saline,90,SOUTHEAST,2007,irrigated,600.0,2700.0,4.5
31151,NE,Saline,90,SOUTHEAST,2007,non_irrigated,6700.0,20770.0,3.1
31151,NE,Saline,90,SOUTHEAST,2008,all,6800.0,25940.0,3.8
31151,NE,Saline,90,SOUTHEAST,2009,all,6700.0,22030.0,3.3
31151,NE,Saline,90,SOUTHEAST,2009,irrigated,600.0,3120.0,5.2
31151,NE,Saline,90,SOUTHEAST,2009,non_irrigated,6100.0,18910.0,3.1
31151,NE,Saline,90,SOUTHEAST,2010,all,6500.0,26000.0,4.0
31151,NE,Saline,90,SOUTHEAST,2011,all,5800.0,20400.0,3.5
31151,NE,Saline,90,SOUTHEAST,2012,all,5600.0,11300.0,2.0
31151,NE,Saline,90,SOUTHEAST,2013,all,5200.0,18700.0,3.6
31151,NE,Saline,90,SOUTHEAST,2014,all,5870.0,24000.0,4.1
31151,NE,Saline,90,SOUTHEAST,2015,all,5530.0,21300.0,3.85
31151,NE,Saline,90,SOUTHEAST,2016,all,5070.0,18000.0,3.55
31151,NE,Saline,90,SOUTHEAST,2017,all,5270.0,22700.0,4.3
31153,NE,Sarpy,60,EAST,2000,all,3400.0,12740.0,3.75
31153,NE,Sarpy,60,EAST,2000,non_irrigated,3200.0,11840.0,3.7
31153,NE,Sarpy,60,EAST,2001,all,3500.0,11830.0,3.38
31153,NE,Sarpy,60,EAST,2001,non_irrigated,3300.0,10890.0,3.3
31153,NE,Sarpy,60,EAST,2002,all,2700.0,8300.0,3.07
31153,NE,Sarpy,60,EAST,2002,non_irrigated,2600.0,7800.0,3.0
31153,NE,Sarpy,60,EAST,2003,all,2800.0,8070.0,2.88
31153,NE,Sarpy,60,EAST,2003,non_irrigated,2700.0,7560.0,2.8
31153,NE,Sarpy,60,EAST,2004,all,2600.0,10660.0,4.1
31153,NE,Sarpy,60,EAST,2004,non_irrigated,2500.0,10000.0,4.0
31153,NE,Sarpy,60,EAST,2005,all,2200.0,7130.0,3.24
31153,NE,Sarpy,60,EAST,2005,non_irrigated,2100.0,6720.0,3.2
31153,NE,Sarpy,60,EAST,2006,all,2000.0,6000.0,3.0
31153,NE,Sarpy,60,EAST,2006,non_irrigated,2000.0,6000.0,3.0
31153,NE,Sarpy,60,EAST,2007,all,1800.0,6660.0,3.7
31153,NE,Sarpy,60,EAST,2007,non_irrigated,1800.0,6660.0,3.7
31153,NE,Sarpy,60,EAST,2008,all,1800.0,5400.0,3.0
31153,NE,Sarpy,60,EAST,2008,non_irrigated,1800.0,5400.0,3.0
31153,NE,Sarpy,60,EAST,2009,all,1400.0,4430.0,3.15
31153,NE,Sarpy,60,EAST,2010,all,1300.0,5100.0,3.9
31153,NE,Sarpy,60,EAST,2011,all,1200.0,4000.0,3.35
31153,NE,Sarpy,60,EAST,2014,all,1250.0,5000.0,4.0
31153,NE,Sarpy,60,EAST,2018,all,820.0,2000.0,2.45
31155,NE,Saunders,60,EAST,2000,all,10500.0,36570.0,3.48
31155,NE,Saunders,60,EAST,2000,non_irrigated,10200.0,34680.0,3.4
31155,NE,Saunders,60,EAST,2001,all,11000.0,39990.0,3.64
31155,NE,Saunders,60,EAST,2001,non_irrigated,10700.0,38520.0,3.6
31155,NE,Saunders,60,EAST,2002,all,11500.0,31770.0,2.76
31155,NE,Saunders,60,EAST,2002,non_irrigated,11100.0,29970.0,2.7
31155,NE,Saunders,60,EAST,2003,all,12000.0,32500.0,2.71
31155,NE,Saunders,60,EAST,2003,non_irrigated,11500.0,29900.0,2.6
31155,NE,Saunders,60,EAST,2004,all,9800.0,37340.0,3.81
31155,NE,Saunders,60,EAST,2004,irrigated,600.0,3300.0,5.5
31155,NE,Saunders,60,EAST,2004,non_irrigated,9200.0,34040.0,3.7
31155,NE,Saunders,60,EAST,2005,all,9700.0,39090.0,4.03
31155,NE,Saunders,60,EAST,2005,irrigated,600.0,3600.0,6.0
31155,NE,Saunders,60,EAST,2005,non_irrigated,9100.0,35490.0,3.9
31155,NE,Saunders,60,EAST,2006,all,10500.0,37350.0,3.56
31155,NE,Saunders,60,EAST,2006,irrigated,900.0,5670.0,6.3
31155,NE,Saunders,60,EAST,2006,non_irrigated,9600.0,31680.0,3.3
31155,NE,Saunders,60,EAST,2007,all,9800.0,34760.0,3.55
31155,NE,Saunders,60,EAST,2007,irrigated,800.0,4160.0,5.2
31155,NE,Saunders,60,EAST,2007,non_irrigated,9000.0,30600.0,3.4
31155,NE,Saunders,60,EAST,2008,all,8500.0,34840.0,4.1
31155,NE,Saunders,60,EAST,2009,all,8200.0,28720.0,3.5
31155,NE,Saunders,60,EAST,2010,all,7900.0,33500.0,4.25
31155,NE,Saunders,60,EAST,2013,all,6200.0,22100.0,3.55
31155,NE,Saunders,60,EAST,2014,all,7590.0,32400.0,4.25
31157,NE,Scotts Bluff,10,NORTHWEST,2000,all,27000.0,115400.0,4.27
31157,NE,Scotts Bluff,10,NORTHWEST,2000,irrigated,26000.0,114200.0,4.39
31157,NE,Scotts Bluff,10,NORTHWEST,2001,all,29000.0,131150.0,4.52
31157,NE,Scotts Bluff,10,NORTHWEST,2001,irrigated,28600.0,130110.0,4.55
31157,NE,Scotts Bluff,10,NORTHWEST,2002,all,36000.0,131500.0,3.65
31157,NE,Scotts Bluff,10,NORTHWEST,2002,irrigated,35000.0,129500.0,3.7
31157,NE,Scotts Bluff,10,NORTHWEST,2003,all,40000.0,171900.0,4.3
31157,NE,Scotts Bluff,10,NORTHWEST,2003,irrigated,39000.0,170000.0,4.36
31157,NE,Scotts Bluff,10,NORTHWEST,2003,non_irrigated,1000.0,1900.0,1.9
31157,NE,Scotts Bluff,10,NORTHWEST,2004,all,37000.0,150470.0,4.07
31157,NE,Scotts Bluff,10,NORTHWEST,2004,irrigated,36500.0,149570.0,4.1
31157,NE,Scotts Bluff,10,NORTHWEST,2004,non_irrigated,500.0,900.0,1.8
31157,NE,Scotts Bluff,10,NORTHWEST,2005,all,39000.0,173500.0,4.45
31157,NE,Scotts Bluff,10,NORTHWEST,2005,irrigated,38000.0,171000.0,4.5
31157,NE,Scotts Bluff,10,NORTHWEST,2005,non_irrigated,1000.0,2500.0,2.5
31157,NE,Scotts Bluff,10,NORTHWEST,2006,all,36800.0,160320.0,4.36
31157,NE,Scotts Bluff,10,NORTHWEST,2006,irrigated,36000.0,158000.0,4.39
31157,NE,Scotts Bluff,10,NORTHWEST,2006,non_irrigated,800.0,2320.0,2.9
31157,NE,Scotts Bluff,10,NORTHWEST,2007,all,34400.0,145940.0,4.24
31157,NE,Scotts Bluff,10,NORTHWEST,2007,irrigated,33500.0,144050.0,4.3
31157,NE,Scotts Bluff,10,NORTHWEST,2007,non_irrigated,900.0,1890.0,2.1
31157,NE,Scotts Bluff,10,NORTHWEST,2008,all,31500.0,152210.0,4.85
31157,NE,Scotts Bluff,10,NORTHWEST,2009,all,32800.0,149440.0,4.55
31157,NE,Scotts Bluff,10,NORTHWEST,2009,irrigated,32000.0,147200.0,4.6
31157,NE,Scotts Bluff,10,NORTHWEST,2009,non_irrigated,800.0,2240.0,2.8
31157,NE,Scotts Bluff,10,NORTHWEST,2010,all,31000.0,139500.0,4.5
31157,NE,Scotts Bluff,10,NORTHWEST,2011,all,23500.0,110000.0,4.7
31157,NE,Scotts Bluff,10,NORTHWEST,2012,all,25000.0,109000.0,4.35
31157,NE,Scotts Bluff,10,NORTHWEST,2013,all,22600.0,82800.0,3.65
31157,NE,Scotts Bluff,10,NORTHWEST,2014,all,27500.0,127900.0,4.65
31157,NE,Scotts Bluff,10,NORTHWEST,2015,all,29500.0,142300.0,4.8
31157,NE,Scotts Bluff,10,NORTHWEST,2016,all,27200.0,137200.0,5.05
31157,NE,Scotts Bluff,10,NORTHWEST,2017,all,31500.0,148000.0,4.7
31157,NE,Scotts Bluff,10,NORTHWEST,2018,all,37300.0,192700.0,5.15
31159,NE,Seward,60,EAST,2000,all,7700.0,23170.0,3.01
31159,NE,Seward,60,EAST,2000,irrigated,700.0,3570.0,5.1
31159,NE,Seward,60,EAST,2000,non_irrigated,7000.0,19600.0,2.8
31159,NE,Seward,60,EAST,2001,all,7500.0,24930.0,3.32
31159,NE,Seward,60,EAST,2001,irrigated,800.0,4160.0,5.2
31159,NE,Seward,60,EAST,2001,non_irrigated,6700.0,20770.0,3.1
31159,NE,Seward,60,EAST,2002,all,8000.0,21500.0,2.69
31159,NE,Seward,60,EAST,2002,irrigated,1000.0,4700.0,4.7
31159,NE,Seward,60,EAST,2002,non_irrigated,7000.0,16800.0,2.4
31159,NE,Seward,60,EAST,2003,all,8700.0,27410.0,3.15
31159,NE,Seward,60,EAST,2003,irrigated,1400.0,7700.0,5.5
31159,NE,Seward,60,EAST,2003,non_irrigated,7300.0,19710.0,2.7
31159,NE,Seward,60,EAST,2004,all,8100.0,27860.0,3.44
31159,NE,Seward,60,EAST,2004,irrigated,1100.0,6160.0,5.6
31159,NE,Seward,60,EAST,2004,non_irrigated,7000.0,21700.0,3.1
31159,NE,Seward,60,EAST,2005,all,8000.0,23880.0,2.99
31159,NE,Seward,60,EAST,2005,irrigated,1100.0,5940.0,5.4
31159,NE,Seward,60,EAST,2005,non_irrigated,6900.0,17940.0,2.6
31159,NE,Seward,60,EAST,2006,all,8800.0,26760.0,3.04
31159,NE,Seward,60,EAST,2006,irrigated,1400.0,8260.0,5.9
31159,NE,Seward,60,EAST,2006,non_irrigated,7400.0,18500.0,2.5
31159,NE,Seward,60,EAST,2007,all,8400.0,30660.0,3.65
31159,NE,Seward,60,EAST,2007,irrigated,1400.0,7560.0,5.4
31159,NE,Seward,60,EAST,2007,non_irrigated,7000.0,23100.0,3.3
31159,NE,Seward,60,EAST,2008,all,7100.0,27000.0,3.8
31159,NE,Seward,60,EAST,2008,irrigated,1100.0,6600.0,6.0
31159,NE,Seward,60,EAST,2008,non_irrigated,6000.0,20400.0,3.4
31159,NE,Seward,60,EAST,2009,all,7300.0,28330.0,3.9
31159,NE,Seward,60,EAST,2009,irrigated,1300.0,7930.0,6.1
31159,NE,Seward,60,EAST,2009,non_irrigated,6000.0,20400.0,3.4
31159,NE,Seward,60,EAST,2010,all,6900.0,28100.0,4.05
31159,NE,Seward,60,EAST,2011,all,5700.0,26200.0,4.6
31159,NE,Seward,60,EAST,2013,all,5200.0,21300.0,4.1
31159,NE,Seward,60,EAST,2014,all,5820.0,25400.0,4.35
31159,NE,Seward,60,EAST,2015,all,5490.0,21700.0,3.95
31159,NE,Seward,60,EAST,2018,all,4990.0,25300.0,5.05
31161,NE,Sheridan,10,NORTHWEST,2000,all,36000.0,94700.0,2.63
31161,NE,Sheridan,10,NORTHWEST,2000,irrigated,11500.0,50600.0,4.4
31161,NE,Sheridan,10,NORTHWEST,2000,non_irrigated,24500.0,44100.0,1.8
31161,NE,Sheridan,10,NORTHWEST,2001,all,37000.0,104100.0,2.81
31161,NE,Sheridan,10,NORTHWEST,2001,irrigated,11000.0,49500.0,4.5
31161,NE,Sheridan,10,NORTHWEST,2001,non_irrigated,26000.0,54600.0,2.1
31161,NE,Sheridan,10,NORTHWEST,2002,all,31000.0,71000.0,2.29
31161,NE,Sheridan,10,NORTHWEST,2002,irrigated,14000.0,57400.0,4.1
31161,NE,Sheridan,10,NORTHWEST,2002,non_irrigated,17000.0,13600.0,0.8
31161,NE,Sheridan,10,NORTHWEST,2003,all,33000.0,99900.0,3.03
31161,NE,Sheridan,10,NORTHWEST,2003,irrigated,13500.0,64800.0,4.8
31161,NE,Sheridan,10,NORTHWEST,2003,non_irrigated,19500.0,35100.0,1.8
31161,NE,Sheridan,10,NORTHWEST,2004,all,28000.0,77210.0,2.76
31161,NE,Sheridan,10,NORTHWEST,2004,irrigated,13300.0,62510.0,4.7
31161,NE,Sheridan,10,NORTHWEST,2004,non_irrigated,14700.0,14700.0,1.0
31161,NE,Sheridan,10,NORTHWEST,2005,all,38000.0,106200.0,2.79
31161,NE,Sheridan,10,NORTHWEST,2005,irrigated,13000.0,63700.0,4.9
31161,NE,Sheridan,10,NORTHWEST,2005,non_irrigated,25000.0,42500.0,1.7
31161,NE,Sheridan,10,NORTHWEST,2006,all,35000.0,81200.0,2.32
31161,NE,Sheridan,10,NORTHWEST,2006,irrigated,14000.0,60200.0,4.3
31161,NE,Sheridan,10,NORTHWEST,2006,non_irrigated,21000.0,21000.0,1.0
31161,NE,Sheridan,10,NORTHWEST,2007,all,31000.0,62200.0,2.01
31161,NE,Sheridan,10,NORTHWEST,2007,irrigated,12000.0,43200.0,3.6
31161,NE,Sheridan,10,NORTHWEST,2007,non_irrigated,19000.0,19000.0,1.0
31161,NE,Sheridan,10,NORTHWEST,2008,all,28000.0,68300.0,2.45
31161,NE,Sheridan,10,NORTHWEST,2008,irrigated,11000.0,46200.0,4.2
31161,NE,Sheridan,10,NORTHWEST,2008,non_irrigated,17000.0,22100.0,1.3
31161,NE,Sheridan,10,NORTHWEST,2009,all,27500.0,73150.0,2.65
31161,NE,Sheridan,10,NORTHWEST,2009,irrigated,11000.0,48400.0,4.4
31161,NE,Sheridan,10,NORTHWEST,2009,non_irrigated,16500.0,24750.0,1.5
31161,NE,Sheridan,10,NORTHWEST,2010,all,26000.0,81400.0,3.15
31161,NE,Sheridan,10,NORTHWEST,2011,all,23300.0,72000.0,3.1
31161,NE,Sheridan,10,NORTHWEST,2012,all,23000.0,50400.0,2.2
31161,NE,Sheridan,10,NORTHWEST,2013,all,24000.0,62700.0,2.6
31161,NE,Sheridan,10,NORTHWEST,2014,all,29200.0,99700.0,3.4
31161,NE,Sheridan,10,NORTHWEST,2015,all,32800.0,93600.0,2.85
31161,NE,Sheridan,10,NORTHWEST,2016,all,29900.0,89300.0,3.0
31161,NE,Sheridan,10,NORTHWEST,2017,all,35500.0,64900.0,1.85
31161,NE,Sheridan,10,NORTHWEST,2018,all,33100.0,84200.0,2.55
31163,NE,Sherman,50,CENTRAL,2000,all,28000.0,74460.0,2.66
31163,NE,Sherman,50,CENTRAL,2000,irrigated,7100.0,32660.0,4.6
31163,NE,Sherman,50,CENTRAL,2000,non_irrigated,20900.0,41800.0,2.0
31163,NE,Sherman,50,CENTRAL,2001,all,31000.0,88040.0,2.84
31163,NE,Sherman,50,CENTRAL,2001,irrigated,9300.0,44640.0,4.8
31163,NE,Sherman,50,CENTRAL,2001,non_irrigated,21700.0,43400.0,2.0
31163,NE,Sherman,50,CENTRAL,2002,all,29000.0,76050.0,2.62
31163,NE,Sherman,50,CENTRAL,2002,irrigated,10500.0,48300.0,4.6
31163,NE,Sherman,50,CENTRAL,2002,non_irrigated,18500.0,27750.0,1.5
31163,NE,Sherman,50,CENTRAL,2003,all,31000.0,110520.0,3.57
31163,NE,Sherman,50,CENTRAL,2003,irrigated,12900.0,67080.0,5.2
31163,NE,Sherman,50,CENTRAL,2003,non_irrigated,18100.0,43440.0,2.4
31163,NE,Sherman,50,CENTRAL,2004,all,24000.0,85400.0,3.56
31163,NE,Sherman,50,CENTRAL,2004,irrigated,10000.0,49000.0,4.9
31163,NE,Sherman,50,CENTRAL,2004,non_irrigated,14000.0,36400.0,2.6
31163,NE,Sherman,50,CENTRAL,2005,all,23000.0,80440.0,3.5
31163,NE,Sherman,50,CENTRAL,2005,irrigated,8600.0,43000.0,5.0
31163,NE,Sherman,50,CENTRAL,2005,non_irrigated,14400.0,37440.0,2.6
31163,NE,Sherman,50,CENTRAL,2006,all,22000.0,67950.0,3.09
31163,NE,Sherman,50,CENTRAL,2006,irrigated,8500.0,38250.0,4.5
31163,NE,Sherman,50,CENTRAL,2006,non_irrigated,13500.0,29700.0,2.2
31163,NE,Sherman,50,CENTRAL,2007,all,19100.0,72130.0,3.78
31163,NE,Sherman,50,CENTRAL,2007,irrigated,7600.0,36480.0,4.8
31163,NE,Sherman,50,CENTRAL,2007,non_irrigated,11500.0,35650.0,3.1
31163,NE,Sherman,50,CENTRAL,2008,all,16200.0,66620.0,4.1
31163,NE,Sherman,50,CENTRAL,2009,all,17000.0,66800.0,3.95
31163,NE,Sherman,50,CENTRAL,2009,irrigated,6000.0,29400.0,4.9
31163,NE,Sherman,50,CENTRAL,2009,non_irrigated,11000.0,37400.0,3.4
31163,NE,Sherman,50,CENTRAL,2010,all,16600.0,68000.0,4.1
31163,NE,Sherman,50,CENTRAL,2011,all,14100.0,55500.0,3.95
31163,NE,Sherman,50,CENTRAL,2012,all,14200.0,31200.0,2.2
31163,NE,Sherman,50,CENTRAL,2013,all,12700.0,34600.0,2.7
31163,NE,Sherman,50,CENTRAL,2014,all,14400.0,48700.0,3.4
31163,NE,Sherman,50,CENTRAL,2015,all,14200.0,40100.0,2.8
31163,NE,Sherman,50,CENTRAL,2018,all,14800.0,68500.0,4.65
31165,NE,Sioux,10,NORTHWEST,2000,all,26000.0,63100.0,2.43
31165,NE,Sioux,10,NORTHWEST,2000,irrigated,15000.0,51000.0,3.4
31165,NE,Sioux,10,NORTHWEST,2000,non_irrigated,11000.0,12100.0,1.1
31165,NE,Sioux,10,NORTHWEST,2001,all,25000.0,65020.0,2.6
31165,NE,Sioux,10,NORTHWEST,2001,irrigated,13800.0,53820.0,3.9
31165,NE,Sioux,10,NORTHWEST,2001,non_irrigated,11200.0,11200.0,1.0
31165,NE,Sioux,10,NORTHWEST,2002,all,23000.0,62700.0,2.73
31165,NE,Sioux,10,NORTHWEST,2002,irrigated,15000.0,55500.0,3.7
31165,NE,Sioux,10,NORTHWEST,2002,non_irrigated,8000.0,7200.0,0.9
31165,NE,Sioux,10,NORTHWEST,2003,all,23000.0,61700.0,2.68
31165,NE,Sioux,10,NORTHWEST,2003,irrigated,13000.0,50700.0,3.9
31165,NE,Sioux,10,NORTHWEST,2003,non_irrigated,10000.0,11000.0,1.1
31165,NE,Sioux,10,NORTHWEST,2004,all,17000.0,52030.0,3.06
31165,NE,Sioux,10,NORTHWEST,2004,irrigated,11300.0,46330.0,4.1
31165,NE,Sioux,10,NORTHWEST,2004,non_irrigated,5700.0,5700.0,1.0
31165,NE,Sioux,10,NORTHWEST,2005,all,22000.0,64900.0,2.95
31165,NE,Sioux,10,NORTHWEST,2005,irrigated,11000.0,50600.0,4.6
31165,NE,Sioux,10,NORTHWEST,2005,non_irrigated,11000.0,14300.0,1.3
31165,NE,Sioux,10,NORTHWEST,2006,all,22000.0,51600.0,2.35
31165,NE,Sioux,10,NORTHWEST,2006,irrigated,12000.0,45600.0,3.8
31165,NE,Sioux,10,NORTHWEST,2006,non_irrigated,10000.0,6000.0,0.6
31165,NE,Sioux,10,NORTHWEST,2007,all,20400.0,59640.0,2.92
31165,NE,Sioux,10,NORTHWEST,2007,irrigated,12000.0,50400.0,4.2
31165,NE,Sioux,10,NORTHWEST,2007,non_irrigated,8400.0,9240.0,1.1
31165,NE,Sioux,10,NORTHWEST,2008,all,19000.0,58050.0,3.05
31165,NE,Sioux,10,NORTHWEST,2008,irrigated,11500.0,48300.0,4.2
31165,NE,Sioux,10,NORTHWEST,2008,non_irrigated,7500.0,9750.0,1.3
31165,NE,Sioux,10,NORTHWEST,2009,all,19400.0,57060.0,2.95
31165,NE,Sioux,10,NORTHWEST,2009,irrigated,11500.0,46000.0,4.0
31165,NE,Sioux,10,NORTHWEST,2009,non_irrigated,7900.0,11060.0,1.4
31165,NE,Sioux,10,NORTHWEST,2010,all,18000.0,49500.0,2.75
31165,NE,Sioux,10,NORTHWEST,2011,all,14500.0,37700.0,2.6
31165,NE,Sioux,10,NORTHWEST,2012,all,14000.0,49100.0,3.5
31165,NE,Sioux,10,NORTHWEST,2013,all,17800.0,44100.0,2.5
31165,NE,Sioux,10,NORTHWEST,2014,all,21400.0,61700.0,2.9
31165,NE,Sioux,10,NORTHWEST,2015,all,25900.0,69300.0,2.7
31165,NE,Sioux,10,NORTHWEST,2016,all,22800.0,54300.0,2.4
31165,NE,Sioux,10,NORTHWEST,2017,all,22600.0,73300.0,3.25
31165,NE,Sioux,10,NORTHWEST,2018,all,23000.0,75200.0,3.25
31167,NE,Stanton,30,NORTHEAST,2000,all,19500.0,70900.0,3.64
31167,NE,Stanton,30,NORTHEAST,2000,irrigated,500.0,2500.0,5.0
31167,NE,Stanton,30,NORTHEAST,2000,non_irrigated,19000.0,68400.0,3.6
31167,NE,Stanton,30,NORTHEAST,2001,all,20000.0,78630.0,3.93
31167,NE,Stanton,30,NORTHEAST,2001,irrigated,900.0,4140.0,4.6
31167,NE,Stanton,30,NORTHEAST,2001,non_irrigated,19100.0,74490.0,3.9
31167,NE,Stanton,30,NORTHEAST,2002,all,18500.0,60520.0,3.27
31167,NE,Stanton,30,NORTHEAST,2002,irrigated,1100.0,4840.0,4.4
31167,NE,Stanton,30,NORTHEAST,2002,non_irrigated,17400.0,55680.0,3.2
31167,NE,Stanton,30,NORTHEAST,2003,all,20000.0,74880.0,3.74
31167,NE,Stanton,30,NORTHEAST,2003,irrigated,1600.0,8640.0,5.4
31167,NE,Stanton,30,NORTHEAST,2003,non_irrigated,18400.0,66240.0,3.6
31167,NE,Stanton,30,NORTHEAST,2004,all,17000.0,68680.0,4.04
31167,NE,Stanton,30,NORTHEAST,2004,irrigated,1400.0,7840.0,5.6
31167,NE,Stanton,30,NORTHEAST,2004,non_irrigated,15600.0,60840.0,3.9
31167,NE,Stanton,30,NORTHEAST,2005,all,17500.0,71920.0,4.11
31167,NE,Stanton,30,NORTHEAST,2005,irrigated,1600.0,8320.0,5.2
31167,NE,Stanton,30,NORTHEAST,2005,non_irrigated,15900.0,63600.0,4.0
31167,NE,Stanton,30,NORTHEAST,2006,all,16100.0,63740.0,3.96
31167,NE,Stanton,30,NORTHEAST,2006,irrigated,1600.0,8640.0,5.4
31167,NE,Stanton,30,NORTHEAST,2006,non_irrigated,14500.0,55100.0,3.8
31167,NE,Stanton,30,NORTHEAST,2007,all,14400.0,61320.0,4.26
31167,NE,Stanton,30,NORTHEAST,2007,irrigated,1400.0,6720.0,4.8
31167,NE,Stanton,30,NORTHEAST,2007,non_irrigated,13000.0,54600.0,4.2
31167,NE,Stanton,30,NORTHEAST,2008,all,12900.0,56250.0,4.35
31167,NE,Stanton,30,NORTHEAST,2009,all,12800.0,55680.0,4.35
31167,NE,Stanton,30,NORTHEAST,2009,irrigated,800.0,4080.0,5.1
31167,NE,Stanton,30,NORTHEAST,2009,non_irrigated,12000.0,51600.0,4.3
31167,NE,Stanton,30,NORTHEAST,2010,all,11600.0,55100.0,4.75
31167,NE,Stanton,30,NORTHEAST,2011,all,9600.0,49400.0,5.15
31167,NE,Stanton,30,NORTHEAST,2012,all,9300.0,32600.0,3.5
31167,NE,Stanton,30,NORTHEAST,2013,all,8500.0,38300.0,4.5
31167,NE,Stanton,30,NORTHEAST,2016,all,9170.0,46500.0,5.05
31167,NE,Stanton,30,NORTHEAST,2017,all,9760.0,46400.0,4.75
31167,NE,Stanton,30,NORTHEAST,2018,all,9660.0,54100.0,5.6
31169,NE,Thayer,90,SOUTHEAST,2000,all,7300.0,15190.0,2.08
31169,NE,Thayer,90,SOUTHEAST,2000,irrigated,700.0,3220.0,4.6
31169,NE,Thayer,90,SOUTHEAST,2000,non_irrigated,6600.0,11970.0,1.81
31169,NE,Thayer,90,SOUTHEAST,2001,all,7900.0,26910.0,3.41
31169,NE,Thayer,90,SOUTHEAST,2001,irrigated,1100.0,5830.0,5.3
31169,NE,Thayer,90,SOUTHEAST,2001,non_irrigated,6800.0,21080.0,3.1
31169,NE,Thayer,90,SOUTHEAST,2002,all,8400.0,25110.0,2.99
31169,NE,Thayer,90,SOUTHEAST,2002,irrigated,1500.0,8550.0,5.7
31169,NE,Thayer,90,SOUTHEAST,2002,non_irrigated,6900.0,16560.0,2.4
31169,NE,Thayer,90,SOUTHEAST,2003,all,8900.0,25860.0,2.91
31169,NE,Thayer,90,SOUTHEAST,2003,irrigated,1800.0,8820.0,4.9
31169,NE,Thayer,90,SOUTHEAST,2003,non_irrigated,7100.0,17040.0,2.4
31169,NE,Thayer,90,SOUTHEAST,2004,all,7900.0,29290.0,3.71
31169,NE,Thayer,90,SOUTHEAST,2004,irrigated,1600.0,9760.0,6.1
31169,NE,Thayer,90,SOUTHEAST,2004,non_irrigated,6300.0,19530.0,3.1
31169,NE,Thayer,90,SOUTHEAST,2005,all,7000.0,23280.0,3.33
31169,NE,Thayer,90,SOUTHEAST,2005,irrigated,1600.0,8160.0,5.1
31169,NE,Thayer,90,SOUTHEAST,2005,non_irrigated,5400.0,15120.0,2.8
31169,NE,Thayer,90,SOUTHEAST,2006,all,7400.0,20620.0,2.79
31169,NE,Thayer,90,SOUTHEAST,2006,irrigated,1400.0,7420.0,5.3
31169,NE,Thayer,90,SOUTHEAST,2006,non_irrigated,6000.0,13200.0,2.2
31169,NE,Thayer,90,SOUTHEAST,2007,all,6600.0,25140.0,3.81
31169,NE,Thayer,90,SOUTHEAST,2007,irrigated,1400.0,7980.0,5.7
31169,NE,Thayer,90,SOUTHEAST,2007,non_irrigated,5200.0,17160.0,3.3
31169,NE,Thayer,90,SOUTHEAST,2008,all,6100.0,27440.0,4.5
31169,NE,Thayer,90,SOUTHEAST,2009,all,5900.0,22580.0,3.85
31169,NE,Thayer,90,SOUTHEAST,2009,irrigated,1400.0,7280.0,5.2
31169,NE,Thayer,90,SOUTHEAST,2009,non_irrigated,4500.0,15300.0,3.4
31169,NE,Thayer,90,SOUTHEAST,2010,all,5300.0,21200.0,4.0
31169,NE,Thayer,90,SOUTHEAST,2013,all,4600.0,16900.0,3.65
31169,NE,Thayer,90,SOUTHEAST,2014,all,5410.0,24400.0,4.5
31169,NE,Thayer,90,SOUTHEAST,2018,all,4650.0,23700.0,5.1
31171,NE,Thomas,20,NORTH,2000,all,2300.0,8730.0,3.8
31171,NE,Thomas,20,NORTH,2000,irrigated,1500.0,7050.0,4.7
31171,NE,Thomas,20,NORTH,2000,non_irrigated,800.0,1680.0,2.1
31171,NE,Thomas,20,NORTH,2001,all,1800.0,6300.0,3.5
31171,NE,Thomas,20,NORTH,2001,irrigated,1200.0,5160.0,4.3
31171,NE,Thomas,20,NORTH,2001,non_irrigated,600.0,1140.0,1.9
31171,NE,Thomas,20,NORTH,2002,all,1500.0,5680.0,3.79
31171,NE,Thomas,20,NORTH,2002,irrigated,1300.0,5460.0,4.2
31171,NE,Thomas,20,NORTH,2003,all,1400.0,6290.0,4.49
31171,NE,Thomas,20,NORTH,2003,irrigated,1300.0,6110.0,4.7
31171,NE,Thomas,20,NORTH,2004,all,1400.0,4970.0,3.55
31171,NE,Thomas,20,NORTH,2004,irrigated,1300.0,4810.0,3.7
31171,NE,Thomas,20,NORTH,2005,all,1500.0,6240.0,4.16
31171,NE,Thomas,20,NORTH,2005,irrigated,1400.0,6020.0,4.3
31171,NE,Thomas,20,NORTH,2006,all,1400.0,6900.0,4.93
31171,NE,Thomas,20,NORTH,2006,irrigated,1300.0,6760.0,5.2
31171,NE,Thomas,20,NORTH,2007,all,1400.0,5990.0,4.28
31171,NE,Thomas,20,NORTH,2011,all,1100.0,5100.0,4.65
31171,NE,Thomas,20,NORTH,2012,all,1000.0,3900.0,3.9
31171,NE,Thomas,20,NORTH,2013,all,800.0,3700.0,4.65
31171,NE,Thomas,20,NORTH,2017,all,850.0,3650.0,4.3
31171,NE,Thomas,20,NORTH,2018,all,1130.0,4300.0,3.8
31173,NE,Thurston,30,NORTHEAST,2000,all,12000.0,45600.0,3.8
31173,NE,Thurston,30,NORTHEAST,2000,non_irrigated,12000.0,45600.0,3.8
31173,NE,Thurston,30,NORTHEAST,2001,all,14000.0,51930.0,3.71
31173,NE,Thurston,30,NORTHEAST,2001,non_irrigated,13900.0,51430.0,3.7
31173,NE,Thurston,30,NORTHEAST,2002,all,12500.0,38950.0,3.12
31173,NE,Thurston,30,NORTHEAST,2002,non_irrigated,12400.0,38440.0,3.1
31173,NE,Thurston,30,NORTHEAST,2003,all,14000.0,53350.0,3.81
31173,NE,Thurston,30,NORTHEAST,2003,non_irrigated,13900.0,52820.0,3.8
31173,NE,Thurston,30,NORTHEAST,2004,all,13500.0,48750.0,3.61
31173,NE,Thurston,30,NORTHEAST,2004,non_irrigated,13400.0,48240.0,3.6
31173,NE,Thurston,30,NORTHEAST,2005,all,11500.0,48410.0,4.21
31173,NE,Thurston,30,NORTHEAST,2005,non_irrigated,11400.0,47880.0,4.2
31173,NE,Thurston,30,NORTHEAST,2006,all,10100.0,40510.0,4.01
31173,NE,Thurston,30,NORTHEAST,2006,non_irrigated,10000.0,40000.0,4.0
31173,NE,Thurston,30,NORTHEAST,2007,all,9400.0,36650.0,3.9
31173,NE,Thurston,30,NORTHEAST,2008,all,9300.0,38200.0,4.1
31173,NE,Thurston,30,NORTHEAST,2009,all,9300.0,34590.0,3.7
31173,NE,Thurston,30,NORTHEAST,2010,all,9900.0,41700.0,4.2
31173,NE,Thurston,30,NORTHEAST,2011,all,8500.0,33800.0,4.0
31173,NE,Thurston,30,NORTHEAST,2012,all,9200.0,34800.0,3.8
31173,NE,Thurston,30,NORTHEAST,2013,all,9600.0,37300.0,3.9
31173,NE,Thurston,30,NORTHEAST,2016,all,11500.0,57800.0,5.05
31173,NE,Thurston,30,NORTHEAST,2018,all,11800.0,57900.0,4.9
31175,NE,Valley,50,CENTRAL,2000,all,28000.0,75580.0,2.7
31175,NE,Valley,50,CENTRAL,2000,irrigated,9400.0,42300.0,4.5
31175,NE,Valley,50,CENTRAL,2000,non_irrigated,18600.0,33280.0,1.79
31175,NE,Valley,50,CENTRAL,2001,all,29000.0,100280.0,3.46
31175,NE,Valley,50,CENTRAL,2001,irrigated,10600.0,48760.0,4.6
31175,NE,Valley,50,CENTRAL,2001,non_irrigated,18400.0,51520.0,2.8
31175,NE,Valley,50,CENTRAL,2002,all,27000.0,73600.0,2.73
31175,NE,Valley,50,CENTRAL,2002,irrigated,10000.0,43000.0,4.3
31175,NE,Valley,50,CENTRAL,2002,non_irrigated,17000.0,30600.0,1.8
31175,NE,Valley,50,CENTRAL,2003,all,31000.0,110400.0,3.56
31175,NE,Valley,50,CENTRAL,2003,irrigated,11800.0,56640.0,4.8
31175,NE,Valley,50,CENTRAL,2003,non_irrigated,19200.0,53760.0,2.8
31175,NE,Valley,50,CENTRAL,2004,all,26000.0,82600.0,3.18
31175,NE,Valley,50,CENTRAL,2004,irrigated,9500.0,44650.0,4.7
31175,NE,Valley,50,CENTRAL,2004,non_irrigated,16500.0,37950.0,2.3
31175,NE,Valley,50,CENTRAL,2005,all,25000.0,78500.0,3.14
31175,NE,Valley,50,CENTRAL,2005,irrigated,9000.0,36900.0,4.1
31175,NE,Valley,50,CENTRAL,2005,non_irrigated,16000.0,41600.0,2.6
31175,NE,Valley,50,CENTRAL,2006,all,24800.0,68080.0,2.75
31175,NE,Valley,50,CENTRAL,2006,irrigated,8800.0,36080.0,4.1
31175,NE,Valley,50,CENTRAL,2006,non_irrigated,16000.0,32000.0,2.0
31175,NE,Valley,50,CENTRAL,2007,all,22700.0,91630.0,4.04
31175,NE,Valley,50,CENTRAL,2007,irrigated,8700.0,42630.0,4.9
31175,NE,Valley,50,CENTRAL,2007,non_irrigated,14000.0,49000.0,3.5
31175,NE,Valley,50,CENTRAL,2008,all,17300.0,62920.0,3.65
31175,NE,Valley,50,CENTRAL,2008,irrigated,6300.0,27720.0,4.4
31175,NE,Valley,50,CENTRAL,2008,non_irrigated,11000.0,35200.0,3.2
31175,NE,Valley,50,CENTRAL,2009,all,18000.0,67200.0,3.75
31175,NE,Valley,50,CENTRAL,2009,irrigated,6000.0,27600.0,4.6
31175,NE,Valley,50,CENTRAL,2009,non_irrigated,12000.0,39600.0,3.3
31175,NE,Valley,50,CENTRAL,2010,all,17000.0,61500.0,3.6
31175,NE,Valley,50,CENTRAL,2011,all,16000.0,47300.0,2.95
31175,NE,Valley,50,CENTRAL,2012,all,16000.0,30600.0,1.9
31175,NE,Valley,50,CENTRAL,2013,all,13500.0,29600.0,2.2
31177,NE,Washington,60,EAST,2000,all,11500.0,38290.0,3.33
31177,NE,Washington,60,EAST,2000,non_irrigated,11300.0,37290.0,3.3
31177,NE,Washington,60,EAST,2001,all,12000.0,45810.0,3.82
31177,NE,Washington,60,EAST,2001,non_irrigated,11800.0,44810.0,3.8
31177,NE,Washington,60,EAST,2002,all,15000.0,52950.0,3.53
31177,NE,Washington,60,EAST,2002,non_irrigated,14700.0,51450.0,3.5
31177,NE,Washington,60,EAST,2003,all,14000.0,40820.0,2.92
31177,NE,Washington,60,EAST,2003,non_irrigated,13900.0,40310.0,2.9
31177,NE,Washington,60,EAST,2004,all,12500.0,43910.0,3.51
31177,NE,Washington,60,EAST,2004,non_irrigated,12400.0,43400.0,3.5
31177,NE,Washington,60,EAST,2005,all,12500.0,44340.0,3.55
31177,NE,Washington,60,EAST,2005,non_irrigated,12200.0,42690.0,3.5
31177,NE,Washington,60,EAST,2006,all,12400.0,41960.0,3.38
31177,NE,Washington,60,EAST,2006,non_irrigated,12000.0,39600.0,3.3
31177,NE,Washington,60,EAST,2007,all,12000.0,47300.0,3.94
31177,NE,Washington,60,EAST,2007,irrigated,500.0,2450.0,4.9
31177,NE,Washington,60,EAST,2007,non_irrigated,11500.0,44850.0,3.9
31177,NE,Washington,60,EAST,2008,all,11400.0,42260.0,3.7
31177,NE,Washington,60,EAST,2009,all,10900.0,41900.0,3.85
31177,NE,Washington,60,EAST,2010,all,9300.0,44100.0,4.75
31177,NE,Washington,60,EAST,2011,all,7500.0,35400.0,4.7
31177,NE,Washington,60,EAST,2012,all,7200.0,22600.0,3.15
31177,NE,Washington,60,EAST,2013,all,6300.0,27000.0,4.3
31177,NE,Washington,60,EAST,2014,all,8340.0,38200.0,4.6
31177,NE,Washington,60,EAST,2015,all,7920.0,33400.0,4.2
31177,NE,Washington,60,EAST,2016,all,6610.0,28400.0,4.3
31177,NE,Washington,60,EAST,2017,all,7430.0,36300.0,4.9
31179,NE,Wayne,30,NORTHEAST,2000,all,23000.0,76880.0,3.34
31179,NE,Wayne,30,NORTHEAST,2000,irrigated,700.0,3290.0,4.7
31179,NE,Wayne,30,NORTHEAST,2000,non_irrigated,22300.0,73590.0,3.3
31179,NE,Wayne,30,NORTHEAST,2001,all,23000.0,90340.0,3.93
31179,NE,Wayne,30,NORTHEAST,2001,irrigated,800.0,3760.0,4.7
31179,NE,Wayne,30,NORTHEAST,2001,non_irrigated,22200.0,86580.0,3.9
31179,NE,Wayne,30,NORTHEAST,2002,all,19000.0,71500.0,3.76
31179,NE,Wayne,30,NORTHEAST,2002,irrigated,800.0,4160.0,5.2
31179,NE,Wayne,30,NORTHEAST,2002,non_irrigated,18200.0,67340.0,3.7
31179,NE,Wayne,30,NORTHEAST,2003,all,21000.0,91260.0,4.35
31179,NE,Wayne,30,NORTHEAST,2003,irrigated,800.0,4400.0,5.5
31179,NE,Wayne,30,NORTHEAST,2003,non_irrigated,20200.0,86860.0,4.3
31179,NE,Wayne,30,NORTHEAST,2004,all,18000.0,81520.0,4.53
31179,NE,Wayne,30,NORTHEAST,2004,irrigated,1300.0,6370.0,4.9
31179,NE,Wayne,30,NORTHEAST,2004,non_irrigated,16700.0,75150.0,4.5
31179,NE,Wayne,30,NORTHEAST,2005,all,17500.0,78320.0,4.48
31179,NE,Wayne,30,NORTHEAST,2005,irrigated,1100.0,6160.0,5.6
31179,NE,Wayne,30,NORTHEAST,2005,non_irrigated,16400.0,72160.0,4.4
31179,NE,Wayne,30,NORTHEAST,2006,all,16500.0,64400.0,3.9
31179,NE,Wayne,30,NORTHEAST,2006,irrigated,1000.0,5500.0,5.5
31179,NE,Wayne,30,NORTHEAST,2006,non_irrigated,15500.0,58900.0,3.8
31179,NE,Wayne,30,NORTHEAST,2007,all,15100.0,62800.0,4.16
31179,NE,Wayne,30,NORTHEAST,2007,irrigated,1600.0,8800.0,5.5
31179,NE,Wayne,30,NORTHEAST,2007,non_irrigated,13500.0,54000.0,4.0
31179,NE,Wayne,30,NORTHEAST,2008,all,13900.0,64790.0,4.65
31179,NE,Wayne,30,NORTHEAST,2009,all,13700.0,59220.0,4.3
31179,NE,Wayne,30,NORTHEAST,2010,all,13300.0,62500.0,4.7
31179,NE,Wayne,30,NORTHEAST,2011,all,11300.0,58000.0,5.15
31179,NE,Wayne,30,NORTHEAST,2012,all,11500.0,40100.0,3.5
31179,NE,Wayne,30,NORTHEAST,2013,all,10700.0,40700.0,3.8
31179,NE,Wayne,30,NORTHEAST,2017,all,10100.0,52600.0,5.2
31181,NE,Webster,80,SOUTH,2000,all,12000.0,36200.0,3.02
31181,NE,Webster,80,SOUTH,2000,irrigated,1900.0,8930.0,4.7
31181,NE,Webster,80,SOUTH,2000,non_irrigated,10100.0,27270.0,2.7
31181,NE,Webster,80,SOUTH,2001,all,14000.0,52000.0,3.71
31181,NE,Webster,80,SOUTH,2001,irrigated,2000.0,10000.0,5.0
31181,NE,Webster,80,SOUTH,2001,non_irrigated,12000.0,42000.0,3.5
31181,NE,Webster,80,SOUTH,2002,all,15000.0,39500.0,2.63
31181,NE,Webster,80,SOUTH,2002,irrigated,2500.0,13250.0,5.3
31181,NE,Webster,80,SOUTH,2002,non_irrigated,12500.0,26250.0,2.1
31181,NE,Webster,80,SOUTH,2003,all,15000.0,54000.0,3.6
31181,NE,Webster,80,SOUTH,2003,irrigated,3000.0,18000.0,6.0
31181,NE,Webster,80,SOUTH,2003,non_irrigated,12000.0,36000.0,3.0
31181,NE,Webster,80,SOUTH,2004,all,13000.0,48200.0,3.71
31181,NE,Webster,80,SOUTH,2004,irrigated,3000.0,16200.0,5.4
31181,NE,Webster,80,SOUTH,2004,non_irrigated,10000.0,32000.0,3.2
31181,NE,Webster,80,SOUTH,2005,all,11000.0,40000.0,3.64
31181,NE,Webster,80,SOUTH,2005,irrigated,2500.0,14500.0,5.8
31181,NE,Webster,80,SOUTH,2005,non_irrigated,8500.0,25500.0,3.0
31181,NE,Webster,80,SOUTH,2006,all,11000.0,36310.0,3.3
31181,NE,Webster,80,SOUTH,2006,irrigated,2300.0,11950.0,5.2
31181,NE,Webster,80,SOUTH,2006,non_irrigated,8700.0,24360.0,2.8
31181,NE,Webster,80,SOUTH,2007,all,9500.0,35460.0,3.73
31181,NE,Webster,80,SOUTH,2007,irrigated,1700.0,8160.0,4.8
31181,NE,Webster,80,SOUTH,2007,non_irrigated,7800.0,27300.0,3.5
31181,NE,Webster,80,SOUTH,2008,all,8600.0,37210.0,4.35
31181,NE,Webster,80,SOUTH,2009,all,8500.0,32430.0,3.8
31181,NE,Webster,80,SOUTH,2009,irrigated,1300.0,6500.0,5.0
31181,NE,Webster,80,SOUTH,2009,non_irrigated,7200.0,25930.0,3.6
31181,NE,Webster,80,SOUTH,2010,all,8200.0,36500.0,4.45
31181,NE,Webster,80,SOUTH,2011,all,7300.0,30100.0,4.1
31181,NE,Webster,80,SOUTH,2012,all,7500.0,28600.0,3.8
31181,NE,Webster,80,SOUTH,2013,all,7300.0,29800.0,4.1
31181,NE,Webster,80,SOUTH,2014,all,8080.0,25200.0,3.1
31181,NE,Webster,80,SOUTH,2015,all,7550.0,29800.0,3.95
31183,NE,Wheeler,20,NORTH,2000,all,5500.0,12240.0,2.23
31183,NE,Wheeler,20,NORTH,2000,irrigated,2100.0,7140.0,3.4
31183,NE,Wheeler,20,NORTH,2000,non_irrigated,3400.0,5100.0,1.5
31183,NE,Wheeler,20,NORTH,2001,all,5600.0,14940.0,2.67
31183,NE,Wheeler,20,NORTH,2001,irrigated,2700.0,9720.0,3.6
31183,NE,Wheeler,20,NORTH,2001,non_irrigated,2900.0,5220.0,1.8
31183,NE,Wheeler,20,NORTH,2002,all,3900.0,12750.0,3.27
31183,NE,Wheeler,20,NORTH,2002,irrigated,2700.0,11070.0,4.1
31183,NE,Wheeler,20,NORTH,2002,non_irrigated,1200.0,1680.0,1.4
31183,NE,Wheeler,20,NORTH,2003,all,5200.0,17020.0,3.27
31183,NE,Wheeler,20,NORTH,2003,irrigated,2900.0,13340.0,4.6
31183,NE,Wheeler,20,NORTH,2003,non_irrigated,2300.0,3680.0,1.6
31183,NE,Wheeler,20,NORTH,2004,all,4600.0,15870.0,3.45
31183,NE,Wheeler,20,NORTH,2004,irrigated,2500.0,11250.0,4.5
31183,NE,Wheeler,20,NORTH,2004,non_irrigated,2100.0,4620.0,2.2
31183,NE,Wheeler,20,NORTH,2005,all,3700.0,13940.0,3.77
31183,NE,Wheeler,20,NORTH,2005,irrigated,2300.0,10580.0,4.6
31183,NE,Wheeler,20,NORTH,2005,non_irrigated,1400.0,3360.0,2.4
31183,NE,Wheeler,20,NORTH,2006,all,3900.0,13830.0,3.55
31183,NE,Wheeler,20,NORTH,2006,irrigated,2500.0,10750.0,4.3
31183,NE,Wheeler,20,NORTH,2006,non_irrigated,1400.0,3080.0,2.2
31183,NE,Wheeler,20,NORTH,2007,all,4200.0,15260.0,3.63
31183,NE,Wheeler,20,NORTH,2007,irrigated,2800.0,11480.0,4.1
31183,NE,Wheeler,20,NORTH,2007,non_irrigated,1400.0,3780.0,2.7
31183,NE,Wheeler,20,NORTH,2009,all,4000.0,14750.0,3.7
31183,NE,Wheeler,20,NORTH,2010,all,3600.0,14000.0,3.9
31183,NE,Wheeler,20,NORTH,2011,all,2900.0,8900.0,3.05
31183,NE,Wheeler,20,NORTH,2013,all,3000.0,7400.0,2.45
31183,NE,Wheeler,20,NORTH,2014,all,2980.0,9500.0,3.2
31183,NE,Wheeler,20,NORTH,2015,all,2990.0,9500.0,3.2
31183,NE,Wheeler,20,NORTH,2016,all,3020.0,10500.0,3.5
31183,NE,Wheeler,20,NORTH,2017,all,3000.0,9800.0,3.25
31183,NE,Wheeler,20,NORTH,2018,all,3180.0,12100.0,3.8
31185,NE,York,60,EAST,2000,all,4100.0,15140.0,3.69
31185,NE,York,60,EAST,2000,irrigated,1000.0,4600.0,4.6
31185,NE,York,60,EAST,2000,non_irrigated,3100.0,10540.0,3.4
31185,NE,York,60,EAST,2001,all,4500.0,17280.0,3.84
31185,NE,York,60,EAST,2001,irrigated,1200.0,5400.0,4.5
31185,NE,York,60,EAST,2001,non_irrigated,3300.0,11880.0,3.6
31185,NE,York,60,EAST,2002,all,4400.0,15940.0,3.62
31185,NE,York,60,EAST,2002,irrigated,1800.0,9180.0,5.1
31185,NE,York,60,EAST,2002,non_irrigated,2600.0,6760.0,2.6
31185,NE,York,60,EAST,2003,all,4900.0,20300.0,4.14
31185,NE,York,60,EAST,2003,irrigated,2100.0,10500.0,5.0
31185,NE,York,60,EAST,2003,non_irrigated,2800.0,9800.0,3.5
31185,NE,York,60,EAST,2004,all,4500.0,19110.0,4.25
31185,NE,York,60,EAST,2004,irrigated,2100.0,12390.0,5.9
31185,NE,York,60,EAST,2004,non_irrigated,2400.0,6720.0,2.8
31185,NE,York,60,EAST,2005,all,4400.0,19470.0,4.43
31185,NE,York,60,EAST,2005,irrigated,2300.0,13800.0,6.0
31185,NE,York,60,EAST,2005,non_irrigated,2100.0,5670.0,2.7
31185,NE,York,60,EAST,2006,all,4600.0,18100.0,3.93
31185,NE,York,60,EAST,2006,irrigated,2200.0,12100.0,5.5
31185,NE,York,60,EAST,2006,non_irrigated,2400.0,6000.0,2.5
31185,NE,York,60,EAST,2007,all,3900.0,17460.0,4.48
31185,NE,York,60,EAST,2007,irrigated,1800.0,9900.0,5.5
31185,NE,York,60,EAST,2007,non_irrigated,2100.0,7560.0,3.6
31185,NE,York,60,EAST,2008,all,2900.0,11750.0,4.05
31185,NE,York,60,EAST,2008,irrigated,900.0,4950.0,5.5
31185,NE,York,60,EAST,2008,non_irrigated,2000.0,6800.0,3.4
31185,NE,York,60,EAST,2009,all,2600.0,10240.0,3.95
31185,NE,York,60,EAST,2009,irrigated,800.0,3760.0,4.7
31185,NE,York,60,EAST,2009,non_irrigated,1800.0,6480.0,3.6
31185,NE,York,60,EAST,2010,all,2600.0,12100.0,4.65
31185,NE,York,60,EAST,2011,all,2200.0,10200.0,4.65
31185,NE,York,60,EAST,2012,all,1900.0,9200.0,4.85
31185,NE,York,60,EAST,2013,all,1700.0,7700.0,4.55
31185,NE,York,60,EAST,2014,all,1980.0,10200.0,5.15
31185,NE,York,60,EAST,2015,all,1830.0,7600.0,4.15
31185,NE,York,60,EAST,2016,all,1570.0,7500.0,4.8
31185,NE,York,60,EAST,2017,all,1670.0,8500.0,5.1
31185,NE,York,60,EAST,2018,all,1740.0,7100.0,4.1
