fips,state_alpha,county_name,asd_code,asd_desc,year,practice,yield_bu_acre
31001,NE,Adams,80,SOUTH,2000,all,146.5
31001,NE,Adams,80,SOUTH,2000,irrigated,161.0
31001,NE,Adams,80,SOUTH,2000,non_irrigated,73.0
31001,NE,Adams,80,SOUTH,2001,all,170.2
31001,NE,Adams,80,SOUTH,2001,irrigated,185.0
31001,NE,Adams,80,SOUTH,2001,non_irrigated,94.0
31001,NE,Adams,80,SOUTH,2002,all,159.5
31001,NE,Adams,80,SOUTH,2002,irrigated,175.0
31001,NE,Adams,80,SOUTH,2002,non_irrigated,27.0
31001,NE,Adams,80,SOUTH,2003,all,171.6
31001,NE,Adams,80,SOUTH,2003,irrigated,191.0
31001,NE,Adams,80,SOUTH,2003,non_irrigated,40.0
31001,NE,Adams,80,SOUTH,2004,all,180.3
31001,NE,Adams,80,SOUTH,2004,irrigated,194.0
31001,NE,Adams,80,SOUTH,2004,non_irrigated,86.0
31001,NE,Adams,80,SOUTH,2005,all,174.5
31001,NE,Adams,80,SOUTH,2005,irrigated,189.0
31001,NE,Adams,80,SOUTH,2005,non_irrigated,99.0
31001,NE,Adams,80,SOUTH,2006,all,169.9
31001,NE,Adams,80,SOUTH,2006,irrigated,182.0
31001,NE,Adams,80,SOUTH,2006,non_irrigated,96.0
31001,NE,Adams,80,SOUTH,2007,all,177.7
31001,NE,Adams,80,SOUTH,2007,irrigated,186.0
31001,NE,Adams,80,SOUTH,2007,non_irrigated,120.0
31001,NE,Adams,80,SOUTH,2008,all,181.0
31001,NE,Adams,80,SOUTH,2008,irrigated,190.0
31001,NE,Adams,80,SOUTH,2008,non_irrigated,125.0
31001,NE,Adams,80,SOUTH,2009,all,190.3
31001,NE,Adams,80,SOUTH,2009,irrigated,204.1
31001,NE,Adams,80,SOUTH,2009,non_irrigated,112.6
31001,NE,Adams,80,SOUTH,2010,all,186.0
31001,NE,Adams,80,SOUTH,2010,irrigated,194.4
31001,NE,Adams,80,SOUTH,2010,non_irrigated,133.6
31001,NE,Adams,80,SOUTH,2011,all,195.1
31001,NE,Adams,80,SOUTH,2011,irrigated,205.0
31001,NE,Adams,80,SOUTH,2011,non_irrigated,140.7
31001,NE,Adams,80,SOUTH,2012,all,185.8
31001,NE,Adams,80,SOUTH,2012,irrigated,206.5
31001,NE,Adams,80,SOUTH,2012,non_irrigated,51.2
31001,NE,Adams,80,SOUTH,2013,all,184.5
31001,NE,Adams,80,SOUTH,2013,irrigated,197.8
31001,NE,Adams,80,SOUTH,2013,non_irrigated,97.7
31001,NE,Adams,80,SOUTH,2014,all,183.3
31001,NE,Adams,80,SOUTH,2014,irrigated,192.9
31001,NE,Adams,80,SOUTH,2014,non_irrigated,111.4
31001,NE,Adams,80,SOUTH,2015,all,208.8
31001,NE,Adams,80,SOUTH,2015,irrigated,220.5
31001,NE,Adams,80,SOUTH,2015,non_irrigated,128.7
31001,NE,Adams,80,SOUTH,2016,all,186.6
31001,NE,Adams,80,SOUTH,2016,irrigated,195.3
31001,NE,Adams,80,SOUTH,2016,non_irrigated,121.7
31001,NE,Adams,80,SOUTH,2017,all,199.7
31001,NE,Adams,80,SOUTH,2017,irrigated,207.2
31001,NE,Adams,80,SOUTH,2017,non_irrigated,147.5
31001,NE,Adams,80,SOUTH,2018,all,215.4
31001,NE,Adams,80,SOUTH,2018,irrigated,224.7
31001,NE,Adams,80,SOUTH,2018,non_irrigated,159.2
31001,NE,Adams,80,SOUTH,2019,all,195.9
31001,NE,Adams,80,SOUTH,2020,all,199.6
31001,NE,Adams,80,SOUTH,2021,all,228.7
31001,NE,Adams,80,SOUTH,2022,all,199.7
31001,NE,Adams,80,SOUTH,2023,all,204.5
31001,NE,Adams,80,SOUTH,2024,all,219.4
31003,NE,Antelope,30,NORTHEAST,2000,all,127.5
31003,NE,Antelope,30,NORTHEAST,2000,irrigated,159.0
31003,NE,Antelope,30,NORTHEAST,2000,non_irrigated,54.0
31003,NE,Antelope,30,NORTHEAST,2001,all,145.4
31003,NE,Antelope,30,NORTHEAST,2001,irrigated,165.0
31003,NE,Antelope,30,NORTHEAST,2001,non_irrigated,102.0
31003,NE,Antelope,30,NORTHEAST,2002,all,140.0
31003,NE,Antelope,30,NORTHEAST,2002,irrigated,175.0
31003,NE,Antelope,30,NORTHEAST,2002,non_irrigated,49.0
31003,NE,Antelope,30,NORTHEAST,2003,all,163.7
31003,NE,Antelope,30,NORTHEAST,2003,irrigated,196.0
31003,NE,Antelope,30,NORTHEAST,2003,non_irrigated,78.0
31003,NE,Antelope,30,NORTHEAST,2004,all,169.1
31003,NE,Antelope,30,NORTHEAST,2004,irrigated,195.0
31003,NE,Antelope,30,NORTHEAST,2004,non_irrigated,98.0
31003,NE,Antelope,30,NORTHEAST,2005,all,164.1
31003,NE,Antelope,30,NORTHEAST,2005,irrigated,191.0
31003,NE,Antelope,30,NORTHEAST,2005,non_irrigated,83.0
31003,NE,Antelope,30,NORTHEAST,2006,all,174.7
31003,NE,Antelope,30,NORTHEAST,2006,irrigated,200.0
31003,NE,Antelope,30,NORTHEAST,2006,non_irrigated,73.0
31003,NE,Antelope,30,NORTHEAST,2007,all,169.7
31003,NE,Antelope,30,NORTHEAST,2007,irrigated,187.0
31003,NE,Antelope,30,NORTHEAST,2007,non_irrigated,98.0
31003,NE,Antelope,30,NORTHEAST,2008,all,176.0
31003,NE,Antelope,30,NORTHEAST,2008,irrigated,193.0
31003,NE,Antelope,30,NORTHEAST,2008,non_irrigated,101.0
31003,NE,Antelope,30,NORTHEAST,2009,all,194.9
31003,NE,Antelope,30,NORTHEAST,2009,irrigated,210.4
31003,NE,Antelope,30,NORTHEAST,2009,non_irrigated,127.7
31003,NE,Antelope,30,NORTHEAST,2010,all,180.5
31003,NE,Antelope,30,NORTHEAST,2010,irrigated,194.0
31003,NE,Antelope,30,NORTHEAST,2010,non_irrigated,123.0
31003,NE,Antelope,30,NORTHEAST,2011,all,174.6
31003,NE,Antelope,30,NORTHEAST,2011,irrigated,190.3
31003,NE,Antelope,30,NORTHEAST,2011,non_irrigated,104.1
31003,NE,Antelope,30,NORTHEAST,2012,all,174.9
31003,NE,Antelope,30,NORTHEAST,2012,irrigated,196.4
31003,NE,Antelope,30,NORTHEAST,2012,non_irrigated,38.3
31003,NE,Antelope,30,NORTHEAST,2013,all,186.1
31003,NE,Antelope,30,NORTHEAST,2013,irrigated,202.9
31003,NE,Antelope,30,NORTHEAST,2013,non_irrigated,100.5
31003,NE,Antelope,30,NORTHEAST,2014,all,185.9
31003,NE,Antelope,30,NORTHEAST,2014,irrigated,197.1
31003,NE,Antelope,30,NORTHEAST,2014,non_irrigated,132.1
31003,NE,Antelope,30,NORTHEAST,2015,all,198.6
31003,NE,Antelope,30,NORTHEAST,2015,irrigated,207.7
31003,NE,Antelope,30,NORTHEAST,2015,non_irrigated,153.1
31003,NE,Antelope,30,NORTHEAST,2016,all,203.0
31003,NE,Antelope,30,NORTHEAST,2016,irrigated,214.4
31003,NE,Antelope,30,NORTHEAST,2016,non_irrigated,144.1
31003,NE,Antelope,30,NORTHEAST,2017,all,208.7
31003,NE,Antelope,30,NORTHEAST,2017,irrigated,223.5
31003,NE,Antelope,30,NORTHEAST,2017,non_irrigated,133.9
31003,NE,Antelope,30,NORTHEAST,2018,all,205.7
31003,NE,Antelope,30,NORTHEAST,2018,irrigated,214.6
31003,NE,Antelope,30,NORTHEAST,2018,non_irrigated,158.4
31003,NE,Antelope,30,NORTHEAST,2019,all,210.1
31005,NE,Arthur,20,NORTH,2000,all,123.3
31005,NE,Arthur,20,NORTH,2000,irrigated,130.0
31005,NE,Arthur,20,NORTH,2001,all,124.4
31005,NE,Arthur,20,NORTH,2001,irrigated,135.0
31005,NE,Arthur,20,NORTH,2002,all,132.0
31005,NE,Arthur,20,NORTH,2002,irrigated,132.0
31005,NE,Arthur,20,NORTH,2003,all,150.0
31005,NE,Arthur,20,NORTH,2003,irrigated,150.0
31005,NE,Arthur,20,NORTH,2004,all,130.0
31005,NE,Arthur,20,NORTH,2004,irrigated,130.0
31005,NE,Arthur,20,NORTH,2005,all,160.0
31005,NE,Arthur,20,NORTH,2005,irrigated,160.0
31005,NE,Arthur,20,NORTH,2006,all,174.0
31005,NE,Arthur,20,NORTH,2006,irrigated,174.0
31005,NE,Arthur,20,NORTH,2007,all,165.0
31005,NE,Arthur,20,NORTH,2007,irrigated,165.0
31007,NE,Banner,10,NORTHWEST,2000,all,69.0
31007,NE,Banner,10,NORTHWEST,2000,irrigated,125.0
31007,NE,Banner,10,NORTHWEST,2000,non_irrigated,28.0
31007,NE,Banner,10,NORTHWEST,2001,all,94.9
31007,NE,Banner,10,NORTHWEST,2001,irrigated,143.0
31007,NE,Banner,10,NORTHWEST,2001,non_irrigated,43.0
31007,NE,Banner,10,NORTHWEST,2002,all,82.1
31007,NE,Banner,10,NORTHWEST,2002,irrigated,127.0
31007,NE,Banner,10,NORTHWEST,2002,non_irrigated,13.0
31007,NE,Banner,10,NORTHWEST,2003,all,86.4
31007,NE,Banner,10,NORTHWEST,2003,irrigated,142.0
31007,NE,Banner,10,NORTHWEST,2003,non_irrigated,42.0
31007,NE,Banner,10,NORTHWEST,2004,all,115.3
31007,NE,Banner,10,NORTHWEST,2004,irrigated,160.0
31007,NE,Banner,10,NORTHWEST,2004,non_irrigated,50.0
31007,NE,Banner,10,NORTHWEST,2005,all,125.0
31007,NE,Banner,10,NORTHWEST,2005,irrigated,165.0
31007,NE,Banner,10,NORTHWEST,2005,non_irrigated,80.0
31007,NE,Banner,10,NORTHWEST,2006,all,97.5
31007,NE,Banner,10,NORTHWEST,2006,irrigated,140.0
31007,NE,Banner,10,NORTHWEST,2006,non_irrigated,37.0
31007,NE,Banner,10,NORTHWEST,2007,all,126.7
31007,NE,Banner,10,NORTHWEST,2007,irrigated,161.0
31007,NE,Banner,10,NORTHWEST,2007,non_irrigated,55.0
31007,NE,Banner,10,NORTHWEST,2008,all,104.0
31007,NE,Banner,10,NORTHWEST,2008,irrigated,136.0
31007,NE,Banner,10,NORTHWEST,2008,non_irrigated,55.0
31007,NE,Banner,10,NORTHWEST,2010,all,100.0
31007,NE,Banner,10,NORTHWEST,2010,irrigated,143.1
31007,NE,Banner,10,NORTHWEST,2010,non_irrigated,59.3
31007,NE,Banner,10,NORTHWEST,2011,all,88.4
31007,NE,Banner,10,NORTHWEST,2012,all,75.1
31007,NE,Banner,10,NORTHWEST,2012,irrigated,143.0
31007,NE,Banner,10,NORTHWEST,2012,non_irrigated,14.1
31007,NE,Banner,10,NORTHWEST,2014,all,90.3
31007,NE,Banner,10,NORTHWEST,2014,irrigated,144.7
31007,NE,Banner,10,NORTHWEST,2014,non_irrigated,60.9
31007,NE,Banner,10,NORTHWEST,2016,all,81.9
31009,NE,Blaine,20,NORTH,2000,all,129.2
31009,NE,Blaine,20,NORTH,2000,irrigated,140.0
31009,NE,Blaine,20,NORTH,2000,non_irrigated,32.0
31009,NE,Blaine,20,NORTH,2001,all,148.6
31009,NE,Blaine,20,NORTH,2001,irrigated,152.0
31009,NE,Blaine,20,NORTH,2002,all,120.0
31009,NE,Blaine,20,NORTH,2002,irrigated,120.0
31009,NE,Blaine,20,NORTH,2003,all,132.7
31009,NE,Blaine,20,NORTH,2003,irrigated,143.0
31009,NE,Blaine,20,NORTH,2004,all,173.0
31009,NE,Blaine,20,NORTH,2004,irrigated,173.0
31009,NE,Blaine,20,NORTH,2005,all,145.0
31009,NE,Blaine,20,NORTH,2005,irrigated,145.0
31009,NE,Blaine,20,NORTH,2006,all,145.0
31009,NE,Blaine,20,NORTH,2006,irrigated,145.0
31009,NE,Blaine,20,NORTH,2007,all,143.0
31009,NE,Blaine,20,NORTH,2007,irrigated,143.0
31009,NE,Blaine,20,NORTH,2007,non_irrigated,0.0
31009,NE,Blaine,20,NORTH,2014,all,154.3
31009,NE,Blaine,20,NORTH,2015,all,167.2
31009,NE,Blaine,20,NORTH,2016,all,153.8
31011,NE,Boone,30,NORTHEAST,2000,all,119.3
31011,NE,Boone,30,NORTHEAST,2000,irrigated,148.0
31011,NE,Boone,30,NORTHEAST,2000,non_irrigated,60.0
31011,NE,Boone,30,NORTHEAST,2001,all,152.2
31011,NE,Boone,30,NORTHEAST,2001,irrigated,175.0
31011,NE,Boone,30,NORTHEAST,2001,non_irrigated,109.0
31011,NE,Boone,30,NORTHEAST,2002,all,136.9
31011,NE,Boone,30,NORTHEAST,2002,irrigated,173.0
31011,NE,Boone,30,NORTHEAST,2002,non_irrigated,62.0
31011,NE,Boone,30,NORTHEAST,2003,all,150.7
31011,NE,Boone,30,NORTHEAST,2003,irrigated,182.0
31011,NE,Boone,30,NORTHEAST,2003,non_irrigated,82.0
31011,NE,Boone,30,NORTHEAST,2004,all,159.2
31011,NE,Boone,30,NORTHEAST,2004,irrigated,179.0
31011,NE,Boone,30,NORTHEAST,2004,non_irrigated,115.0
31011,NE,Boone,30,NORTHEAST,2005,all,162.5
31011,NE,Boone,30,NORTHEAST,2005,irrigated,186.0
31011,NE,Boone,30,NORTHEAST,2005,non_irrigated,110.0
31011,NE,Boone,30,NORTHEAST,2006,all,155.0
31011,NE,Boone,30,NORTHEAST,2006,irrigated,181.0
31011,NE,Boone,30,NORTHEAST,2006,non_irrigated,93.0
31011,NE,Boone,30,NORTHEAST,2007,all,159.7
31011,NE,Boone,30,NORTHEAST,2007,irrigated,172.0
31011,NE,Boone,30,NORTHEAST,2007,non_irrigated,129.0
31011,NE,Boone,30,NORTHEAST,2008,all,170.0
31011,NE,Boone,30,NORTHEAST,2008,irrigated,185.0
31011,NE,Boone,30,NORTHEAST,2008,non_irrigated,137.0
31011,NE,Boone,30,NORTHEAST,2009,all,186.5
31011,NE,Boone,30,NORTHEAST,2009,irrigated,202.1
31011,NE,Boone,30,NORTHEAST,2009,non_irrigated,150.8
31011,NE,Boone,30,NORTHEAST,2010,all,170.9
31011,NE,Boone,30,NORTHEAST,2010,irrigated,185.1
31011,NE,Boone,30,NORTHEAST,2010,non_irrigated,140.0
31011,NE,Boone,30,NORTHEAST,2011,all,157.4
31011,NE,Boone,30,NORTHEAST,2011,irrigated,167.8
31011,NE,Boone,30,NORTHEAST,2011,non_irrigated,133.6
31011,NE,Boone,30,NORTHEAST,2012,all,141.8
31011,NE,Boone,30,NORTHEAST,2012,irrigated,173.8
31011,NE,Boone,30,NORTHEAST,2012,non_irrigated,32.4
31011,NE,Boone,30,NORTHEAST,2013,all,181.5
31011,NE,Boone,30,NORTHEAST,2013,irrigated,200.0
31011,NE,Boone,30,NORTHEAST,2013,non_irrigated,138.3
31011,NE,Boone,30,NORTHEAST,2014,all,193.6
31011,NE,Boone,30,NORTHEAST,2014,irrigated,204.0
31011,NE,Boone,30,NORTHEAST,2014,non_irrigated,170.0
31011,NE,Boone,30,NORTHEAST,2015,all,190.6
31011,NE,Boone,30,NORTHEAST,2015,irrigated,204.7
31011,NE,Boone,30,NORTHEAST,2015,non_irrigated,158.2
31011,NE,Boone,30,NORTHEAST,2016,all,199.6
31011,NE,Boone,30,NORTHEAST,2016,irrigated,212.1
31011,NE,Boone,30,NORTHEAST,2016,non_irrigated,171.7
31011,NE,Boone,30,NORTHEAST,2017,all,189.3
31011,NE,Boone,30,NORTHEAST,2017,irrigated,202.9
31011,NE,Boone,30,NORTHEAST,2017,non_irrigated,156.8
31011,NE,Boone,30,NORTHEAST,2018,all,196.0
31011,NE,Boone,30,NORTHEAST,2018,irrigated,204.8
31011,NE,Boone,30,NORTHEAST,2018,non_irrigated,175.1
31011,NE,Boone,30,NORTHEAST,2019,all,205.8
31011,NE,Boone,30,NORTHEAST,2020,all,203.2
31011,NE,Boone,30,NORTHEAST,2022,all,182.8
31013,NE,Box Butte,10,NORTHWEST,2000,all,135.9
31013,NE,Box Butte,10,NORTHWEST,2000,irrigated,154.0
31013,NE,Box Butte,10,NORTHWEST,2000,non_irrigated,41.0
31013,NE,Box Butte,10,NORTHWEST,2001,all,136.4
31013,NE,Box Butte,10,NORTHWEST,2001,irrigated,152.0
31013,NE,Box Butte,10,NORTHWEST,2001,non_irrigated,48.0
31013,NE,Box Butte,10,NORTHWEST,2002,all,145.5
31013,NE,Box Butte,10,NORTHWEST,2002,irrigated,147.0
31013,NE,Box Butte,10,NORTHWEST,2002,non_irrigated,17.0
31013,NE,Box Butte,10,NORTHWEST,2003,all,156.8
31013,NE,Box Butte,10,NORTHWEST,2003,irrigated,168.0
31013,NE,Box Butte,10,NORTHWEST,2003,non_irrigated,38.0
31013,NE,Box Butte,10,NORTHWEST,2004,all,146.6
31013,NE,Box Butte,10,NORTHWEST,2004,irrigated,151.0
31013,NE,Box Butte,10,NORTHWEST,2004,non_irrigated,39.0
31013,NE,Box Butte,10,NORTHWEST,2005,all,171.1
31013,NE,Box Butte,10,NORTHWEST,2005,irrigated,177.0
31013,NE,Box Butte,10,NORTHWEST,2005,non_irrigated,62.0
31013,NE,Box Butte,10,NORTHWEST,2006,all,162.6
31013,NE,Box Butte,10,NORTHWEST,2006,irrigated,173.0
31013,NE,Box Butte,10,NORTHWEST,2006,non_irrigated,38.0
31013,NE,Box Butte,10,NORTHWEST,2007,all,158.7
31013,NE,Box Butte,10,NORTHWEST,2007,irrigated,169.0
31013,NE,Box Butte,10,NORTHWEST,2007,non_irrigated,30.0
31013,NE,Box Butte,10,NORTHWEST,2008,all,140.0
31013,NE,Box Butte,10,NORTHWEST,2008,irrigated,147.0
31013,NE,Box Butte,10,NORTHWEST,2008,non_irrigated,42.0
31013,NE,Box Butte,10,NORTHWEST,2009,all,153.3
31013,NE,Box Butte,10,NORTHWEST,2009,irrigated,158.9
31013,NE,Box Butte,10,NORTHWEST,2009,non_irrigated,69.4
31013,NE,Box Butte,10,NORTHWEST,2010,all,152.0
31013,NE,Box Butte,10,NORTHWEST,2010,irrigated,162.2
31013,NE,Box Butte,10,NORTHWEST,2010,non_irrigated,65.2
31013,NE,Box Butte,10,NORTHWEST,2011,all,151.0
31013,NE,Box Butte,10,NORTHWEST,2011,irrigated,163.9
31013,NE,Box Butte,10,NORTHWEST,2011,non_irrigated,65.9
31013,NE,Box Butte,10,NORTHWEST,2012,all,141.7
31013,NE,Box Butte,10,NORTHWEST,2012,irrigated,153.8
31013,NE,Box Butte,10,NORTHWEST,2012,non_irrigated,20.9
31013,NE,Box Butte,10,NORTHWEST,2013,all,147.0
31013,NE,Box Butte,10,NORTHWEST,2013,irrigated,165.4
31013,NE,Box Butte,10,NORTHWEST,2013,non_irrigated,35.5
31013,NE,Box Butte,10,NORTHWEST,2014,all,160.0
31013,NE,Box Butte,10,NORTHWEST,2014,irrigated,180.6
31013,NE,Box Butte,10,NORTHWEST,2014,non_irrigated,76.9
31013,NE,Box Butte,10,NORTHWEST,2015,all,147.3
31013,NE,Box Butte,10,NORTHWEST,2015,irrigated,164.1
31013,NE,Box Butte,10,NORTHWEST,2015,non_irrigated,55.6
31013,NE,Box Butte,10,NORTHWEST,2016,all,163.4
31013,NE,Box Butte,10,NORTHWEST,2017,all,137.8
31013,NE,Box Butte,10,NORTHWEST,2017,irrigated,171.2
31013,NE,Box Butte,10,NORTHWEST,2017,non_irrigated,63.5
31013,NE,Box Butte,10,NORTHWEST,2018,all,168.3
31013,NE,Box Butte,10,NORTHWEST,2019,all,150.4
31013,NE,Box Butte,10,NORTHWEST,2020,all,138.6
31013,NE,Box Butte,10,NORTHWEST,2021,all,144.8
31013,NE,Box Butte,10,NORTHWEST,2022,all,159.6
31013,NE,Box Butte,10,NORTHWEST,2023,all,160.3
31013,NE,Box Butte,10,NORTHWEST,2024,all,164.5
31013,NE,Box Butte,10,NORTHWEST,2025,all,133.7
31015,NE,Boyd,20,NORTH,2000,all,53.7
31015,NE,Boyd,20,NORTH,2000,irrigated,160.0
31015,NE,Boyd,20,NORTH,2000,non_irrigated,42.0
31015,NE,Boyd,20,NORTH,2001,all,98.7
31015,NE,Boyd,20,NORTH,2001,irrigated,161.0
31015,NE,Boyd,20,NORTH,2001,non_irrigated,92.0
31015,NE,Boyd,20,NORTH,2002,all,67.6
31015,NE,Boyd,20,NORTH,2002,irrigated,167.0
31015,NE,Boyd,20,NORTH,2002,non_irrigated,21.0
31015,NE,Boyd,20,NORTH,2003,all,58.3
31015,NE,Boyd,20,NORTH,2003,irrigated,185.0
31015,NE,Boyd,20,NORTH,2003,non_irrigated,36.0
31015,NE,Boyd,20,NORTH,2004,all,79.2
31015,NE,Boyd,20,NORTH,2004,irrigated,182.0
31015,NE,Boyd,20,NORTH,2004,non_irrigated,35.0
31015,NE,Boyd,20,NORTH,2005,all,59.6
31015,NE,Boyd,20,NORTH,2005,irrigated,180.0
31015,NE,Boyd,20,NORTH,2005,non_irrigated,46.0
31015,NE,Boyd,20,NORTH,2006,all,67.0
31015,NE,Boyd,20,NORTH,2006,irrigated,190.0
31015,NE,Boyd,20,NORTH,2006,non_irrigated,46.0
31015,NE,Boyd,20,NORTH,2007,all,84.5
31015,NE,Boyd,20,NORTH,2007,irrigated,178.0
31015,NE,Boyd,20,NORTH,2007,non_irrigated,68.0
31015,NE,Boyd,20,NORTH,2008,all,122.0
31015,NE,Boyd,20,NORTH,2008,irrigated,195.0
31015,NE,Boyd,20,NORTH,2008,non_irrigated,109.0
31015,NE,Boyd,20,NORTH,2009,all,142.0
31015,NE,Boyd,20,NORTH,2009,irrigated,201.0
31015,NE,Boyd,20,NORTH,2009,non_irrigated,135.1
31015,NE,Boyd,20,NORTH,2010,all,140.5
31015,NE,Boyd,20,NORTH,2010,irrigated,181.2
31015,NE,Boyd,20,NORTH,2010,non_irrigated,135.9
31015,NE,Boyd,20,NORTH,2011,all,127.8
31015,NE,Boyd,20,NORTH,2011,irrigated,176.5
31015,NE,Boyd,20,NORTH,2011,non_irrigated,122.0
31015,NE,Boyd,20,NORTH,2012,all,72.2
31015,NE,Boyd,20,NORTH,2012,irrigated,192.4
31015,NE,Boyd,20,NORTH,2012,non_irrigated,26.9
31015,NE,Boyd,20,NORTH,2015,all,149.3
31015,NE,Boyd,20,NORTH,2017,all,153.0
31015,NE,Boyd,20,NORTH,2017,irrigated,206.8
31015,NE,Boyd,20,NORTH,2017,non_irrigated,144.4
31015,NE,Boyd,20,NORTH,2019,all,157.2
31015,NE,Boyd,20,NORTH,2020,all,159.5
31015,NE,Boyd,20,NORTH,2021,all,152.2
31015,NE,Boyd,20,NORTH,2022,all,90.8
31015,NE,Boyd,20,NORTH,2023,all,171.5
31015,NE,Boyd,20,NORTH,2024,all,151.2
31015,NE,Boyd,20,NORTH,2025,all,167.2
31017,NE,Brown,20,NORTH,2000,all,136.2
31017,NE,Brown,20,NORTH,2000,irrigated,149.0
31017,NE,Brown,20,NORTH,2000,non_irrigated,42.0
31017,NE,Brown,20,NORTH,2001,all,144.6
31017,NE,Brown,20,NORTH,2001,irrigated,149.0
31017,NE,Brown,20,NORTH,2001,non_irrigated,95.0
31017,NE,Brown,20,NORTH,2002,all,155.7
31017,NE,Brown,20,NORTH,2002,irrigated,157.0
31017,NE,Brown,20,NORTH,2002,non_irrigated,47.0
31017,NE,Brown,20,NORTH,2003,all,177.3
31017,NE,Brown,20,NORTH,2003,irrigated,178.0
31017,NE,Brown,20,NORTH,2004,all,170.4
31017,NE,Brown,20,NORTH,2004,irrigated,171.0
31017,NE,Brown,20,NORTH,2005,all,176.3
31017,NE,Brown,20,NORTH,2005,irrigated,177.0
31017,NE,Brown,20,NORTH,2006,all,179.4
31017,NE,Brown,20,NORTH,2006,irrigated,181.0
31017,NE,Brown,20,NORTH,2007,all,178.7
31017,NE,Brown,20,NORTH,2008,all,187.0
31017,NE,Brown,20,NORTH,2009,all,183.6
31017,NE,Brown,20,NORTH,2010,all,188.8
31017,NE,Brown,20,NORTH,2011,all,174.8
31017,NE,Brown,20,NORTH,2011,irrigated,176.1
31017,NE,Brown,20,NORTH,2011,non_irrigated,102.5
31017,NE,Brown,20,NORTH,2012,all,162.8
31017,NE,Brown,20,NORTH,2013,all,177.3
31017,NE,Brown,20,NORTH,2013,irrigated,178.3
31017,NE,Brown,20,NORTH,2013,non_irrigated,59.4
31017,NE,Brown,20,NORTH,2014,all,193.2
31017,NE,Brown,20,NORTH,2014,irrigated,195.5
31017,NE,Brown,20,NORTH,2014,non_irrigated,73.4
31017,NE,Brown,20,NORTH,2016,all,212.9
31017,NE,Brown,20,NORTH,2016,irrigated,214.3
31017,NE,Brown,20,NORTH,2016,non_irrigated,127.0
31017,NE,Brown,20,NORTH,2017,all,219.9
31017,NE,Brown,20,NORTH,2017,irrigated,220.9
31017,NE,Brown,20,NORTH,2017,non_irrigated,97.1
31017,NE,Brown,20,NORTH,2019,all,207.2
31017,NE,Brown,20,NORTH,2020,all,214.5
31017,NE,Brown,20,NORTH,2021,all,228.8
31017,NE,Brown,20,NORTH,2022,all,198.6
31017,NE,Brown,20,NORTH,2023,all,211.9
31017,NE,Brown,20,NORTH,2024,all,223.2
31019,NE,Buffalo,50,CENTRAL,2000,all,149.6
31019,NE,Buffalo,50,CENTRAL,2000,irrigated,166.0
31019,NE,Buffalo,50,CENTRAL,2000,non_irrigated,44.0
31019,NE,Buffalo,50,CENTRAL,2001,all,167.2
31019,NE,Buffalo,50,CENTRAL,2001,irrigated,184.0
31019,NE,Buffalo,50,CENTRAL,2001,non_irrigated,72.0
31019,NE,Buffalo,50,CENTRAL,2002,all,161.0
31019,NE,Buffalo,50,CENTRAL,2002,irrigated,165.0
31019,NE,Buffalo,50,CENTRAL,2002,non_irrigated,19.0
31019,NE,Buffalo,50,CENTRAL,2003,all,186.5
31019,NE,Buffalo,50,CENTRAL,2003,irrigated,202.0
31019,NE,Buffalo,50,CENTRAL,2003,non_irrigated,44.0
31019,NE,Buffalo,50,CENTRAL,2004,all,175.4
31019,NE,Buffalo,50,CENTRAL,2004,irrigated,191.0
31019,NE,Buffalo,50,CENTRAL,2004,non_irrigated,51.0
31019,NE,Buffalo,50,CENTRAL,2005,all,173.0
31019,NE,Buffalo,50,CENTRAL,2005,irrigated,191.0
31019,NE,Buffalo,50,CENTRAL,2005,non_irrigated,45.0
31019,NE,Buffalo,50,CENTRAL,2006,all,179.8
31019,NE,Buffalo,50,CENTRAL,2006,irrigated,192.0
31019,NE,Buffalo,50,CENTRAL,2006,non_irrigated,94.0
31019,NE,Buffalo,50,CENTRAL,2007,all,182.4
31019,NE,Buffalo,50,CENTRAL,2007,irrigated,191.0
31019,NE,Buffalo,50,CENTRAL,2007,non_irrigated,118.0
31019,NE,Buffalo,50,CENTRAL,2008,all,173.0
31019,NE,Buffalo,50,CENTRAL,2008,irrigated,182.0
31019,NE,Buffalo,50,CENTRAL,2008,non_irrigated,111.0
31019,NE,Buffalo,50,CENTRAL,2009,all,191.5
31019,NE,Buffalo,50,CENTRAL,2009,irrigated,201.1
31019,NE,Buffalo,50,CENTRAL,2009,non_irrigated,133.7
31019,NE,Buffalo,50,CENTRAL,2010,all,180.8
31019,NE,Buffalo,50,CENTRAL,2010,irrigated,188.7
31019,NE,Buffalo,50,CENTRAL,2010,non_irrigated,135.7
31019,NE,Buffalo,50,CENTRAL,2011,all,170.7
31019,NE,Buffalo,50,CENTRAL,2011,irrigated,178.1
31019,NE,Buffalo,50,CENTRAL,2011,non_irrigated,127.5
31019,NE,Buffalo,50,CENTRAL,2012,all,190.6
31019,NE,Buffalo,50,CENTRAL,2012,irrigated,210.3
31019,NE,Buffalo,50,CENTRAL,2012,non_irrigated,30.6
31019,NE,Buffalo,50,CENTRAL,2013,all,178.2
31019,NE,Buffalo,50,CENTRAL,2013,irrigated,197.4
31019,NE,Buffalo,50,CENTRAL,2013,non_irrigated,65.4
31019,NE,Buffalo,50,CENTRAL,2014,all,190.8
31019,NE,Buffalo,50,CENTRAL,2014,irrigated,207.8
31019,NE,Buffalo,50,CENTRAL,2014,non_irrigated,100.1
31019,NE,Buffalo,50,CENTRAL,2015,all,202.0
31019,NE,Buffalo,50,CENTRAL,2015,irrigated,220.0
31019,NE,Buffalo,50,CENTRAL,2015,non_irrigated,107.0
31019,NE,Buffalo,50,CENTRAL,2016,all,199.5
31019,NE,Buffalo,50,CENTRAL,2016,irrigated,213.4
31019,NE,Buffalo,50,CENTRAL,2016,non_irrigated,124.8
31019,NE,Buffalo,50,CENTRAL,2017,all,205.7
31019,NE,Buffalo,50,CENTRAL,2017,irrigated,220.0
31019,NE,Buffalo,50,CENTRAL,2017,non_irrigated,133.3
31019,NE,Buffalo,50,CENTRAL,2018,all,223.6
31019,NE,Buffalo,50,CENTRAL,2018,irrigated,234.3
31019,NE,Buffalo,50,CENTRAL,2018,non_irrigated,169.0
31019,NE,Buffalo,50,CENTRAL,2019,all,195.4
31019,NE,Buffalo,50,CENTRAL,2020,all,204.7
31019,NE,Buffalo,50,CENTRAL,2022,all,165.8
31019,NE,Buffalo,50,CENTRAL,2023,all,196.4
31019,NE,Buffalo,50,CENTRAL,2024,all,206.2
31019,NE,Buffalo,50,CENTRAL,2025,all,211.1
31021,NE,Burt,30,NORTHEAST,2000,all,123.7
31021,NE,Burt,30,NORTHEAST,2000,irrigated,147.0
31021,NE,Burt,30,NORTHEAST,2000,non_irrigated,116.0
31021,NE,Burt,30,NORTHEAST,2001,all,132.1
31021,NE,Burt,30,NORTHEAST,2001,irrigated,153.0
31021,NE,Burt,30,NORTHEAST,2001,non_irrigated,125.0
31021,NE,Burt,30,NORTHEAST,2002,all,109.6
31021,NE,Burt,30,NORTHEAST,2002,irrigated,159.0
31021,NE,Burt,30,NORTHEAST,2002,non_irrigated,93.0
31021,NE,Burt,30,NORTHEAST,2003,all,138.5
31021,NE,Burt,30,NORTHEAST,2003,irrigated,167.0
31021,NE,Burt,30,NORTHEAST,2003,non_irrigated,129.0
31021,NE,Burt,30,NORTHEAST,2004,all,161.6
31021,NE,Burt,30,NORTHEAST,2004,irrigated,183.0
31021,NE,Burt,30,NORTHEAST,2004,non_irrigated,154.0
31021,NE,Burt,30,NORTHEAST,2005,all,145.8
31021,NE,Burt,30,NORTHEAST,2005,irrigated,178.0
31021,NE,Burt,30,NORTHEAST,2005,non_irrigated,135.0
31021,NE,Burt,30,NORTHEAST,2006,all,140.1
31021,NE,Burt,30,NORTHEAST,2006,irrigated,175.0
31021,NE,Burt,30,NORTHEAST,2006,non_irrigated,127.0
31021,NE,Burt,30,NORTHEAST,2007,all,156.4
31021,NE,Burt,30,NORTHEAST,2007,irrigated,188.0
31021,NE,Burt,30,NORTHEAST,2007,non_irrigated,144.0
31021,NE,Burt,30,NORTHEAST,2008,all,159.0
31021,NE,Burt,30,NORTHEAST,2008,irrigated,190.0
31021,NE,Burt,30,NORTHEAST,2008,non_irrigated,147.0
31021,NE,Burt,30,NORTHEAST,2009,all,191.6
31021,NE,Burt,30,NORTHEAST,2009,irrigated,211.2
31021,NE,Burt,30,NORTHEAST,2009,non_irrigated,185.0
31021,NE,Burt,30,NORTHEAST,2010,all,160.0
31021,NE,Burt,30,NORTHEAST,2010,irrigated,159.8
31021,NE,Burt,30,NORTHEAST,2010,non_irrigated,160.0
31021,NE,Burt,30,NORTHEAST,2011,all,167.4
31021,NE,Burt,30,NORTHEAST,2011,irrigated,179.9
31021,NE,Burt,30,NORTHEAST,2011,non_irrigated,163.5
31021,NE,Burt,30,NORTHEAST,2012,all,125.7
31021,NE,Burt,30,NORTHEAST,2012,irrigated,198.0
31021,NE,Burt,30,NORTHEAST,2012,non_irrigated,97.9
31021,NE,Burt,30,NORTHEAST,2013,all,190.0
31021,NE,Burt,30,NORTHEAST,2013,irrigated,209.2
31021,NE,Burt,30,NORTHEAST,2013,non_irrigated,182.7
31021,NE,Burt,30,NORTHEAST,2014,all,171.5
31021,NE,Burt,30,NORTHEAST,2014,irrigated,179.1
31021,NE,Burt,30,NORTHEAST,2014,non_irrigated,168.1
31021,NE,Burt,30,NORTHEAST,2015,all,193.2
31021,NE,Burt,30,NORTHEAST,2016,all,182.3
31021,NE,Burt,30,NORTHEAST,2017,all,192.1
31021,NE,Burt,30,NORTHEAST,2017,irrigated,212.3
31021,NE,Burt,30,NORTHEAST,2017,non_irrigated,184.4
31021,NE,Burt,30,NORTHEAST,2018,all,186.1
31021,NE,Burt,30,NORTHEAST,2019,all,190.9
31021,NE,Burt,30,NORTHEAST,2020,all,180.0
31021,NE,Burt,30,NORTHEAST,2021,all,216.3
31021,NE,Burt,30,NORTHEAST,2022,all,155.9
31021,NE,Burt,30,NORTHEAST,2023,all,174.3
31021,NE,Burt,30,NORTHEAST,2024,all,194.4
31021,NE,Burt,30,NORTHEAST,2025,all,214.2
31023,NE,Butler,60,EAST,2000,all,120.5
31023,NE,Butler,60,EAST,2000,irrigated,147.0
31023,NE,Butler,60,EAST,2000,non_irrigated,96.0
31023,NE,Butler,60,EAST,2001,all,132.0
31023,NE,Butler,60,EAST,2001,irrigated,166.0
31023,NE,Butler,60,EAST,2001,non_irrigated,101.0
31023,NE,Butler,60,EAST,2002,all,104.7
31023,NE,Butler,60,EAST,2002,irrigated,163.0
31023,NE,Butler,60,EAST,2002,non_irrigated,49.0
31023,NE,Butler,60,EAST,2003,all,120.1
31023,NE,Butler,60,EAST,2003,irrigated,178.0
31023,NE,Butler,60,EAST,2003,non_irrigated,58.0
31023,NE,Butler,60,EAST,2004,all,166.6
31023,NE,Butler,60,EAST,2004,irrigated,195.0
31023,NE,Butler,60,EAST,2004,non_irrigated,138.0
31023,NE,Butler,60,EAST,2005,all,141.4
31023,NE,Butler,60,EAST,2005,irrigated,181.0
31023,NE,Butler,60,EAST,2005,non_irrigated,101.0
31023,NE,Butler,60,EAST,2006,all,135.2
31023,NE,Butler,60,EAST,2006,irrigated,169.0
31023,NE,Butler,60,EAST,2006,non_irrigated,99.0
31023,NE,Butler,60,EAST,2007,all,160.1
31023,NE,Butler,60,EAST,2007,irrigated,175.0
31023,NE,Butler,60,EAST,2007,non_irrigated,143.0
31023,NE,Butler,60,EAST,2008,all,160.0
31023,NE,Butler,60,EAST,2008,irrigated,181.0
31023,NE,Butler,60,EAST,2008,non_irrigated,139.0
31023,NE,Butler,60,EAST,2009,all,189.3
31023,NE,Butler,60,EAST,2009,irrigated,214.2
31023,NE,Butler,60,EAST,2009,non_irrigated,162.9
31023,NE,Butler,60,EAST,2010,all,168.6
31023,NE,Butler,60,EAST,2010,irrigated,184.5
31023,NE,Butler,60,EAST,2010,non_irrigated,151.9
31023,NE,Butler,60,EAST,2011,all,178.5
31023,NE,Butler,60,EAST,2011,irrigated,193.5
31023,NE,Butler,60,EAST,2011,non_irrigated,162.5
31023,NE,Butler,60,EAST,2012,all,141.2
31023,NE,Butler,60,EAST,2012,irrigated,195.2
31023,NE,Butler,60,EAST,2012,non_irrigated,80.8
31023,NE,Butler,60,EAST,2013,all,174.7
31023,NE,Butler,60,EAST,2013,irrigated,206.0
31023,NE,Butler,60,EAST,2013,non_irrigated,139.3
31023,NE,Butler,60,EAST,2014,all,182.6
31023,NE,Butler,60,EAST,2014,irrigated,195.5
31023,NE,Butler,60,EAST,2014,non_irrigated,168.7
31023,NE,Butler,60,EAST,2015,all,193.4
31023,NE,Butler,60,EAST,2015,irrigated,209.7
31023,NE,Butler,60,EAST,2015,non_irrigated,176.0
31023,NE,Butler,60,EAST,2016,all,185.9
31023,NE,Butler,60,EAST,2016,irrigated,202.7
31023,NE,Butler,60,EAST,2016,non_irrigated,167.5
31023,NE,Butler,60,EAST,2017,all,191.2
31023,NE,Butler,60,EAST,2017,irrigated,213.2
31023,NE,Butler,60,EAST,2017,non_irrigated,170.7
31023,NE,Butler,60,EAST,2018,all,197.3
31023,NE,Butler,60,EAST,2019,all,192.2
31023,NE,Butler,60,EAST,2020,all,179.0
31023,NE,Butler,60,EAST,2021,all,205.1
31023,NE,Butler,60,EAST,2022,all,170.1
31023,NE,Butler,60,EAST,2023,all,187.0
31023,NE,Butler,60,EAST,2024,all,188.8
31023,NE,Butler,60,EAST,2025,all,212.0
31025,NE,Cass,60,EAST,2000,all,112.3
31025,NE,Cass,60,EAST,2000,irrigated,145.0
31025,NE,Cass,60,EAST,2000,non_irrigated,112.0
31025,NE,Cass,60,EAST,2001,all,115.5
31025,NE,Cass,60,EAST,2001,irrigated,170.0
31025,NE,Cass,60,EAST,2001,non_irrigated,115.0
31025,NE,Cass,60,EAST,2002,all,52.8
31025,NE,Cass,60,EAST,2002,irrigated,162.0
31025,NE,Cass,60,EAST,2002,non_irrigated,51.0
31025,NE,Cass,60,EAST,2003,all,95.8
31025,NE,Cass,60,EAST,2003,irrigated,187.0
31025,NE,Cass,60,EAST,2003,non_irrigated,95.0
31025,NE,Cass,60,EAST,2004,all,170.1
31025,NE,Cass,60,EAST,2004,irrigated,196.0
31025,NE,Cass,60,EAST,2004,non_irrigated,170.0
31025,NE,Cass,60,EAST,2005,all,134.6
31025,NE,Cass,60,EAST,2005,irrigated,191.0
31025,NE,Cass,60,EAST,2005,non_irrigated,134.0
31025,NE,Cass,60,EAST,2006,all,126.1
31025,NE,Cass,60,EAST,2006,irrigated,192.0
31025,NE,Cass,60,EAST,2006,non_irrigated,125.0
31025,NE,Cass,60,EAST,2007,all,127.8
31025,NE,Cass,60,EAST,2007,irrigated,172.0
31025,NE,Cass,60,EAST,2007,non_irrigated,127.0
31025,NE,Cass,60,EAST,2008,all,144.0
31025,NE,Cass,60,EAST,2009,all,176.6
31025,NE,Cass,60,EAST,2009,irrigated,211.0
31025,NE,Cass,60,EAST,2009,non_irrigated,176.0
31025,NE,Cass,60,EAST,2010,all,146.5
31025,NE,Cass,60,EAST,2011,all,157.4
31025,NE,Cass,60,EAST,2012,all,84.3
31025,NE,Cass,60,EAST,2013,all,150.3
31025,NE,Cass,60,EAST,2013,irrigated,194.6
31025,NE,Cass,60,EAST,2013,non_irrigated,149.3
31025,NE,Cass,60,EAST,2014,all,170.2
31025,NE,Cass,60,EAST,2015,all,182.0
31025,NE,Cass,60,EAST,2016,all,181.3
31025,NE,Cass,60,EAST,2016,irrigated,220.4
31025,NE,Cass,60,EAST,2016,non_irrigated,180.0
31025,NE,Cass,60,EAST,2017,all,184.3
31025,NE,Cass,60,EAST,2018,all,202.4
31025,NE,Cass,60,EAST,2018,irrigated,188.1
31025,NE,Cass,60,EAST,2018,non_irrigated,202.7
31025,NE,Cass,60,EAST,2019,all,175.7
31025,NE,Cass,60,EAST,2020,all,193.4
31025,NE,Cass,60,EAST,2022,all,132.5
31025,NE,Cass,60,EAST,2023,all,195.7
31025,NE,Cass,60,EAST,2024,all,191.0
31025,NE,Cass,60,EAST,2025,all,196.7
31027,NE,Cedar,30,NORTHEAST,2000,all,113.8
31027,NE,Cedar,30,NORTHEAST,2000,irrigated,157.0
31027,NE,Cedar,30,NORTHEAST,2000,non_irrigated,97.0
31027,NE,Cedar,30,NORTHEAST,2001,all,137.4
31027,NE,Cedar,30,NORTHEAST,2001,irrigated,168.0
31027,NE,Cedar,30,NORTHEAST,2001,non_irrigated,125.0
31027,NE,Cedar,30,NORTHEAST,2002,all,97.5
31027,NE,Cedar,30,NORTHEAST,2002,irrigated,158.0
31027,NE,Cedar,30,NORTHEAST,2002,non_irrigated,73.0
31027,NE,Cedar,30,NORTHEAST,2003,all,124.0
31027,NE,Cedar,30,NORTHEAST,2003,irrigated,172.0
31027,NE,Cedar,30,NORTHEAST,2003,non_irrigated,103.0
31027,NE,Cedar,30,NORTHEAST,2004,all,161.2
31027,NE,Cedar,30,NORTHEAST,2004,irrigated,198.0
31027,NE,Cedar,30,NORTHEAST,2004,non_irrigated,144.0
31027,NE,Cedar,30,NORTHEAST,2005,all,149.0
31027,NE,Cedar,30,NORTHEAST,2005,irrigated,184.0
31027,NE,Cedar,30,NORTHEAST,2005,non_irrigated,132.0
31027,NE,Cedar,30,NORTHEAST,2006,all,124.4
31027,NE,Cedar,30,NORTHEAST,2006,irrigated,182.0
31027,NE,Cedar,30,NORTHEAST,2006,non_irrigated,91.0
31027,NE,Cedar,30,NORTHEAST,2007,all,143.1
31027,NE,Cedar,30,NORTHEAST,2007,irrigated,187.0
31027,NE,Cedar,30,NORTHEAST,2007,non_irrigated,113.5
31027,NE,Cedar,30,NORTHEAST,2008,all,159.0
31027,NE,Cedar,30,NORTHEAST,2008,irrigated,195.0
31027,NE,Cedar,30,NORTHEAST,2008,non_irrigated,135.0
31027,NE,Cedar,30,NORTHEAST,2009,all,171.7
31027,NE,Cedar,30,NORTHEAST,2009,irrigated,195.1
31027,NE,Cedar,30,NORTHEAST,2009,non_irrigated,155.9
31027,NE,Cedar,30,NORTHEAST,2010,all,178.6
31027,NE,Cedar,30,NORTHEAST,2010,irrigated,195.0
31027,NE,Cedar,30,NORTHEAST,2010,non_irrigated,167.3
31027,NE,Cedar,30,NORTHEAST,2011,all,164.9
31027,NE,Cedar,30,NORTHEAST,2011,irrigated,183.9
31027,NE,Cedar,30,NORTHEAST,2011,non_irrigated,150.2
31027,NE,Cedar,30,NORTHEAST,2012,all,99.1
31027,NE,Cedar,30,NORTHEAST,2012,irrigated,167.5
31027,NE,Cedar,30,NORTHEAST,2012,non_irrigated,33.2
31027,NE,Cedar,30,NORTHEAST,2013,all,183.3
31027,NE,Cedar,30,NORTHEAST,2013,irrigated,201.0
31027,NE,Cedar,30,NORTHEAST,2013,non_irrigated,168.7
31027,NE,Cedar,30,NORTHEAST,2014,all,184.8
31027,NE,Cedar,30,NORTHEAST,2014,irrigated,197.4
31027,NE,Cedar,30,NORTHEAST,2014,non_irrigated,173.9
31027,NE,Cedar,30,NORTHEAST,2015,all,195.8
31027,NE,Cedar,30,NORTHEAST,2015,irrigated,212.6
31027,NE,Cedar,30,NORTHEAST,2015,non_irrigated,180.8
31027,NE,Cedar,30,NORTHEAST,2016,all,183.5
31027,NE,Cedar,30,NORTHEAST,2016,irrigated,211.1
31027,NE,Cedar,30,NORTHEAST,2016,non_irrigated,157.5
31027,NE,Cedar,30,NORTHEAST,2017,all,183.0
31027,NE,Cedar,30,NORTHEAST,2017,irrigated,214.3
31027,NE,Cedar,30,NORTHEAST,2017,non_irrigated,154.7
31027,NE,Cedar,30,NORTHEAST,2018,all,200.3
31027,NE,Cedar,30,NORTHEAST,2018,irrigated,213.8
31027,NE,Cedar,30,NORTHEAST,2018,non_irrigated,187.6
31027,NE,Cedar,30,NORTHEAST,2019,all,204.2
31027,NE,Cedar,30,NORTHEAST,2020,all,189.5
31027,NE,Cedar,30,NORTHEAST,2021,all,201.4
31027,NE,Cedar,30,NORTHEAST,2022,all,169.3
31027,NE,Cedar,30,NORTHEAST,2023,all,196.9
31027,NE,Cedar,30,NORTHEAST,2024,all,180.7
31027,NE,Cedar,30,NORTHEAST,2025,all,223.8
31029,NE,Chase,70,SOUTHWEST,2000,all,165.2
31029,NE,Chase,70,SOUTHWEST,2000,irrigated,185.0
31029,NE,Chase,70,SOUTHWEST,2000,non_irrigated,33.0
31029,NE,Chase,70,SOUTHWEST,2001,all,170.5
31029,NE,Chase,70,SOUTHWEST,2001,irrigated,187.0
31029,NE,Chase,70,SOUTHWEST,2001,non_irrigated,54.0
31029,NE,Chase,70,SOUTHWEST,2002,all,178.3
31029,NE,Chase,70,SOUTHWEST,2002,irrigated,181.0
31029,NE,Chase,70,SOUTHWEST,2002,non_irrigated,21.0
31029,NE,Chase,70,SOUTHWEST,2003,all,180.9
31029,NE,Chase,70,SOUTHWEST,2003,irrigated,191.0
31029,NE,Chase,70,SOUTHWEST,2003,non_irrigated,23.0
31029,NE,Chase,70,SOUTHWEST,2004,all,184.9
31029,NE,Chase,70,SOUTHWEST,2004,irrigated,198.0
31029,NE,Chase,70,SOUTHWEST,2004,non_irrigated,62.0
31029,NE,Chase,70,SOUTHWEST,2005,all,177.6
31029,NE,Chase,70,SOUTHWEST,2005,irrigated,191.0
31029,NE,Chase,70,SOUTHWEST,2005,non_irrigated,51.0
31029,NE,Chase,70,SOUTHWEST,2006,all,187.6
31029,NE,Chase,70,SOUTHWEST,2006,irrigated,202.0
31029,NE,Chase,70,SOUTHWEST,2006,non_irrigated,61.0
31029,NE,Chase,70,SOUTHWEST,2007,all,171.9
31029,NE,Chase,70,SOUTHWEST,2007,irrigated,186.0
31029,NE,Chase,70,SOUTHWEST,2007,non_irrigated,80.0
31029,NE,Chase,70,SOUTHWEST,2008,all,176.0
31029,NE,Chase,70,SOUTHWEST,2008,irrigated,193.0
31029,NE,Chase,70,SOUTHWEST,2008,non_irrigated,82.0
31029,NE,Chase,70,SOUTHWEST,2009,all,150.3
31029,NE,Chase,70,SOUTHWEST,2009,irrigated,159.9
31029,NE,Chase,70,SOUTHWEST,2009,non_irrigated,91.5
31029,NE,Chase,70,SOUTHWEST,2010,all,176.1
31029,NE,Chase,70,SOUTHWEST,2010,irrigated,196.1
31029,NE,Chase,70,SOUTHWEST,2010,non_irrigated,87.2
31029,NE,Chase,70,SOUTHWEST,2011,all,111.2
31029,NE,Chase,70,SOUTHWEST,2011,irrigated,122.1
31029,NE,Chase,70,SOUTHWEST,2011,non_irrigated,73.2
31029,NE,Chase,70,SOUTHWEST,2012,all,173.0
31029,NE,Chase,70,SOUTHWEST,2012,irrigated,197.8
31029,NE,Chase,70,SOUTHWEST,2012,non_irrigated,17.4
31029,NE,Chase,70,SOUTHWEST,2013,all,169.3
31029,NE,Chase,70,SOUTHWEST,2013,irrigated,196.1
31029,NE,Chase,70,SOUTHWEST,2013,non_irrigated,31.5
31029,NE,Chase,70,SOUTHWEST,2014,all,186.3
31029,NE,Chase,70,SOUTHWEST,2014,irrigated,208.0
31029,NE,Chase,70,SOUTHWEST,2014,non_irrigated,80.9
31029,NE,Chase,70,SOUTHWEST,2015,all,178.4
31029,NE,Chase,70,SOUTHWEST,2015,irrigated,202.0
31029,NE,Chase,70,SOUTHWEST,2015,non_irrigated,77.0
31029,NE,Chase,70,SOUTHWEST,2016,all,173.7
31029,NE,Chase,70,SOUTHWEST,2016,irrigated,194.8
31029,NE,Chase,70,SOUTHWEST,2016,non_irrigated,88.7
31029,NE,Chase,70,SOUTHWEST,2017,all,188.2
31029,NE,Chase,70,SOUTHWEST,2017,irrigated,220.5
31029,NE,Chase,70,SOUTHWEST,2017,non_irrigated,82.4
31029,NE,Chase,70,SOUTHWEST,2018,all,200.6
31029,NE,Chase,70,SOUTHWEST,2018,irrigated,224.7
31029,NE,Chase,70,SOUTHWEST,2018,non_irrigated,104.7
31029,NE,Chase,70,SOUTHWEST,2019,all,157.6
31029,NE,Chase,70,SOUTHWEST,2020,all,154.6
31029,NE,Chase,70,SOUTHWEST,2021,all,182.3
31029,NE,Chase,70,SOUTHWEST,2022,all,125.6
31029,NE,Chase,70,SOUTHWEST,2023,all,164.8
31029,NE,Chase,70,SOUTHWEST,2024,all,168.8
31029,NE,Chase,70,SOUTHWEST,2025,all,188.5
31031,NE,Cherry,20,NORTH,2000,all,136.6
31031,NE,Cherry,20,NORTH,2000,irrigated,147.0
31031,NE,Cherry,20,NORTH,2000,non_irrigated,30.0
31031,NE,Cherry,20,NORTH,2001,all,160.4
31031,NE,Cherry,20,NORTH,2001,irrigated,169.0
31031,NE,Cherry,20,NORTH,2001,non_irrigated,73.0
31031,NE,Cherry,20,NORTH,2002,all,167.1
31031,NE,Cherry,20,NORTH,2002,irrigated,169.0
31031,NE,Cherry,20,NORTH,2003,all,182.2
31031,NE,Cherry,20,NORTH,2003,irrigated,185.0
31031,NE,Cherry,20,NORTH,2004,all,180.8
31031,NE,Cherry,20,NORTH,2004,irrigated,183.0
31031,NE,Cherry,20,NORTH,2004,non_irrigated,0.0
31031,NE,Cherry,20,NORTH,2005,all,182.4
31031,NE,Cherry,20,NORTH,2005,irrigated,185.0
31031,NE,Cherry,20,NORTH,2005,non_irrigated,50.0
31031,NE,Cherry,20,NORTH,2006,all,177.8
31031,NE,Cherry,20,NORTH,2006,irrigated,185.0
31031,NE,Cherry,20,NORTH,2007,all,185.5
31031,NE,Cherry,20,NORTH,2008,all,190.0
31031,NE,Cherry,20,NORTH,2009,all,180.5
31031,NE,Cherry,20,NORTH,2010,all,164.3
31031,NE,Cherry,20,NORTH,2010,irrigated,169.4
31031,NE,Cherry,20,NORTH,2010,non_irrigated,37.1
31031,NE,Cherry,20,NORTH,2011,all,155.2
31031,NE,Cherry,20,NORTH,2011,irrigated,161.0
31031,NE,Cherry,20,NORTH,2011,non_irrigated,86.8
31031,NE,Cherry,20,NORTH,2012,all,177.8
31031,NE,Cherry,20,NORTH,2013,all,172.3
31031,NE,Cherry,20,NORTH,2013,irrigated,180.0
31031,NE,Cherry,20,NORTH,2013,non_irrigated,100.9
31031,NE,Cherry,20,NORTH,2015,all,174.9
31031,NE,Cherry,20,NORTH,2016,all,183.8
31031,NE,Cherry,20,NORTH,2017,all,194.1
31031,NE,Cherry,20,NORTH,2017,irrigated,205.9
31031,NE,Cherry,20,NORTH,2017,non_irrigated,64.1
31031,NE,Cherry,20,NORTH,2018,all,207.6
31031,NE,Cherry,20,NORTH,2021,all,181.2
31033,NE,Cheyenne,10,NORTHWEST,2000,all,98.8
31033,NE,Cheyenne,10,NORTHWEST,2000,irrigated,145.0
31033,NE,Cheyenne,10,NORTHWEST,2000,non_irrigated,23.0
31033,NE,Cheyenne,10,NORTHWEST,2001,all,131.0
31033,NE,Cheyenne,10,NORTHWEST,2001,irrigated,171.0
31033,NE,Cheyenne,10,NORTHWEST,2001,non_irrigated,45.0
31033,NE,Cheyenne,10,NORTHWEST,2002,all,136.7
31033,NE,Cheyenne,10,NORTHWEST,2002,irrigated,141.0
31033,NE,Cheyenne,10,NORTHWEST,2002,non_irrigated,13.0
31033,NE,Cheyenne,10,NORTHWEST,2003,all,128.0
31033,NE,Cheyenne,10,NORTHWEST,2003,irrigated,148.0
31033,NE,Cheyenne,10,NORTHWEST,2003,non_irrigated,28.0
31033,NE,Cheyenne,10,NORTHWEST,2004,all,136.6
31033,NE,Cheyenne,10,NORTHWEST,2004,irrigated,141.0
31033,NE,Cheyenne,10,NORTHWEST,2004,non_irrigated,60.0
31033,NE,Cheyenne,10,NORTHWEST,2005,all,156.6
31033,NE,Cheyenne,10,NORTHWEST,2005,irrigated,171.0
31033,NE,Cheyenne,10,NORTHWEST,2005,non_irrigated,63.0
31033,NE,Cheyenne,10,NORTHWEST,2006,all,147.4
31033,NE,Cheyenne,10,NORTHWEST,2006,irrigated,170.0
31033,NE,Cheyenne,10,NORTHWEST,2006,non_irrigated,36.0
31033,NE,Cheyenne,10,NORTHWEST,2007,all,153.8
31033,NE,Cheyenne,10,NORTHWEST,2007,irrigated,175.0
31033,NE,Cheyenne,10,NORTHWEST,2007,non_irrigated,50.0
31033,NE,Cheyenne,10,NORTHWEST,2008,all,140.0
31033,NE,Cheyenne,10,NORTHWEST,2008,irrigated,157.0
31033,NE,Cheyenne,10,NORTHWEST,2008,non_irrigated,54.0
31033,NE,Cheyenne,10,NORTHWEST,2010,all,130.5
31033,NE,Cheyenne,10,NORTHWEST,2010,irrigated,160.3
31033,NE,Cheyenne,10,NORTHWEST,2010,non_irrigated,62.9
31033,NE,Cheyenne,10,NORTHWEST,2011,all,109.7
31033,NE,Cheyenne,10,NORTHWEST,2011,irrigated,137.6
31033,NE,Cheyenne,10,NORTHWEST,2011,non_irrigated,63.4
31033,NE,Cheyenne,10,NORTHWEST,2012,all,94.8
31033,NE,Cheyenne,10,NORTHWEST,2014,all,139.7
31033,NE,Cheyenne,10,NORTHWEST,2020,all,91.9
31033,NE,Cheyenne,10,NORTHWEST,2022,all,101.8
31033,NE,Cheyenne,10,NORTHWEST,2023,all,99.4
31033,NE,Cheyenne,10,NORTHWEST,2024,all,118.0
31035,NE,Clay,90,SOUTHEAST,2000,all,144.3
31035,NE,Clay,90,SOUTHEAST,2000,irrigated,158.0
31035,NE,Clay,90,SOUTHEAST,2000,non_irrigated,86.0
31035,NE,Clay,90,SOUTHEAST,2001,all,170.7
31035,NE,Clay,90,SOUTHEAST,2001,irrigated,187.0
31035,NE,Clay,90,SOUTHEAST,2001,non_irrigated,107.0
31035,NE,Clay,90,SOUTHEAST,2002,all,157.7
31035,NE,Clay,90,SOUTHEAST,2002,irrigated,184.0
31035,NE,Clay,90,SOUTHEAST,2002,non_irrigated,33.0
31035,NE,Clay,90,SOUTHEAST,2003,all,167.6
31035,NE,Clay,90,SOUTHEAST,2003,irrigated,195.0
31035,NE,Clay,90,SOUTHEAST,2003,non_irrigated,48.0
31035,NE,Clay,90,SOUTHEAST,2004,all,173.5
31035,NE,Clay,90,SOUTHEAST,2004,irrigated,187.0
31035,NE,Clay,90,SOUTHEAST,2004,non_irrigated,112.0
31035,NE,Clay,90,SOUTHEAST,2005,all,173.0
31035,NE,Clay,90,SOUTHEAST,2005,irrigated,194.0
31035,NE,Clay,90,SOUTHEAST,2005,non_irrigated,94.0
31035,NE,Clay,90,SOUTHEAST,2006,all,158.5
31035,NE,Clay,90,SOUTHEAST,2006,irrigated,181.0
31035,NE,Clay,90,SOUTHEAST,2006,non_irrigated,65.0
31035,NE,Clay,90,SOUTHEAST,2007,all,166.3
31035,NE,Clay,90,SOUTHEAST,2007,irrigated,176.0
31035,NE,Clay,90,SOUTHEAST,2007,non_irrigated,122.0
31035,NE,Clay,90,SOUTHEAST,2008,all,190.0
31035,NE,Clay,90,SOUTHEAST,2008,irrigated,199.0
31035,NE,Clay,90,SOUTHEAST,2008,non_irrigated,154.0
31035,NE,Clay,90,SOUTHEAST,2009,all,184.0
31035,NE,Clay,90,SOUTHEAST,2009,irrigated,201.8
31035,NE,Clay,90,SOUTHEAST,2009,non_irrigated,108.6
31035,NE,Clay,90,SOUTHEAST,2010,all,177.5
31035,NE,Clay,90,SOUTHEAST,2010,irrigated,186.6
31035,NE,Clay,90,SOUTHEAST,2010,non_irrigated,138.0
31035,NE,Clay,90,SOUTHEAST,2011,all,184.9
31035,NE,Clay,90,SOUTHEAST,2011,irrigated,195.7
31035,NE,Clay,90,SOUTHEAST,2011,non_irrigated,137.5
31035,NE,Clay,90,SOUTHEAST,2012,all,165.9
31035,NE,Clay,90,SOUTHEAST,2012,irrigated,186.1
31035,NE,Clay,90,SOUTHEAST,2012,non_irrigated,65.1
31035,NE,Clay,90,SOUTHEAST,2013,all,151.2
31035,NE,Clay,90,SOUTHEAST,2013,irrigated,165.0
31035,NE,Clay,90,SOUTHEAST,2013,non_irrigated,89.8
31035,NE,Clay,90,SOUTHEAST,2014,all,203.0
31035,NE,Clay,90,SOUTHEAST,2014,irrigated,214.4
31035,NE,Clay,90,SOUTHEAST,2014,non_irrigated,145.4
31035,NE,Clay,90,SOUTHEAST,2015,all,202.1
31035,NE,Clay,90,SOUTHEAST,2015,irrigated,213.9
31035,NE,Clay,90,SOUTHEAST,2015,non_irrigated,145.8
31035,NE,Clay,90,SOUTHEAST,2016,all,174.2
31035,NE,Clay,90,SOUTHEAST,2016,irrigated,184.8
31035,NE,Clay,90,SOUTHEAST,2016,non_irrigated,121.9
31035,NE,Clay,90,SOUTHEAST,2017,all,190.9
31035,NE,Clay,90,SOUTHEAST,2017,irrigated,201.5
31035,NE,Clay,90,SOUTHEAST,2017,non_irrigated,143.4
31035,NE,Clay,90,SOUTHEAST,2018,all,205.0
31035,NE,Clay,90,SOUTHEAST,2018,irrigated,217.3
31035,NE,Clay,90,SOUTHEAST,2018,non_irrigated,145.0
31035,NE,Clay,90,SOUTHEAST,2019,all,191.6
31035,NE,Clay,90,SOUTHEAST,2020,all,196.9
31035,NE,Clay,90,SOUTHEAST,2022,all,170.3
31035,NE,Clay,90,SOUTHEAST,2023,all,193.7
31035,NE,Clay,90,SOUTHEAST,2024,all,207.3
31035,NE,Clay,90,SOUTHEAST,2025,all,206.0
31037,NE,Colfax,60,EAST,2000,all,128.0
31037,NE,Colfax,60,EAST,2000,irrigated,156.0
31037,NE,Colfax,60,EAST,2000,non_irrigated,110.0
31037,NE,Colfax,60,EAST,2001,all,145.5
31037,NE,Colfax,60,EAST,2001,irrigated,172.0
31037,NE,Colfax,60,EAST,2001,non_irrigated,128.0
31037,NE,Colfax,60,EAST,2002,all,108.8
31037,NE,Colfax,60,EAST,2002,irrigated,162.0
31037,NE,Colfax,60,EAST,2002,non_irrigated,71.0
31037,NE,Colfax,60,EAST,2003,all,132.2
31037,NE,Colfax,60,EAST,2003,irrigated,174.0
31037,NE,Colfax,60,EAST,2003,non_irrigated,102.0
31037,NE,Colfax,60,EAST,2004,all,179.6
31037,NE,Colfax,60,EAST,2004,irrigated,201.0
31037,NE,Colfax,60,EAST,2004,non_irrigated,165.0
31037,NE,Colfax,60,EAST,2005,all,144.7
31037,NE,Colfax,60,EAST,2005,irrigated,185.0
31037,NE,Colfax,60,EAST,2005,non_irrigated,116.0
31037,NE,Colfax,60,EAST,2006,all,145.6
31037,NE,Colfax,60,EAST,2006,irrigated,179.0
31037,NE,Colfax,60,EAST,2006,non_irrigated,121.0
31037,NE,Colfax,60,EAST,2007,all,162.4
31037,NE,Colfax,60,EAST,2007,irrigated,181.0
31037,NE,Colfax,60,EAST,2007,non_irrigated,148.0
31037,NE,Colfax,60,EAST,2008,all,157.0
31037,NE,Colfax,60,EAST,2008,irrigated,184.0
31037,NE,Colfax,60,EAST,2008,non_irrigated,138.0
31037,NE,Colfax,60,EAST,2009,all,191.3
31037,NE,Colfax,60,EAST,2009,irrigated,209.2
31037,NE,Colfax,60,EAST,2009,non_irrigated,178.0
31037,NE,Colfax,60,EAST,2010,all,158.1
31037,NE,Colfax,60,EAST,2010,irrigated,169.7
31037,NE,Colfax,60,EAST,2010,non_irrigated,149.8
31037,NE,Colfax,60,EAST,2011,all,162.9
31037,NE,Colfax,60,EAST,2011,irrigated,181.8
31037,NE,Colfax,60,EAST,2011,non_irrigated,149.2
31037,NE,Colfax,60,EAST,2012,all,109.6
31037,NE,Colfax,60,EAST,2012,irrigated,178.3
31037,NE,Colfax,60,EAST,2012,non_irrigated,49.0
31037,NE,Colfax,60,EAST,2013,all,183.1
31037,NE,Colfax,60,EAST,2013,irrigated,199.7
31037,NE,Colfax,60,EAST,2013,non_irrigated,170.2
31037,NE,Colfax,60,EAST,2014,all,202.0
31037,NE,Colfax,60,EAST,2015,all,204.8
31037,NE,Colfax,60,EAST,2015,irrigated,216.5
31037,NE,Colfax,60,EAST,2015,non_irrigated,195.8
31037,NE,Colfax,60,EAST,2016,all,181.2
31037,NE,Colfax,60,EAST,2016,irrigated,182.5
31037,NE,Colfax,60,EAST,2016,non_irrigated,180.3
31037,NE,Colfax,60,EAST,2017,all,182.1
31037,NE,Colfax,60,EAST,2017,irrigated,202.2
31037,NE,Colfax,60,EAST,2017,non_irrigated,167.8
31037,NE,Colfax,60,EAST,2018,all,207.1
31037,NE,Colfax,60,EAST,2019,all,201.4
31037,NE,Colfax,60,EAST,2020,all,189.6
31037,NE,Colfax,60,EAST,2021,all,228.3
31037,NE,Colfax,60,EAST,2022,all,165.8
31037,NE,Colfax,60,EAST,2023,all,173.8
31037,NE,Colfax,60,EAST,2024,all,199.3
31037,NE,Colfax,60,EAST,2025,all,209.1
31039,NE,Cuming,30,NORTHEAST,2000,all,107.9
31039,NE,Cuming,30,NORTHEAST,2000,irrigated,145.0
31039,NE,Cuming,30,NORTHEAST,2000,non_irrigated,100.0
31039,NE,Cuming,30,NORTHEAST,2001,all,145.1
31039,NE,Cuming,30,NORTHEAST,2001,irrigated,177.0
31039,NE,Cuming,30,NORTHEAST,2001,non_irrigated,138.0
31039,NE,Cuming,30,NORTHEAST,2002,all,104.9
31039,NE,Cuming,30,NORTHEAST,2002,irrigated,166.0
31039,NE,Cuming,30,NORTHEAST,2002,non_irrigated,92.6
31039,NE,Cuming,30,NORTHEAST,2003,all,129.1
31039,NE,Cuming,30,NORTHEAST,2003,irrigated,193.0
31039,NE,Cuming,30,NORTHEAST,2003,non_irrigated,115.0
31039,NE,Cuming,30,NORTHEAST,2004,all,172.1
31039,NE,Cuming,30,NORTHEAST,2004,irrigated,204.0
31039,NE,Cuming,30,NORTHEAST,2004,non_irrigated,165.2
31039,NE,Cuming,30,NORTHEAST,2005,all,158.3
31039,NE,Cuming,30,NORTHEAST,2005,irrigated,195.0
31039,NE,Cuming,30,NORTHEAST,2005,non_irrigated,149.1
31039,NE,Cuming,30,NORTHEAST,2006,all,148.4
31039,NE,Cuming,30,NORTHEAST,2006,irrigated,190.0
31039,NE,Cuming,30,NORTHEAST,2006,non_irrigated,138.0
31039,NE,Cuming,30,NORTHEAST,2007,all,166.4
31039,NE,Cuming,30,NORTHEAST,2007,irrigated,189.0
31039,NE,Cuming,30,NORTHEAST,2007,non_irrigated,160.0
31039,NE,Cuming,30,NORTHEAST,2008,all,160.0
31039,NE,Cuming,30,NORTHEAST,2008,irrigated,202.0
31039,NE,Cuming,30,NORTHEAST,2008,non_irrigated,149.0
31039,NE,Cuming,30,NORTHEAST,2009,all,193.7
31039,NE,Cuming,30,NORTHEAST,2009,irrigated,218.2
31039,NE,Cuming,30,NORTHEAST,2009,non_irrigated,187.1
31039,NE,Cuming,30,NORTHEAST,2010,all,183.8
31039,NE,Cuming,30,NORTHEAST,2010,irrigated,204.7
31039,NE,Cuming,30,NORTHEAST,2010,non_irrigated,177.8
31039,NE,Cuming,30,NORTHEAST,2011,all,177.2
31039,NE,Cuming,30,NORTHEAST,2011,irrigated,200.5
31039,NE,Cuming,30,NORTHEAST,2011,non_irrigated,170.2
31039,NE,Cuming,30,NORTHEAST,2012,all,95.7
31039,NE,Cuming,30,NORTHEAST,2012,irrigated,195.6
31039,NE,Cuming,30,NORTHEAST,2012,non_irrigated,63.9
31039,NE,Cuming,30,NORTHEAST,2013,all,192.8
31039,NE,Cuming,30,NORTHEAST,2014,all,181.1
31039,NE,Cuming,30,NORTHEAST,2015,all,200.1
31039,NE,Cuming,30,NORTHEAST,2015,irrigated,219.5
31039,NE,Cuming,30,NORTHEAST,2015,non_irrigated,195.0
31039,NE,Cuming,30,NORTHEAST,2016,all,197.8
31039,NE,Cuming,30,NORTHEAST,2016,irrigated,203.3
31039,NE,Cuming,30,NORTHEAST,2016,non_irrigated,196.3
31039,NE,Cuming,30,NORTHEAST,2017,all,203.9
31039,NE,Cuming,30,NORTHEAST,2018,all,200.0
31039,NE,Cuming,30,NORTHEAST,2019,all,204.6
31039,NE,Cuming,30,NORTHEAST,2020,all,178.8
31039,NE,Cuming,30,NORTHEAST,2021,all,218.4
31039,NE,Cuming,30,NORTHEAST,2022,all,168.6
31039,NE,Cuming,30,NORTHEAST,2023,all,164.8
31039,NE,Cuming,30,NORTHEAST,2024,all,199.3
31039,NE,Cuming,30,NORTHEAST,2025,all,218.9
31041,NE,Custer,50,CENTRAL,2000,all,125.1
31041,NE,Custer,50,CENTRAL,2000,irrigated,153.0
31041,NE,Custer,50,CENTRAL,2000,non_irrigated,32.0
31041,NE,Custer,50,CENTRAL,2001,all,154.4
31041,NE,Custer,50,CENTRAL,2001,irrigated,177.0
31041,NE,Custer,50,CENTRAL,2001,non_irrigated,94.0
31041,NE,Custer,50,CENTRAL,2002,all,150.5
31041,NE,Custer,50,CENTRAL,2002,irrigated,158.0
31041,NE,Custer,50,CENTRAL,2002,non_irrigated,25.0
31041,NE,Custer,50,CENTRAL,2003,all,153.9
31041,NE,Custer,50,CENTRAL,2003,irrigated,189.0
31041,NE,Custer,50,CENTRAL,2003,non_irrigated,38.0
31041,NE,Custer,50,CENTRAL,2004,all,158.3
31041,NE,Custer,50,CENTRAL,2004,irrigated,188.0
31041,NE,Custer,50,CENTRAL,2004,non_irrigated,62.0
31041,NE,Custer,50,CENTRAL,2005,all,155.4
31041,NE,Custer,50,CENTRAL,2005,irrigated,185.0
31041,NE,Custer,50,CENTRAL,2005,non_irrigated,70.0
31041,NE,Custer,50,CENTRAL,2006,all,158.1
31041,NE,Custer,50,CENTRAL,2006,irrigated,187.0
31041,NE,Custer,50,CENTRAL,2006,non_irrigated,46.0
31041,NE,Custer,50,CENTRAL,2007,all,163.3
31041,NE,Custer,50,CENTRAL,2007,irrigated,180.0
31041,NE,Custer,50,CENTRAL,2007,non_irrigated,106.0
31041,NE,Custer,50,CENTRAL,2008,all,163.0
31041,NE,Custer,50,CENTRAL,2008,irrigated,182.0
31041,NE,Custer,50,CENTRAL,2008,non_irrigated,104.0
31041,NE,Custer,50,CENTRAL,2009,all,172.8
31041,NE,Custer,50,CENTRAL,2009,irrigated,187.0
31041,NE,Custer,50,CENTRAL,2009,non_irrigated,131.6
31041,NE,Custer,50,CENTRAL,2010,all,171.9
31041,NE,Custer,50,CENTRAL,2010,irrigated,188.0
31041,NE,Custer,50,CENTRAL,2010,non_irrigated,128.0
31041,NE,Custer,50,CENTRAL,2011,all,165.3
31041,NE,Custer,50,CENTRAL,2011,irrigated,184.4
31041,NE,Custer,50,CENTRAL,2011,non_irrigated,115.1
31041,NE,Custer,50,CENTRAL,2012,all,165.3
31041,NE,Custer,50,CENTRAL,2012,irrigated,189.5
31041,NE,Custer,50,CENTRAL,2012,non_irrigated,36.7
31041,NE,Custer,50,CENTRAL,2013,all,168.3
31041,NE,Custer,50,CENTRAL,2014,all,176.6
31041,NE,Custer,50,CENTRAL,2014,irrigated,200.7
31041,NE,Custer,50,CENTRAL,2014,non_irrigated,108.5
31041,NE,Custer,50,CENTRAL,2015,all,188.2
31041,NE,Custer,50,CENTRAL,2015,irrigated,211.7
31041,NE,Custer,50,CENTRAL,2015,non_irrigated,119.1
31041,NE,Custer,50,CENTRAL,2016,all,183.4
31041,NE,Custer,50,CENTRAL,2016,irrigated,201.1
31041,NE,Custer,50,CENTRAL,2016,non_irrigated,131.1
31041,NE,Custer,50,CENTRAL,2017,all,171.3
31041,NE,Custer,50,CENTRAL,2017,irrigated,199.1
31041,NE,Custer,50,CENTRAL,2017,non_irrigated,101.8
31041,NE,Custer,50,CENTRAL,2018,all,205.5
31041,NE,Custer,50,CENTRAL,2019,all,188.2
31041,NE,Custer,50,CENTRAL,2020,all,200.7
31041,NE,Custer,50,CENTRAL,2023,all,193.2
31041,NE,Custer,50,CENTRAL,2024,all,206.9
31043,NE,Dakota,30,NORTHEAST,2000,all,117.7
31043,NE,Dakota,30,NORTHEAST,2000,irrigated,148.0
31043,NE,Dakota,30,NORTHEAST,2000,non_irrigated,111.0
31043,NE,Dakota,30,NORTHEAST,2001,all,137.1
31043,NE,Dakota,30,NORTHEAST,2001,irrigated,153.0
31043,NE,Dakota,30,NORTHEAST,2001,non_irrigated,134.0
31043,NE,Dakota,30,NORTHEAST,2002,all,116.6
31043,NE,Dakota,30,NORTHEAST,2002,irrigated,138.0
31043,NE,Dakota,30,NORTHEAST,2002,non_irrigated,112.0
31043,NE,Dakota,30,NORTHEAST,2003,all,148.2
31043,NE,Dakota,30,NORTHEAST,2003,irrigated,186.0
31043,NE,Dakota,30,NORTHEAST,2003,non_irrigated,140.0
31043,NE,Dakota,30,NORTHEAST,2004,all,166.0
31043,NE,Dakota,30,NORTHEAST,2004,irrigated,190.0
31043,NE,Dakota,30,NORTHEAST,2004,non_irrigated,161.0
31043,NE,Dakota,30,NORTHEAST,2005,all,158.6
31043,NE,Dakota,30,NORTHEAST,2005,irrigated,187.0
31043,NE,Dakota,30,NORTHEAST,2005,non_irrigated,152.0
31043,NE,Dakota,30,NORTHEAST,2006,all,146.2
31043,NE,Dakota,30,NORTHEAST,2006,irrigated,203.0
31043,NE,Dakota,30,NORTHEAST,2006,non_irrigated,134.0
31043,NE,Dakota,30,NORTHEAST,2007,all,168.7
31043,NE,Dakota,30,NORTHEAST,2007,irrigated,206.0
31043,NE,Dakota,30,NORTHEAST,2007,non_irrigated,158.0
31043,NE,Dakota,30,NORTHEAST,2008,all,172.0
31043,NE,Dakota,30,NORTHEAST,2009,all,184.7
31043,NE,Dakota,30,NORTHEAST,2010,all,179.8
31043,NE,Dakota,30,NORTHEAST,2011,all,157.1
31043,NE,Dakota,30,NORTHEAST,2012,all,91.7
31043,NE,Dakota,30,NORTHEAST,2013,all,188.4
31043,NE,Dakota,30,NORTHEAST,2013,irrigated,228.8
31043,NE,Dakota,30,NORTHEAST,2013,non_irrigated,178.9
31043,NE,Dakota,30,NORTHEAST,2014,all,186.8
31043,NE,Dakota,30,NORTHEAST,2014,irrigated,188.0
31043,NE,Dakota,30,NORTHEAST,2014,non_irrigated,186.5
31043,NE,Dakota,30,NORTHEAST,2016,all,182.4
31043,NE,Dakota,30,NORTHEAST,2016,irrigated,199.4
31043,NE,Dakota,30,NORTHEAST,2016,non_irrigated,178.6
31043,NE,Dakota,30,NORTHEAST,2020,all,205.4
31043,NE,Dakota,30,NORTHEAST,2021,all,190.6
31043,NE,Dakota,30,NORTHEAST,2022,all,160.4
31043,NE,Dakota,30,NORTHEAST,2023,all,196.7
31045,NE,Dawes,10,NORTHWEST,2000,all,87.3
31045,NE,Dawes,10,NORTHWEST,2000,irrigated,140.0
31045,NE,Dawes,10,NORTHWEST,2000,non_irrigated,32.0
31045,NE,Dawes,10,NORTHWEST,2001,all,97.5
31045,NE,Dawes,10,NORTHWEST,2001,irrigated,154.0
31045,NE,Dawes,10,NORTHWEST,2001,non_irrigated,51.0
31045,NE,Dawes,10,NORTHWEST,2002,all,132.0
31045,NE,Dawes,10,NORTHWEST,2002,irrigated,132.0
31045,NE,Dawes,10,NORTHWEST,2002,non_irrigated,0.0
31045,NE,Dawes,10,NORTHWEST,2003,all,129.2
31045,NE,Dawes,10,NORTHWEST,2003,irrigated,149.0
31045,NE,Dawes,10,NORTHWEST,2003,non_irrigated,30.0
31045,NE,Dawes,10,NORTHWEST,2004,all,135.3
31045,NE,Dawes,10,NORTHWEST,2004,irrigated,140.0
31045,NE,Dawes,10,NORTHWEST,2004,non_irrigated,0.0
31045,NE,Dawes,10,NORTHWEST,2005,all,140.0
31045,NE,Dawes,10,NORTHWEST,2005,irrigated,164.0
31045,NE,Dawes,10,NORTHWEST,2005,non_irrigated,44.0
31045,NE,Dawes,10,NORTHWEST,2006,all,161.0
31045,NE,Dawes,10,NORTHWEST,2006,irrigated,161.0
31045,NE,Dawes,10,NORTHWEST,2007,all,171.0
31045,NE,Dawes,10,NORTHWEST,2007,irrigated,171.0
31045,NE,Dawes,10,NORTHWEST,2007,non_irrigated,0.0
31045,NE,Dawes,10,NORTHWEST,2010,all,121.6
31045,NE,Dawes,10,NORTHWEST,2011,all,95.4
31045,NE,Dawes,10,NORTHWEST,2012,all,134.9
31045,NE,Dawes,10,NORTHWEST,2013,all,74.9
31045,NE,Dawes,10,NORTHWEST,2013,irrigated,115.3
31045,NE,Dawes,10,NORTHWEST,2013,non_irrigated,26.0
31045,NE,Dawes,10,NORTHWEST,2014,all,108.2
31045,NE,Dawes,10,NORTHWEST,2014,irrigated,176.8
31045,NE,Dawes,10,NORTHWEST,2014,non_irrigated,62.3
31045,NE,Dawes,10,NORTHWEST,2015,all,173.5
31045,NE,Dawes,10,NORTHWEST,2017,all,109.8
31045,NE,Dawes,10,NORTHWEST,2020,all,92.1
31047,NE,Dawson,50,CENTRAL,2000,all,145.5
31047,NE,Dawson,50,CENTRAL,2000,irrigated,148.0
31047,NE,Dawson,50,CENTRAL,2000,non_irrigated,48.0
31047,NE,Dawson,50,CENTRAL,2001,all,176.0
31047,NE,Dawson,50,CENTRAL,2001,irrigated,179.0
31047,NE,Dawson,50,CENTRAL,2001,non_irrigated,98.0
31047,NE,Dawson,50,CENTRAL,2002,all,155.9
31047,NE,Dawson,50,CENTRAL,2002,irrigated,157.0
31047,NE,Dawson,50,CENTRAL,2002,non_irrigated,30.0
31047,NE,Dawson,50,CENTRAL,2003,all,180.3
31047,NE,Dawson,50,CENTRAL,2003,irrigated,183.0
31047,NE,Dawson,50,CENTRAL,2003,non_irrigated,62.0
31047,NE,Dawson,50,CENTRAL,2004,all,176.4
31047,NE,Dawson,50,CENTRAL,2004,irrigated,179.0
31047,NE,Dawson,50,CENTRAL,2004,non_irrigated,74.0
31047,NE,Dawson,50,CENTRAL,2005,all,174.7
31047,NE,Dawson,50,CENTRAL,2005,irrigated,180.0
31047,NE,Dawson,50,CENTRAL,2005,non_irrigated,61.0
31047,NE,Dawson,50,CENTRAL,2006,all,181.7
31047,NE,Dawson,50,CENTRAL,2006,irrigated,185.4
31047,NE,Dawson,50,CENTRAL,2006,non_irrigated,66.0
31047,NE,Dawson,50,CENTRAL,2007,all,182.7
31047,NE,Dawson,50,CENTRAL,2007,irrigated,185.0
31047,NE,Dawson,50,CENTRAL,2007,non_irrigated,117.0
31047,NE,Dawson,50,CENTRAL,2008,all,177.0
31047,NE,Dawson,50,CENTRAL,2008,irrigated,180.0
31047,NE,Dawson,50,CENTRAL,2008,non_irrigated,118.0
31047,NE,Dawson,50,CENTRAL,2009,all,198.2
31047,NE,Dawson,50,CENTRAL,2009,irrigated,201.7
31047,NE,Dawson,50,CENTRAL,2009,non_irrigated,126.7
31047,NE,Dawson,50,CENTRAL,2010,all,175.6
31047,NE,Dawson,50,CENTRAL,2010,irrigated,178.8
31047,NE,Dawson,50,CENTRAL,2010,non_irrigated,117.1
31047,NE,Dawson,50,CENTRAL,2011,all,180.9
31047,NE,Dawson,50,CENTRAL,2011,irrigated,184.0
31047,NE,Dawson,50,CENTRAL,2011,non_irrigated,123.0
31047,NE,Dawson,50,CENTRAL,2012,all,186.3
31047,NE,Dawson,50,CENTRAL,2012,irrigated,192.5
31047,NE,Dawson,50,CENTRAL,2012,non_irrigated,27.9
31047,NE,Dawson,50,CENTRAL,2013,all,194.3
31047,NE,Dawson,50,CENTRAL,2013,irrigated,202.3
31047,NE,Dawson,50,CENTRAL,2013,non_irrigated,50.4
31047,NE,Dawson,50,CENTRAL,2014,all,205.4
31047,NE,Dawson,50,CENTRAL,2015,all,212.0
31047,NE,Dawson,50,CENTRAL,2015,irrigated,217.1
31047,NE,Dawson,50,CENTRAL,2015,non_irrigated,126.4
31047,NE,Dawson,50,CENTRAL,2016,all,206.9
31047,NE,Dawson,50,CENTRAL,2018,all,233.5
31047,NE,Dawson,50,CENTRAL,2019,all,196.9
31047,NE,Dawson,50,CENTRAL,2020,all,198.0
31047,NE,Dawson,50,CENTRAL,2022,all,191.6
31047,NE,Dawson,50,CENTRAL,2023,all,234.5
31047,NE,Dawson,50,CENTRAL,2024,all,212.0
31049,NE,Deuel,10,NORTHWEST,2000,all,83.6
31049,NE,Deuel,10,NORTHWEST,2000,irrigated,145.0
31049,NE,Deuel,10,NORTHWEST,2000,non_irrigated,30.0
31049,NE,Deuel,10,NORTHWEST,2001,all,109.8
31049,NE,Deuel,10,NORTHWEST,2001,irrigated,167.0
31049,NE,Deuel,10,NORTHWEST,2001,non_irrigated,43.0
31049,NE,Deuel,10,NORTHWEST,2002,all,109.8
31049,NE,Deuel,10,NORTHWEST,2002,irrigated,142.0
31049,NE,Deuel,10,NORTHWEST,2002,non_irrigated,19.0
31049,NE,Deuel,10,NORTHWEST,2003,all,141.2
31049,NE,Deuel,10,NORTHWEST,2003,irrigated,155.0
31049,NE,Deuel,10,NORTHWEST,2003,non_irrigated,35.0
31049,NE,Deuel,10,NORTHWEST,2004,all,148.4
31049,NE,Deuel,10,NORTHWEST,2004,irrigated,163.0
31049,NE,Deuel,10,NORTHWEST,2004,non_irrigated,55.0
31049,NE,Deuel,10,NORTHWEST,2005,all,143.1
31049,NE,Deuel,10,NORTHWEST,2005,irrigated,164.0
31049,NE,Deuel,10,NORTHWEST,2005,non_irrigated,55.0
31049,NE,Deuel,10,NORTHWEST,2006,all,142.9
31049,NE,Deuel,10,NORTHWEST,2006,irrigated,165.0
31049,NE,Deuel,10,NORTHWEST,2006,non_irrigated,19.0
31049,NE,Deuel,10,NORTHWEST,2007,all,138.2
31049,NE,Deuel,10,NORTHWEST,2007,irrigated,174.0
31049,NE,Deuel,10,NORTHWEST,2007,non_irrigated,62.0
31049,NE,Deuel,10,NORTHWEST,2008,all,142.0
31049,NE,Deuel,10,NORTHWEST,2009,all,142.9
31049,NE,Deuel,10,NORTHWEST,2009,irrigated,179.0
31049,NE,Deuel,10,NORTHWEST,2009,non_irrigated,77.4
31049,NE,Deuel,10,NORTHWEST,2010,all,144.7
31049,NE,Deuel,10,NORTHWEST,2010,irrigated,185.0
31049,NE,Deuel,10,NORTHWEST,2010,non_irrigated,77.8
31049,NE,Deuel,10,NORTHWEST,2011,all,118.1
31049,NE,Deuel,10,NORTHWEST,2011,irrigated,170.1
31049,NE,Deuel,10,NORTHWEST,2011,non_irrigated,66.4
31049,NE,Deuel,10,NORTHWEST,2012,all,103.8
31049,NE,Deuel,10,NORTHWEST,2012,irrigated,160.1
31049,NE,Deuel,10,NORTHWEST,2012,non_irrigated,13.6
31049,NE,Deuel,10,NORTHWEST,2013,all,104.8
31049,NE,Deuel,10,NORTHWEST,2018,all,112.8
31049,NE,Deuel,10,NORTHWEST,2019,all,109.7
31049,NE,Deuel,10,NORTHWEST,2020,all,84.6
31049,NE,Deuel,10,NORTHWEST,2021,all,81.5
31049,NE,Deuel,10,NORTHWEST,2023,all,118.5
31049,NE,Deuel,10,NORTHWEST,2024,all,114.0
31051,NE,Dixon,30,NORTHEAST,2000,all,111.6
31051,NE,Dixon,30,NORTHEAST,2000,irrigated,145.0
31051,NE,Dixon,30,NORTHEAST,2000,non_irrigated,107.0
31051,NE,Dixon,30,NORTHEAST,2001,all,124.4
31051,NE,Dixon,30,NORTHEAST,2001,irrigated,149.0
31051,NE,Dixon,30,NORTHEAST,2001,non_irrigated,121.0
31051,NE,Dixon,30,NORTHEAST,2002,all,114.7
31051,NE,Dixon,30,NORTHEAST,2002,irrigated,143.0
31051,NE,Dixon,30,NORTHEAST,2002,non_irrigated,110.0
31051,NE,Dixon,30,NORTHEAST,2003,all,116.7
31051,NE,Dixon,30,NORTHEAST,2003,irrigated,142.0
31051,NE,Dixon,30,NORTHEAST,2003,non_irrigated,113.0
31051,NE,Dixon,30,NORTHEAST,2004,all,162.5
31051,NE,Dixon,30,NORTHEAST,2004,irrigated,189.0
31051,NE,Dixon,30,NORTHEAST,2004,non_irrigated,158.0
31051,NE,Dixon,30,NORTHEAST,2005,all,149.7
31051,NE,Dixon,30,NORTHEAST,2005,irrigated,183.0
31051,NE,Dixon,30,NORTHEAST,2005,non_irrigated,144.0
31051,NE,Dixon,30,NORTHEAST,2006,all,128.9
31051,NE,Dixon,30,NORTHEAST,2006,irrigated,188.0
31051,NE,Dixon,30,NORTHEAST,2006,non_irrigated,116.0
31051,NE,Dixon,30,NORTHEAST,2007,all,142.0
31051,NE,Dixon,30,NORTHEAST,2007,irrigated,188.0
31051,NE,Dixon,30,NORTHEAST,2007,non_irrigated,131.0
31051,NE,Dixon,30,NORTHEAST,2008,all,162.0
31051,NE,Dixon,30,NORTHEAST,2009,all,173.6
31051,NE,Dixon,30,NORTHEAST,2010,all,183.4
31051,NE,Dixon,30,NORTHEAST,2010,irrigated,200.6
31051,NE,Dixon,30,NORTHEAST,2010,non_irrigated,179.9
31051,NE,Dixon,30,NORTHEAST,2011,all,136.6
31051,NE,Dixon,30,NORTHEAST,2012,all,77.4
31051,NE,Dixon,30,NORTHEAST,2013,all,176.7
31051,NE,Dixon,30,NORTHEAST,2014,all,181.0
31051,NE,Dixon,30,NORTHEAST,2015,all,189.9
31051,NE,Dixon,30,NORTHEAST,2016,all,182.3
31051,NE,Dixon,30,NORTHEAST,2017,all,169.8
31051,NE,Dixon,30,NORTHEAST,2018,all,206.5
31051,NE,Dixon,30,NORTHEAST,2020,all,179.8
31051,NE,Dixon,30,NORTHEAST,2023,all,178.8
31051,NE,Dixon,30,NORTHEAST,2025,all,205.5
31053,NE,Dodge,60,EAST,2000,all,138.2
31053,NE,Dodge,60,EAST,2000,irrigated,150.0
31053,NE,Dodge,60,EAST,2000,non_irrigated,129.0
31053,NE,Dodge,60,EAST,2001,all,135.8
31053,NE,Dodge,60,EAST,2001,irrigated,148.0
31053,NE,Dodge,60,EAST,2001,non_irrigated,126.0
31053,NE,Dodge,60,EAST,2002,all,119.8
31053,NE,Dodge,60,EAST,2002,irrigated,160.0
31053,NE,Dodge,60,EAST,2002,non_irrigated,89.0
31053,NE,Dodge,60,EAST,2003,all,119.1
31053,NE,Dodge,60,EAST,2003,irrigated,163.0
31053,NE,Dodge,60,EAST,2003,non_irrigated,84.0
31053,NE,Dodge,60,EAST,2004,all,181.5
31053,NE,Dodge,60,EAST,2004,irrigated,201.0
31053,NE,Dodge,60,EAST,2004,non_irrigated,166.0
31053,NE,Dodge,60,EAST,2005,all,151.7
31053,NE,Dodge,60,EAST,2005,irrigated,179.0
31053,NE,Dodge,60,EAST,2005,non_irrigated,130.0
31053,NE,Dodge,60,EAST,2006,all,151.5
31053,NE,Dodge,60,EAST,2006,irrigated,180.0
31053,NE,Dodge,60,EAST,2006,non_irrigated,130.0
31053,NE,Dodge,60,EAST,2007,all,159.7
31053,NE,Dodge,60,EAST,2007,irrigated,180.0
31053,NE,Dodge,60,EAST,2007,non_irrigated,142.0
31053,NE,Dodge,60,EAST,2008,all,156.0
31053,NE,Dodge,60,EAST,2008,irrigated,176.0
31053,NE,Dodge,60,EAST,2008,non_irrigated,139.0
31053,NE,Dodge,60,EAST,2009,all,198.1
31053,NE,Dodge,60,EAST,2009,irrigated,208.2
31053,NE,Dodge,60,EAST,2009,non_irrigated,189.1
31053,NE,Dodge,60,EAST,2010,all,156.4
31053,NE,Dodge,60,EAST,2010,irrigated,161.5
31053,NE,Dodge,60,EAST,2010,non_irrigated,151.9
31053,NE,Dodge,60,EAST,2011,all,173.3
31053,NE,Dodge,60,EAST,2011,irrigated,185.1
31053,NE,Dodge,60,EAST,2011,non_irrigated,162.9
31053,NE,Dodge,60,EAST,2012,all,142.9
31053,NE,Dodge,60,EAST,2012,irrigated,196.0
31053,NE,Dodge,60,EAST,2012,non_irrigated,91.6
31053,NE,Dodge,60,EAST,2013,all,191.8
31053,NE,Dodge,60,EAST,2013,irrigated,210.1
31053,NE,Dodge,60,EAST,2013,non_irrigated,173.6
31053,NE,Dodge,60,EAST,2014,all,177.5
31053,NE,Dodge,60,EAST,2014,irrigated,194.3
31053,NE,Dodge,60,EAST,2014,non_irrigated,161.3
31053,NE,Dodge,60,EAST,2015,all,194.8
31053,NE,Dodge,60,EAST,2016,all,174.8
31053,NE,Dodge,60,EAST,2016,irrigated,182.2
31053,NE,Dodge,60,EAST,2016,non_irrigated,167.8
31053,NE,Dodge,60,EAST,2017,all,199.3
31053,NE,Dodge,60,EAST,2018,all,197.3
31053,NE,Dodge,60,EAST,2018,irrigated,202.0
31053,NE,Dodge,60,EAST,2018,non_irrigated,192.9
31053,NE,Dodge,60,EAST,2019,all,198.2
31053,NE,Dodge,60,EAST,2020,all,181.6
31053,NE,Dodge,60,EAST,2021,all,220.8
31053,NE,Dodge,60,EAST,2022,all,160.2
31053,NE,Dodge,60,EAST,2023,all,198.2
31055,NE,Douglas,60,EAST,2000,all,134.3
31055,NE,Douglas,60,EAST,2000,irrigated,148.0
31055,NE,Douglas,60,EAST,2000,non_irrigated,131.0
31055,NE,Douglas,60,EAST,2001,all,132.8
31055,NE,Douglas,60,EAST,2001,irrigated,156.0
31055,NE,Douglas,60,EAST,2001,non_irrigated,127.0
31055,NE,Douglas,60,EAST,2002,all,107.0
31055,NE,Douglas,60,EAST,2002,irrigated,158.0
31055,NE,Douglas,60,EAST,2002,non_irrigated,94.0
31055,NE,Douglas,60,EAST,2003,all,121.3
31055,NE,Douglas,60,EAST,2003,irrigated,154.0
31055,NE,Douglas,60,EAST,2003,non_irrigated,111.0
31055,NE,Douglas,60,EAST,2004,all,171.9
31055,NE,Douglas,60,EAST,2004,irrigated,187.0
31055,NE,Douglas,60,EAST,2004,non_irrigated,168.0
31055,NE,Douglas,60,EAST,2005,all,147.9
31055,NE,Douglas,60,EAST,2005,irrigated,170.0
31055,NE,Douglas,60,EAST,2005,non_irrigated,140.0
31055,NE,Douglas,60,EAST,2006,all,133.9
31055,NE,Douglas,60,EAST,2006,irrigated,164.0
31055,NE,Douglas,60,EAST,2006,non_irrigated,125.0
31055,NE,Douglas,60,EAST,2007,all,152.2
31055,NE,Douglas,60,EAST,2007,irrigated,184.0
31055,NE,Douglas,60,EAST,2007,non_irrigated,141.0
31055,NE,Douglas,60,EAST,2008,all,133.0
31055,NE,Douglas,60,EAST,2009,all,194.0
31055,NE,Douglas,60,EAST,2009,irrigated,209.2
31055,NE,Douglas,60,EAST,2009,non_irrigated,189.0
31055,NE,Douglas,60,EAST,2010,all,140.3
31055,NE,Douglas,60,EAST,2010,irrigated,144.0
31055,NE,Douglas,60,EAST,2010,non_irrigated,139.1
31055,NE,Douglas,60,EAST,2011,all,161.0
31055,NE,Douglas,60,EAST,2011,irrigated,188.1
31055,NE,Douglas,60,EAST,2011,non_irrigated,152.9
31055,NE,Douglas,60,EAST,2012,all,122.4
31055,NE,Douglas,60,EAST,2012,irrigated,186.3
31055,NE,Douglas,60,EAST,2012,non_irrigated,100.4
31055,NE,Douglas,60,EAST,2013,all,177.4
31055,NE,Douglas,60,EAST,2013,irrigated,215.7
31055,NE,Douglas,60,EAST,2013,non_irrigated,161.3
31055,NE,Douglas,60,EAST,2014,all,182.9
31055,NE,Douglas,60,EAST,2014,irrigated,202.3
31055,NE,Douglas,60,EAST,2014,non_irrigated,175.5
31055,NE,Douglas,60,EAST,2016,all,183.9
31055,NE,Douglas,60,EAST,2016,irrigated,182.9
31055,NE,Douglas,60,EAST,2016,non_irrigated,184.4
31055,NE,Douglas,60,EAST,2017,all,188.9
31055,NE,Douglas,60,EAST,2017,irrigated,199.9
31055,NE,Douglas,60,EAST,2017,non_irrigated,183.8
31055,NE,Douglas,60,EAST,2019,all,187.6
31055,NE,Douglas,60,EAST,2020,all,185.6
31055,NE,Douglas,60,EAST,2021,all,194.5
31055,NE,Douglas,60,EAST,2022,all,168.3
31055,NE,Douglas,60,EAST,2023,all,165.6
31055,NE,Douglas,60,EAST,2024,all,192.4
31055,NE,Douglas,60,EAST,2025,all,179.0
31057,NE,Dundy,70,SOUTHWEST,2000,all,150.9
31057,NE,Dundy,70,SOUTHWEST,2000,irrigated,187.0
31057,NE,Dundy,70,SOUTHWEST,2000,non_irrigated,23.0
31057,NE,Dundy,70,SOUTHWEST,2001,all,157.1
31057,NE,Dundy,70,SOUTHWEST,2001,irrigated,190.0
31057,NE,Dundy,70,SOUTHWEST,2001,non_irrigated,39.0
31057,NE,Dundy,70,SOUTHWEST,2002,all,172.9
31057,NE,Dundy,70,SOUTHWEST,2002,irrigated,174.0
31057,NE,Dundy,70,SOUTHWEST,2002,non_irrigated,7.0
31057,NE,Dundy,70,SOUTHWEST,2003,all,175.0
31057,NE,Dundy,70,SOUTHWEST,2003,irrigated,194.0
31057,NE,Dundy,70,SOUTHWEST,2003,non_irrigated,10.0
31057,NE,Dundy,70,SOUTHWEST,2004,all,163.1
31057,NE,Dundy,70,SOUTHWEST,2004,irrigated,187.0
31057,NE,Dundy,70,SOUTHWEST,2004,non_irrigated,49.0
31057,NE,Dundy,70,SOUTHWEST,2005,all,158.4
31057,NE,Dundy,70,SOUTHWEST,2005,irrigated,187.0
31057,NE,Dundy,70,SOUTHWEST,2005,non_irrigated,43.0
31057,NE,Dundy,70,SOUTHWEST,2006,all,170.5
31057,NE,Dundy,70,SOUTHWEST,2006,irrigated,200.0
31057,NE,Dundy,70,SOUTHWEST,2006,non_irrigated,47.0
31057,NE,Dundy,70,SOUTHWEST,2007,all,162.4
31057,NE,Dundy,70,SOUTHWEST,2007,irrigated,187.0
31057,NE,Dundy,70,SOUTHWEST,2007,non_irrigated,87.0
31057,NE,Dundy,70,SOUTHWEST,2008,all,153.0
31057,NE,Dundy,70,SOUTHWEST,2008,irrigated,190.0
31057,NE,Dundy,70,SOUTHWEST,2008,non_irrigated,62.0
31057,NE,Dundy,70,SOUTHWEST,2009,all,141.4
31057,NE,Dundy,70,SOUTHWEST,2009,irrigated,158.9
31057,NE,Dundy,70,SOUTHWEST,2009,non_irrigated,81.5
31057,NE,Dundy,70,SOUTHWEST,2010,all,167.3
31057,NE,Dundy,70,SOUTHWEST,2010,irrigated,194.7
31057,NE,Dundy,70,SOUTHWEST,2010,non_irrigated,87.1
31057,NE,Dundy,70,SOUTHWEST,2011,all,121.3
31057,NE,Dundy,70,SOUTHWEST,2011,irrigated,144.5
31057,NE,Dundy,70,SOUTHWEST,2011,non_irrigated,69.7
31057,NE,Dundy,70,SOUTHWEST,2012,all,137.1
31057,NE,Dundy,70,SOUTHWEST,2012,irrigated,161.4
31057,NE,Dundy,70,SOUTHWEST,2012,non_irrigated,20.6
31057,NE,Dundy,70,SOUTHWEST,2013,all,135.0
31057,NE,Dundy,70,SOUTHWEST,2013,irrigated,177.8
31057,NE,Dundy,70,SOUTHWEST,2013,non_irrigated,32.9
31057,NE,Dundy,70,SOUTHWEST,2014,all,160.7
31057,NE,Dundy,70,SOUTHWEST,2014,irrigated,201.7
31057,NE,Dundy,70,SOUTHWEST,2014,non_irrigated,69.5
31057,NE,Dundy,70,SOUTHWEST,2015,all,153.8
31057,NE,Dundy,70,SOUTHWEST,2015,irrigated,187.6
31057,NE,Dundy,70,SOUTHWEST,2015,non_irrigated,81.6
31057,NE,Dundy,70,SOUTHWEST,2016,all,147.1
31057,NE,Dundy,70,SOUTHWEST,2016,irrigated,182.8
31057,NE,Dundy,70,SOUTHWEST,2016,non_irrigated,82.9
31057,NE,Dundy,70,SOUTHWEST,2017,all,153.5
31057,NE,Dundy,70,SOUTHWEST,2017,irrigated,202.6
31057,NE,Dundy,70,SOUTHWEST,2017,non_irrigated,73.2
31057,NE,Dundy,70,SOUTHWEST,2018,all,183.8
31057,NE,Dundy,70,SOUTHWEST,2018,irrigated,226.3
31057,NE,Dundy,70,SOUTHWEST,2018,non_irrigated,97.3
31057,NE,Dundy,70,SOUTHWEST,2020,all,125.2
31057,NE,Dundy,70,SOUTHWEST,2021,all,144.1
31057,NE,Dundy,70,SOUTHWEST,2022,all,169.5
31057,NE,Dundy,70,SOUTHWEST,2023,all,155.3
31057,NE,Dundy,70,SOUTHWEST,2024,all,171.5
31057,NE,Dundy,70,SOUTHWEST,2025,all,160.6
31059,NE,Fillmore,90,SOUTHEAST,2000,all,140.0
31059,NE,Fillmore,90,SOUTHEAST,2000,irrigated,160.0
31059,NE,Fillmore,90,SOUTHEAST,2000,non_irrigated,80.0
31059,NE,Fillmore,90,SOUTHEAST,2001,all,157.6
31059,NE,Fillmore,90,SOUTHEAST,2001,irrigated,179.0
31059,NE,Fillmore,90,SOUTHEAST,2001,non_irrigated,97.0
31059,NE,Fillmore,90,SOUTHEAST,2002,all,135.6
31059,NE,Fillmore,90,SOUTHEAST,2002,irrigated,172.0
31059,NE,Fillmore,90,SOUTHEAST,2002,non_irrigated,33.0
31059,NE,Fillmore,90,SOUTHEAST,2003,all,160.0
31059,NE,Fillmore,90,SOUTHEAST,2003,irrigated,196.0
31059,NE,Fillmore,90,SOUTHEAST,2003,non_irrigated,45.0
31059,NE,Fillmore,90,SOUTHEAST,2004,all,173.9
31059,NE,Fillmore,90,SOUTHEAST,2004,irrigated,188.0
31059,NE,Fillmore,90,SOUTHEAST,2004,non_irrigated,123.0
31059,NE,Fillmore,90,SOUTHEAST,2005,all,162.5
31059,NE,Fillmore,90,SOUTHEAST,2005,irrigated,188.0
31059,NE,Fillmore,90,SOUTHEAST,2005,non_irrigated,84.0
31059,NE,Fillmore,90,SOUTHEAST,2006,all,162.2
31059,NE,Fillmore,90,SOUTHEAST,2006,irrigated,187.0
31059,NE,Fillmore,90,SOUTHEAST,2006,non_irrigated,73.0
31059,NE,Fillmore,90,SOUTHEAST,2007,all,176.7
31059,NE,Fillmore,90,SOUTHEAST,2007,irrigated,190.0
31059,NE,Fillmore,90,SOUTHEAST,2007,non_irrigated,128.0
31059,NE,Fillmore,90,SOUTHEAST,2008,all,180.0
31059,NE,Fillmore,90,SOUTHEAST,2008,irrigated,191.0
31059,NE,Fillmore,90,SOUTHEAST,2008,non_irrigated,145.0
31059,NE,Fillmore,90,SOUTHEAST,2009,all,188.9
31059,NE,Fillmore,90,SOUTHEAST,2009,irrigated,211.2
31059,NE,Fillmore,90,SOUTHEAST,2009,non_irrigated,117.6
31059,NE,Fillmore,90,SOUTHEAST,2010,all,179.4
31059,NE,Fillmore,90,SOUTHEAST,2010,irrigated,197.6
31059,NE,Fillmore,90,SOUTHEAST,2010,non_irrigated,123.5
31059,NE,Fillmore,90,SOUTHEAST,2011,all,183.7
31059,NE,Fillmore,90,SOUTHEAST,2011,irrigated,198.7
31059,NE,Fillmore,90,SOUTHEAST,2011,non_irrigated,136.6
31059,NE,Fillmore,90,SOUTHEAST,2012,all,174.7
31059,NE,Fillmore,90,SOUTHEAST,2012,irrigated,209.9
31059,NE,Fillmore,90,SOUTHEAST,2012,non_irrigated,51.5
31059,NE,Fillmore,90,SOUTHEAST,2013,all,187.3
31059,NE,Fillmore,90,SOUTHEAST,2013,irrigated,210.5
31059,NE,Fillmore,90,SOUTHEAST,2013,non_irrigated,106.2
31059,NE,Fillmore,90,SOUTHEAST,2014,all,198.7
31059,NE,Fillmore,90,SOUTHEAST,2014,irrigated,208.5
31059,NE,Fillmore,90,SOUTHEAST,2014,non_irrigated,161.9
31059,NE,Fillmore,90,SOUTHEAST,2015,all,199.4
31059,NE,Fillmore,90,SOUTHEAST,2015,irrigated,212.6
31059,NE,Fillmore,90,SOUTHEAST,2015,non_irrigated,149.5
31059,NE,Fillmore,90,SOUTHEAST,2016,all,193.6
31059,NE,Fillmore,90,SOUTHEAST,2016,irrigated,208.2
31059,NE,Fillmore,90,SOUTHEAST,2016,non_irrigated,138.9
31059,NE,Fillmore,90,SOUTHEAST,2017,all,197.8
31059,NE,Fillmore,90,SOUTHEAST,2017,irrigated,215.6
31059,NE,Fillmore,90,SOUTHEAST,2017,non_irrigated,130.5
31059,NE,Fillmore,90,SOUTHEAST,2018,all,201.3
31059,NE,Fillmore,90,SOUTHEAST,2019,all,206.5
31059,NE,Fillmore,90,SOUTHEAST,2020,all,195.0
31059,NE,Fillmore,90,SOUTHEAST,2022,all,192.0
31059,NE,Fillmore,90,SOUTHEAST,2023,all,186.6
31059,NE,Fillmore,90,SOUTHEAST,2024,all,211.4
31061,NE,Franklin,80,SOUTH,2000,all,139.8
31061,NE,Franklin,80,SOUTH,2000,irrigated,159.0
31061,NE,Franklin,80,SOUTH,2000,non_irrigated,82.0
31061,NE,Franklin,80,SOUTH,2001,all,167.6
31061,NE,Franklin,80,SOUTH,2001,irrigated,192.0
31061,NE,Franklin,80,SOUTH,2001,non_irrigated,95.0
31061,NE,Franklin,80,SOUTH,2002,all,153.2
31061,NE,Franklin,80,SOUTH,2002,irrigated,168.0
31061,NE,Franklin,80,SOUTH,2002,non_irrigated,25.0
31061,NE,Franklin,80,SOUTH,2003,all,171.5
31061,NE,Franklin,80,SOUTH,2003,irrigated,196.0
31061,NE,Franklin,80,SOUTH,2003,non_irrigated,49.0
31061,NE,Franklin,80,SOUTH,2004,all,167.9
31061,NE,Franklin,80,SOUTH,2004,irrigated,190.0
31061,NE,Franklin,80,SOUTH,2004,non_irrigated,93.0
31061,NE,Franklin,80,SOUTH,2005,all,161.5
31061,NE,Franklin,80,SOUTH,2005,irrigated,186.0
31061,NE,Franklin,80,SOUTH,2005,non_irrigated,94.0
31061,NE,Franklin,80,SOUTH,2006,all,160.3
31061,NE,Franklin,80,SOUTH,2006,irrigated,183.0
31061,NE,Franklin,80,SOUTH,2006,non_irrigated,86.0
31061,NE,Franklin,80,SOUTH,2007,all,169.1
31061,NE,Franklin,80,SOUTH,2007,irrigated,186.0
31061,NE,Franklin,80,SOUTH,2007,non_irrigated,119.0
31061,NE,Franklin,80,SOUTH,2008,all,173.0
31061,NE,Franklin,80,SOUTH,2008,irrigated,194.0
31061,NE,Franklin,80,SOUTH,2008,non_irrigated,122.0
31061,NE,Franklin,80,SOUTH,2009,all,192.4
31061,NE,Franklin,80,SOUTH,2009,irrigated,211.2
31061,NE,Franklin,80,SOUTH,2009,non_irrigated,142.8
31061,NE,Franklin,80,SOUTH,2010,all,183.1
31061,NE,Franklin,80,SOUTH,2010,irrigated,199.6
31061,NE,Franklin,80,SOUTH,2010,non_irrigated,141.0
31061,NE,Franklin,80,SOUTH,2011,all,175.2
31061,NE,Franklin,80,SOUTH,2011,irrigated,189.8
31061,NE,Franklin,80,SOUTH,2011,non_irrigated,140.7
31061,NE,Franklin,80,SOUTH,2012,all,171.1
31061,NE,Franklin,80,SOUTH,2012,irrigated,201.9
31061,NE,Franklin,80,SOUTH,2012,non_irrigated,78.8
31061,NE,Franklin,80,SOUTH,2013,all,153.9
31061,NE,Franklin,80,SOUTH,2013,irrigated,185.2
31061,NE,Franklin,80,SOUTH,2013,non_irrigated,61.6
31061,NE,Franklin,80,SOUTH,2014,all,169.7
31061,NE,Franklin,80,SOUTH,2014,irrigated,211.5
31061,NE,Franklin,80,SOUTH,2014,non_irrigated,83.2
31061,NE,Franklin,80,SOUTH,2015,all,186.0
31061,NE,Franklin,80,SOUTH,2015,irrigated,220.7
31061,NE,Franklin,80,SOUTH,2015,non_irrigated,109.3
31061,NE,Franklin,80,SOUTH,2016,all,181.9
31061,NE,Franklin,80,SOUTH,2016,irrigated,206.6
31061,NE,Franklin,80,SOUTH,2016,non_irrigated,128.2
31061,NE,Franklin,80,SOUTH,2017,all,179.0
31061,NE,Franklin,80,SOUTH,2018,all,195.0
31061,NE,Franklin,80,SOUTH,2018,irrigated,232.5
31061,NE,Franklin,80,SOUTH,2018,non_irrigated,129.1
31061,NE,Franklin,80,SOUTH,2019,all,183.9
31061,NE,Franklin,80,SOUTH,2020,all,171.6
31061,NE,Franklin,80,SOUTH,2021,all,208.9
31061,NE,Franklin,80,SOUTH,2022,all,153.3
31061,NE,Franklin,80,SOUTH,2023,all,196.8
31061,NE,Franklin,80,SOUTH,2024,all,185.7
31061,NE,Franklin,80,SOUTH,2025,all,205.6
31063,NE,Frontier,70,SOUTHWEST,2000,all,99.0
31063,NE,Frontier,70,SOUTHWEST,2000,irrigated,136.0
31063,NE,Frontier,70,SOUTHWEST,2000,non_irrigated,50.0
31063,NE,Frontier,70,SOUTHWEST,2001,all,140.1
31063,NE,Frontier,70,SOUTHWEST,2001,irrigated,174.0
31063,NE,Frontier,70,SOUTHWEST,2001,non_irrigated,101.0
31063,NE,Frontier,70,SOUTHWEST,2002,all,124.8
31063,NE,Frontier,70,SOUTHWEST,2002,irrigated,132.0
31063,NE,Frontier,70,SOUTHWEST,2002,non_irrigated,17.0
31063,NE,Frontier,70,SOUTHWEST,2003,all,121.9
31063,NE,Frontier,70,SOUTHWEST,2003,irrigated,174.0
31063,NE,Frontier,70,SOUTHWEST,2003,non_irrigated,45.0
31063,NE,Frontier,70,SOUTHWEST,2004,all,132.8
31063,NE,Frontier,70,SOUTHWEST,2004,irrigated,174.0
31063,NE,Frontier,70,SOUTHWEST,2004,non_irrigated,73.0
31063,NE,Frontier,70,SOUTHWEST,2005,all,117.4
31063,NE,Frontier,70,SOUTHWEST,2005,irrigated,166.0
31063,NE,Frontier,70,SOUTHWEST,2005,non_irrigated,66.0
31063,NE,Frontier,70,SOUTHWEST,2006,all,123.9
31063,NE,Frontier,70,SOUTHWEST,2006,irrigated,180.0
31063,NE,Frontier,70,SOUTHWEST,2006,non_irrigated,65.0
31063,NE,Frontier,70,SOUTHWEST,2007,all,138.5
31063,NE,Frontier,70,SOUTHWEST,2007,irrigated,177.0
31063,NE,Frontier,70,SOUTHWEST,2007,non_irrigated,102.0
31063,NE,Frontier,70,SOUTHWEST,2008,all,136.0
31063,NE,Frontier,70,SOUTHWEST,2008,irrigated,172.0
31063,NE,Frontier,70,SOUTHWEST,2008,non_irrigated,104.0
31063,NE,Frontier,70,SOUTHWEST,2009,all,158.0
31063,NE,Frontier,70,SOUTHWEST,2009,irrigated,198.1
31063,NE,Frontier,70,SOUTHWEST,2009,non_irrigated,124.7
31063,NE,Frontier,70,SOUTHWEST,2010,all,146.8
31063,NE,Frontier,70,SOUTHWEST,2010,irrigated,192.6
31063,NE,Frontier,70,SOUTHWEST,2010,non_irrigated,114.9
31063,NE,Frontier,70,SOUTHWEST,2011,all,129.0
31063,NE,Frontier,70,SOUTHWEST,2011,irrigated,177.5
31063,NE,Frontier,70,SOUTHWEST,2011,non_irrigated,97.0
31063,NE,Frontier,70,SOUTHWEST,2012,all,116.8
31063,NE,Frontier,70,SOUTHWEST,2012,irrigated,173.7
31063,NE,Frontier,70,SOUTHWEST,2012,non_irrigated,26.6
31063,NE,Frontier,70,SOUTHWEST,2013,all,98.3
31063,NE,Frontier,70,SOUTHWEST,2013,irrigated,179.7
31063,NE,Frontier,70,SOUTHWEST,2013,non_irrigated,38.0
31063,NE,Frontier,70,SOUTHWEST,2014,all,131.5
31063,NE,Frontier,70,SOUTHWEST,2014,irrigated,206.6
31063,NE,Frontier,70,SOUTHWEST,2014,non_irrigated,62.0
31063,NE,Frontier,70,SOUTHWEST,2015,all,151.9
31063,NE,Frontier,70,SOUTHWEST,2015,irrigated,195.1
31063,NE,Frontier,70,SOUTHWEST,2015,non_irrigated,119.7
31063,NE,Frontier,70,SOUTHWEST,2016,all,151.4
31063,NE,Frontier,70,SOUTHWEST,2016,irrigated,201.3
31063,NE,Frontier,70,SOUTHWEST,2016,non_irrigated,118.0
31063,NE,Frontier,70,SOUTHWEST,2017,all,124.8
31063,NE,Frontier,70,SOUTHWEST,2017,irrigated,186.7
31063,NE,Frontier,70,SOUTHWEST,2017,non_irrigated,89.4
31063,NE,Frontier,70,SOUTHWEST,2019,all,148.7
31063,NE,Frontier,70,SOUTHWEST,2020,all,144.0
31063,NE,Frontier,70,SOUTHWEST,2021,all,131.3
31063,NE,Frontier,70,SOUTHWEST,2022,all,124.4
31063,NE,Frontier,70,SOUTHWEST,2024,all,162.4
31065,NE,Furnas,80,SOUTH,2000,all,93.6
31065,NE,Furnas,80,SOUTH,2000,irrigated,135.0
31065,NE,Furnas,80,SOUTH,2000,non_irrigated,61.0
31065,NE,Furnas,80,SOUTH,2001,all,120.6
31065,NE,Furnas,80,SOUTH,2001,irrigated,175.0
31065,NE,Furnas,80,SOUTH,2001,non_irrigated,81.0
31065,NE,Furnas,80,SOUTH,2002,all,116.0
31065,NE,Furnas,80,SOUTH,2002,irrigated,143.0
31065,NE,Furnas,80,SOUTH,2002,non_irrigated,20.0
31065,NE,Furnas,80,SOUTH,2003,all,104.3
31065,NE,Furnas,80,SOUTH,2003,irrigated,185.0
31065,NE,Furnas,80,SOUTH,2003,non_irrigated,36.0
31065,NE,Furnas,80,SOUTH,2004,all,119.7
31065,NE,Furnas,80,SOUTH,2004,irrigated,184.0
31065,NE,Furnas,80,SOUTH,2004,non_irrigated,66.0
31065,NE,Furnas,80,SOUTH,2005,all,107.9
31065,NE,Furnas,80,SOUTH,2005,irrigated,176.0
31065,NE,Furnas,80,SOUTH,2005,non_irrigated,62.0
31065,NE,Furnas,80,SOUTH,2006,all,96.6
31065,NE,Furnas,80,SOUTH,2006,irrigated,167.0
31065,NE,Furnas,80,SOUTH,2006,non_irrigated,49.0
31065,NE,Furnas,80,SOUTH,2007,all,135.3
31065,NE,Furnas,80,SOUTH,2007,irrigated,187.0
31065,NE,Furnas,80,SOUTH,2007,non_irrigated,106.0
31065,NE,Furnas,80,SOUTH,2008,all,131.0
31065,NE,Furnas,80,SOUTH,2008,irrigated,187.0
31065,NE,Furnas,80,SOUTH,2008,non_irrigated,105.0
31065,NE,Furnas,80,SOUTH,2009,all,163.1
31065,NE,Furnas,80,SOUTH,2009,irrigated,219.2
31065,NE,Furnas,80,SOUTH,2009,non_irrigated,131.0
31065,NE,Furnas,80,SOUTH,2010,all,135.8
31065,NE,Furnas,80,SOUTH,2010,irrigated,197.2
31065,NE,Furnas,80,SOUTH,2010,non_irrigated,107.0
31065,NE,Furnas,80,SOUTH,2011,all,127.8
31065,NE,Furnas,80,SOUTH,2011,irrigated,190.8
31065,NE,Furnas,80,SOUTH,2011,non_irrigated,100.8
31065,NE,Furnas,80,SOUTH,2012,all,81.2
31065,NE,Furnas,80,SOUTH,2012,irrigated,177.1
31065,NE,Furnas,80,SOUTH,2012,non_irrigated,31.2
31065,NE,Furnas,80,SOUTH,2013,all,69.4
31065,NE,Furnas,80,SOUTH,2013,irrigated,153.1
31065,NE,Furnas,80,SOUTH,2013,non_irrigated,29.8
31065,NE,Furnas,80,SOUTH,2014,all,122.4
31065,NE,Furnas,80,SOUTH,2014,irrigated,188.3
31065,NE,Furnas,80,SOUTH,2014,non_irrigated,94.5
31065,NE,Furnas,80,SOUTH,2015,all,153.8
31065,NE,Furnas,80,SOUTH,2016,all,144.9
31065,NE,Furnas,80,SOUTH,2016,irrigated,190.7
31065,NE,Furnas,80,SOUTH,2016,non_irrigated,125.5
31065,NE,Furnas,80,SOUTH,2017,all,145.4
31065,NE,Furnas,80,SOUTH,2017,irrigated,209.4
31065,NE,Furnas,80,SOUTH,2017,non_irrigated,123.3
31065,NE,Furnas,80,SOUTH,2018,all,151.8
31065,NE,Furnas,80,SOUTH,2018,irrigated,205.8
31065,NE,Furnas,80,SOUTH,2018,non_irrigated,132.6
31065,NE,Furnas,80,SOUTH,2019,all,133.8
31065,NE,Furnas,80,SOUTH,2020,all,136.3
31065,NE,Furnas,80,SOUTH,2021,all,161.4
31065,NE,Furnas,80,SOUTH,2022,all,89.1
31065,NE,Furnas,80,SOUTH,2023,all,116.8
31065,NE,Furnas,80,SOUTH,2024,all,162.9
31065,NE,Furnas,80,SOUTH,2025,all,155.1
31067,NE,Gage,90,SOUTHEAST,2000,all,97.6
31067,NE,Gage,90,SOUTHEAST,2000,irrigated,141.0
31067,NE,Gage,90,SOUTHEAST,2000,non_irrigated,79.0
31067,NE,Gage,90,SOUTHEAST,2001,all,134.2
31067,NE,Gage,90,SOUTHEAST,2001,irrigated,160.0
31067,NE,Gage,90,SOUTHEAST,2001,non_irrigated,124.0
31067,NE,Gage,90,SOUTHEAST,2002,all,74.8
31067,NE,Gage,90,SOUTHEAST,2002,irrigated,157.0
31067,NE,Gage,90,SOUTHEAST,2002,non_irrigated,49.0
31067,NE,Gage,90,SOUTHEAST,2003,all,89.2
31067,NE,Gage,90,SOUTHEAST,2003,irrigated,167.0
31067,NE,Gage,90,SOUTHEAST,2003,non_irrigated,63.0
31067,NE,Gage,90,SOUTHEAST,2004,all,144.4
31067,NE,Gage,90,SOUTHEAST,2004,irrigated,180.0
31067,NE,Gage,90,SOUTHEAST,2004,non_irrigated,133.0
31067,NE,Gage,90,SOUTHEAST,2005,all,128.9
31067,NE,Gage,90,SOUTHEAST,2005,irrigated,181.0
31067,NE,Gage,90,SOUTHEAST,2005,non_irrigated,113.0
31067,NE,Gage,90,SOUTHEAST,2006,all,137.8
31067,NE,Gage,90,SOUTHEAST,2006,irrigated,187.0
31067,NE,Gage,90,SOUTHEAST,2006,non_irrigated,122.0
31067,NE,Gage,90,SOUTHEAST,2007,all,118.5
31067,NE,Gage,90,SOUTHEAST,2007,irrigated,167.0
31067,NE,Gage,90,SOUTHEAST,2007,non_irrigated,103.0
31067,NE,Gage,90,SOUTHEAST,2008,all,141.0
31067,NE,Gage,90,SOUTHEAST,2008,irrigated,172.0
31067,NE,Gage,90,SOUTHEAST,2008,non_irrigated,131.0
31067,NE,Gage,90,SOUTHEAST,2009,all,147.7
31067,NE,Gage,90,SOUTHEAST,2009,irrigated,181.0
31067,NE,Gage,90,SOUTHEAST,2009,non_irrigated,137.8
31067,NE,Gage,90,SOUTHEAST,2010,all,134.7
31067,NE,Gage,90,SOUTHEAST,2010,irrigated,170.4
31067,NE,Gage,90,SOUTHEAST,2010,non_irrigated,124.1
31067,NE,Gage,90,SOUTHEAST,2011,all,136.5
31067,NE,Gage,90,SOUTHEAST,2011,irrigated,179.4
31067,NE,Gage,90,SOUTHEAST,2011,non_irrigated,123.9
31067,NE,Gage,90,SOUTHEAST,2012,all,89.7
31067,NE,Gage,90,SOUTHEAST,2012,irrigated,184.5
31067,NE,Gage,90,SOUTHEAST,2012,non_irrigated,58.0
31067,NE,Gage,90,SOUTHEAST,2013,all,150.6
31067,NE,Gage,90,SOUTHEAST,2013,irrigated,200.6
31067,NE,Gage,90,SOUTHEAST,2013,non_irrigated,134.2
31067,NE,Gage,90,SOUTHEAST,2014,all,169.7
31067,NE,Gage,90,SOUTHEAST,2014,irrigated,204.4
31067,NE,Gage,90,SOUTHEAST,2014,non_irrigated,158.7
31067,NE,Gage,90,SOUTHEAST,2015,all,152.6
31067,NE,Gage,90,SOUTHEAST,2015,irrigated,184.6
31067,NE,Gage,90,SOUTHEAST,2015,non_irrigated,142.4
31067,NE,Gage,90,SOUTHEAST,2016,all,137.6
31067,NE,Gage,90,SOUTHEAST,2016,irrigated,178.4
31067,NE,Gage,90,SOUTHEAST,2016,non_irrigated,125.2
31067,NE,Gage,90,SOUTHEAST,2017,all,151.7
31067,NE,Gage,90,SOUTHEAST,2018,all,172.7
31067,NE,Gage,90,SOUTHEAST,2019,all,159.1
31067,NE,Gage,90,SOUTHEAST,2020,all,162.5
31067,NE,Gage,90,SOUTHEAST,2021,all,167.5
31067,NE,Gage,90,SOUTHEAST,2022,all,133.8
31067,NE,Gage,90,SOUTHEAST,2023,all,164.6
31067,NE,Gage,90,SOUTHEAST,2025,all,177.2
31069,NE,Garden,10,NORTHWEST,2000,all,94.5
31069,NE,Garden,10,NORTHWEST,2000,irrigated,140.0
31069,NE,Garden,10,NORTHWEST,2000,non_irrigated,26.0
31069,NE,Garden,10,NORTHWEST,2001,all,116.8
31069,NE,Garden,10,NORTHWEST,2001,irrigated,152.0
31069,NE,Garden,10,NORTHWEST,2001,non_irrigated,46.0
31069,NE,Garden,10,NORTHWEST,2002,all,135.4
31069,NE,Garden,10,NORTHWEST,2002,irrigated,152.0
31069,NE,Garden,10,NORTHWEST,2002,non_irrigated,18.0
31069,NE,Garden,10,NORTHWEST,2003,all,151.3
31069,NE,Garden,10,NORTHWEST,2003,irrigated,172.0
31069,NE,Garden,10,NORTHWEST,2003,non_irrigated,33.0
31069,NE,Garden,10,NORTHWEST,2004,all,152.8
31069,NE,Garden,10,NORTHWEST,2004,irrigated,160.0
31069,NE,Garden,10,NORTHWEST,2004,non_irrigated,67.0
31069,NE,Garden,10,NORTHWEST,2005,all,164.8
31069,NE,Garden,10,NORTHWEST,2005,irrigated,177.0
31069,NE,Garden,10,NORTHWEST,2005,non_irrigated,72.0
31069,NE,Garden,10,NORTHWEST,2006,all,152.0
31069,NE,Garden,10,NORTHWEST,2006,irrigated,175.0
31069,NE,Garden,10,NORTHWEST,2006,non_irrigated,41.0
31069,NE,Garden,10,NORTHWEST,2007,all,151.9
31069,NE,Garden,10,NORTHWEST,2007,irrigated,178.0
31069,NE,Garden,10,NORTHWEST,2007,non_irrigated,66.0
31069,NE,Garden,10,NORTHWEST,2008,all,155.0
31069,NE,Garden,10,NORTHWEST,2009,all,155.8
31069,NE,Garden,10,NORTHWEST,2009,irrigated,176.0
31069,NE,Garden,10,NORTHWEST,2009,non_irrigated,84.5
31069,NE,Garden,10,NORTHWEST,2010,all,142.6
31069,NE,Garden,10,NORTHWEST,2010,irrigated,169.8
31069,NE,Garden,10,NORTHWEST,2010,non_irrigated,74.6
31069,NE,Garden,10,NORTHWEST,2011,all,144.6
31069,NE,Garden,10,NORTHWEST,2011,irrigated,175.6
31069,NE,Garden,10,NORTHWEST,2011,non_irrigated,85.2
31069,NE,Garden,10,NORTHWEST,2012,all,120.1
31069,NE,Garden,10,NORTHWEST,2012,irrigated,148.5
31069,NE,Garden,10,NORTHWEST,2012,non_irrigated,14.5
31069,NE,Garden,10,NORTHWEST,2013,all,116.3
31069,NE,Garden,10,NORTHWEST,2013,irrigated,159.8
31069,NE,Garden,10,NORTHWEST,2013,non_irrigated,31.9
31069,NE,Garden,10,NORTHWEST,2014,all,143.9
31069,NE,Garden,10,NORTHWEST,2014,irrigated,191.6
31069,NE,Garden,10,NORTHWEST,2014,non_irrigated,57.2
31069,NE,Garden,10,NORTHWEST,2018,all,109.5
31069,NE,Garden,10,NORTHWEST,2020,all,65.1
31069,NE,Garden,10,NORTHWEST,2023,all,141.2
31071,NE,Garfield,20,NORTH,2000,all,138.1
31071,NE,Garfield,20,NORTH,2000,irrigated,160.0
31071,NE,Garfield,20,NORTH,2000,non_irrigated,59.0
31071,NE,Garfield,20,NORTH,2001,all,147.8
31071,NE,Garfield,20,NORTH,2001,irrigated,166.0
31071,NE,Garfield,20,NORTH,2001,non_irrigated,65.0
31071,NE,Garfield,20,NORTH,2002,all,125.1
31071,NE,Garfield,20,NORTH,2002,irrigated,130.0
31071,NE,Garfield,20,NORTH,2002,non_irrigated,0.0
31071,NE,Garfield,20,NORTH,2003,all,132.6
31071,NE,Garfield,20,NORTH,2003,irrigated,144.0
31071,NE,Garfield,20,NORTH,2003,non_irrigated,53.0
31071,NE,Garfield,20,NORTH,2004,all,153.1
31071,NE,Garfield,20,NORTH,2004,irrigated,168.0
31071,NE,Garfield,20,NORTH,2004,non_irrigated,40.0
31071,NE,Garfield,20,NORTH,2005,all,152.6
31071,NE,Garfield,20,NORTH,2005,irrigated,168.0
31071,NE,Garfield,20,NORTH,2005,non_irrigated,65.0
31071,NE,Garfield,20,NORTH,2006,all,153.5
31071,NE,Garfield,20,NORTH,2006,irrigated,165.0
31071,NE,Garfield,20,NORTH,2006,non_irrigated,30.0
31071,NE,Garfield,20,NORTH,2007,all,169.8
31071,NE,Garfield,20,NORTH,2007,irrigated,174.0
31071,NE,Garfield,20,NORTH,2007,non_irrigated,89.0
31071,NE,Garfield,20,NORTH,2008,all,171.0
31071,NE,Garfield,20,NORTH,2008,irrigated,180.0
31071,NE,Garfield,20,NORTH,2008,non_irrigated,92.0
31071,NE,Garfield,20,NORTH,2009,all,184.0
31071,NE,Garfield,20,NORTH,2009,irrigated,192.1
31071,NE,Garfield,20,NORTH,2009,non_irrigated,129.7
31071,NE,Garfield,20,NORTH,2010,all,154.2
31071,NE,Garfield,20,NORTH,2010,irrigated,165.4
31071,NE,Garfield,20,NORTH,2010,non_irrigated,94.2
31071,NE,Garfield,20,NORTH,2011,all,168.2
31071,NE,Garfield,20,NORTH,2011,irrigated,181.8
31071,NE,Garfield,20,NORTH,2011,non_irrigated,107.5
31071,NE,Garfield,20,NORTH,2012,all,161.1
31071,NE,Garfield,20,NORTH,2013,all,167.5
31071,NE,Garfield,20,NORTH,2013,irrigated,180.9
31071,NE,Garfield,20,NORTH,2013,non_irrigated,83.9
31071,NE,Garfield,20,NORTH,2014,all,137.4
31071,NE,Garfield,20,NORTH,2014,irrigated,146.3
31071,NE,Garfield,20,NORTH,2014,non_irrigated,72.5
31071,NE,Garfield,20,NORTH,2015,all,177.2
31071,NE,Garfield,20,NORTH,2015,irrigated,186.5
31071,NE,Garfield,20,NORTH,2015,non_irrigated,105.1
31071,NE,Garfield,20,NORTH,2016,all,192.8
31071,NE,Garfield,20,NORTH,2016,irrigated,198.3
31071,NE,Garfield,20,NORTH,2016,non_irrigated,150.3
31071,NE,Garfield,20,NORTH,2017,all,185.6
31071,NE,Garfield,20,NORTH,2017,irrigated,196.5
31071,NE,Garfield,20,NORTH,2017,non_irrigated,115.2
31071,NE,Garfield,20,NORTH,2018,all,205.0
31071,NE,Garfield,20,NORTH,2019,all,186.6
31071,NE,Garfield,20,NORTH,2020,all,187.1
31071,NE,Garfield,20,NORTH,2021,all,208.6
31071,NE,Garfield,20,NORTH,2022,all,184.8
31071,NE,Garfield,20,NORTH,2023,all,192.9
31071,NE,Garfield,20,NORTH,2024,all,203.0
31073,NE,Gosper,80,SOUTH,2000,all,130.5
31073,NE,Gosper,80,SOUTH,2000,irrigated,147.0
31073,NE,Gosper,80,SOUTH,2000,non_irrigated,72.0
31073,NE,Gosper,80,SOUTH,2001,all,172.0
31073,NE,Gosper,80,SOUTH,2001,irrigated,195.0
31073,NE,Gosper,80,SOUTH,2001,non_irrigated,104.0
31073,NE,Gosper,80,SOUTH,2002,all,154.8
31073,NE,Gosper,80,SOUTH,2002,irrigated,170.0
31073,NE,Gosper,80,SOUTH,2002,non_irrigated,25.0
31073,NE,Gosper,80,SOUTH,2003,all,175.0
31073,NE,Gosper,80,SOUTH,2003,irrigated,195.0
31073,NE,Gosper,80,SOUTH,2003,non_irrigated,51.0
31073,NE,Gosper,80,SOUTH,2004,all,161.1
31073,NE,Gosper,80,SOUTH,2004,irrigated,181.0
31073,NE,Gosper,80,SOUTH,2004,non_irrigated,73.0
31073,NE,Gosper,80,SOUTH,2005,all,167.2
31073,NE,Gosper,80,SOUTH,2005,irrigated,195.0
31073,NE,Gosper,80,SOUTH,2005,non_irrigated,77.0
31073,NE,Gosper,80,SOUTH,2006,all,164.1
31073,NE,Gosper,80,SOUTH,2006,irrigated,193.0
31073,NE,Gosper,80,SOUTH,2006,non_irrigated,64.0
31073,NE,Gosper,80,SOUTH,2007,all,167.9
31073,NE,Gosper,80,SOUTH,2007,irrigated,186.0
31073,NE,Gosper,80,SOUTH,2007,non_irrigated,104.0
31073,NE,Gosper,80,SOUTH,2008,all,160.0
31073,NE,Gosper,80,SOUTH,2008,irrigated,186.0
31073,NE,Gosper,80,SOUTH,2008,non_irrigated,109.0
31073,NE,Gosper,80,SOUTH,2009,all,188.8
31073,NE,Gosper,80,SOUTH,2009,irrigated,214.2
31073,NE,Gosper,80,SOUTH,2009,non_irrigated,126.7
31073,NE,Gosper,80,SOUTH,2010,all,180.5
31073,NE,Gosper,80,SOUTH,2010,irrigated,203.5
31073,NE,Gosper,80,SOUTH,2010,non_irrigated,125.5
31073,NE,Gosper,80,SOUTH,2011,all,167.6
31073,NE,Gosper,80,SOUTH,2011,irrigated,198.5
31073,NE,Gosper,80,SOUTH,2011,non_irrigated,100.4
31073,NE,Gosper,80,SOUTH,2012,all,156.6
31073,NE,Gosper,80,SOUTH,2012,irrigated,197.9
31073,NE,Gosper,80,SOUTH,2012,non_irrigated,29.0
31073,NE,Gosper,80,SOUTH,2013,all,166.7
31073,NE,Gosper,80,SOUTH,2013,irrigated,200.0
31073,NE,Gosper,80,SOUTH,2013,non_irrigated,38.0
31073,NE,Gosper,80,SOUTH,2014,all,187.1
31073,NE,Gosper,80,SOUTH,2015,all,186.3
31073,NE,Gosper,80,SOUTH,2016,all,178.2
31073,NE,Gosper,80,SOUTH,2016,irrigated,205.7
31073,NE,Gosper,80,SOUTH,2016,non_irrigated,124.7
31073,NE,Gosper,80,SOUTH,2018,all,204.5
31073,NE,Gosper,80,SOUTH,2020,all,201.8
31073,NE,Gosper,80,SOUTH,2021,all,218.3
31073,NE,Gosper,80,SOUTH,2022,all,154.1
31073,NE,Gosper,80,SOUTH,2023,all,206.6
31077,NE,Greeley,50,CENTRAL,2000,all,117.6
31077,NE,Greeley,50,CENTRAL,2000,irrigated,150.0
31077,NE,Greeley,50,CENTRAL,2000,non_irrigated,32.0
31077,NE,Greeley,50,CENTRAL,2001,all,142.9
31077,NE,Greeley,50,CENTRAL,2001,irrigated,171.0
31077,NE,Greeley,50,CENTRAL,2001,non_irrigated,65.0
31077,NE,Greeley,50,CENTRAL,2002,all,135.5
31077,NE,Greeley,50,CENTRAL,2002,irrigated,158.0
31077,NE,Greeley,50,CENTRAL,2002,non_irrigated,28.0
31077,NE,Greeley,50,CENTRAL,2003,all,164.3
31077,NE,Greeley,50,CENTRAL,2003,irrigated,189.0
31077,NE,Greeley,50,CENTRAL,2003,non_irrigated,59.0
31077,NE,Greeley,50,CENTRAL,2004,all,143.8
31077,NE,Greeley,50,CENTRAL,2004,irrigated,159.0
31077,NE,Greeley,50,CENTRAL,2004,non_irrigated,71.0
31077,NE,Greeley,50,CENTRAL,2005,all,157.8
31077,NE,Greeley,50,CENTRAL,2005,irrigated,179.0
31077,NE,Greeley,50,CENTRAL,2005,non_irrigated,68.0
31077,NE,Greeley,50,CENTRAL,2006,all,146.1
31077,NE,Greeley,50,CENTRAL,2006,irrigated,165.0
31077,NE,Greeley,50,CENTRAL,2006,non_irrigated,55.0
31077,NE,Greeley,50,CENTRAL,2007,all,154.6
31077,NE,Greeley,50,CENTRAL,2007,irrigated,165.0
31077,NE,Greeley,50,CENTRAL,2007,non_irrigated,110.0
31077,NE,Greeley,50,CENTRAL,2008,all,172.0
31077,NE,Greeley,50,CENTRAL,2008,irrigated,184.0
31077,NE,Greeley,50,CENTRAL,2008,non_irrigated,116.0
31077,NE,Greeley,50,CENTRAL,2009,all,187.2
31077,NE,Greeley,50,CENTRAL,2009,irrigated,201.1
31077,NE,Greeley,50,CENTRAL,2009,non_irrigated,132.7
31077,NE,Greeley,50,CENTRAL,2010,all,163.7
31077,NE,Greeley,50,CENTRAL,2010,irrigated,176.7
31077,NE,Greeley,50,CENTRAL,2010,non_irrigated,112.7
31077,NE,Greeley,50,CENTRAL,2011,all,145.3
31077,NE,Greeley,50,CENTRAL,2011,irrigated,154.1
31077,NE,Greeley,50,CENTRAL,2011,non_irrigated,110.5
31077,NE,Greeley,50,CENTRAL,2012,all,161.6
31077,NE,Greeley,50,CENTRAL,2013,all,180.8
31077,NE,Greeley,50,CENTRAL,2014,all,176.5
31077,NE,Greeley,50,CENTRAL,2014,irrigated,187.8
31077,NE,Greeley,50,CENTRAL,2014,non_irrigated,131.9
31077,NE,Greeley,50,CENTRAL,2015,all,181.1
31077,NE,Greeley,50,CENTRAL,2015,irrigated,197.0
31077,NE,Greeley,50,CENTRAL,2015,non_irrigated,122.3
31077,NE,Greeley,50,CENTRAL,2016,all,186.7
31077,NE,Greeley,50,CENTRAL,2016,irrigated,201.9
31077,NE,Greeley,50,CENTRAL,2016,non_irrigated,125.6
31077,NE,Greeley,50,CENTRAL,2017,all,188.3
31077,NE,Greeley,50,CENTRAL,2017,irrigated,204.8
31077,NE,Greeley,50,CENTRAL,2017,non_irrigated,120.9
31077,NE,Greeley,50,CENTRAL,2018,all,197.8
31077,NE,Greeley,50,CENTRAL,2019,all,191.8
31077,NE,Greeley,50,CENTRAL,2020,all,203.4
31077,NE,Greeley,50,CENTRAL,2021,all,222.6
31077,NE,Greeley,50,CENTRAL,2022,all,184.1
31077,NE,Greeley,50,CENTRAL,2023,all,193.4
31079,NE,Hall,50,CENTRAL,2000,all,149.7
31079,NE,Hall,50,CENTRAL,2000,irrigated,157.0
31079,NE,Hall,50,CENTRAL,2000,non_irrigated,60.0
31079,NE,Hall,50,CENTRAL,2001,all,169.8
31079,NE,Hall,50,CENTRAL,2001,irrigated,176.0
31079,NE,Hall,50,CENTRAL,2001,non_irrigated,81.0
31079,NE,Hall,50,CENTRAL,2002,all,167.5
31079,NE,Hall,50,CENTRAL,2002,irrigated,172.0
31079,NE,Hall,50,CENTRAL,2002,non_irrigated,28.0
31079,NE,Hall,50,CENTRAL,2003,all,184.1
31079,NE,Hall,50,CENTRAL,2003,irrigated,191.0
31079,NE,Hall,50,CENTRAL,2003,non_irrigated,38.0
31079,NE,Hall,50,CENTRAL,2004,all,192.8
31079,NE,Hall,50,CENTRAL,2004,irrigated,198.5
31079,NE,Hall,50,CENTRAL,2004,non_irrigated,83.0
31079,NE,Hall,50,CENTRAL,2005,all,177.1
31079,NE,Hall,50,CENTRAL,2005,irrigated,184.0
31079,NE,Hall,50,CENTRAL,2005,non_irrigated,64.0
31079,NE,Hall,50,CENTRAL,2006,all,186.2
31079,NE,Hall,50,CENTRAL,2006,irrigated,192.0
31079,NE,Hall,50,CENTRAL,2006,non_irrigated,93.0
31079,NE,Hall,50,CENTRAL,2007,all,186.3
31079,NE,Hall,50,CENTRAL,2007,irrigated,190.0
31079,NE,Hall,50,CENTRAL,2007,non_irrigated,126.0
31079,NE,Hall,50,CENTRAL,2008,all,171.0
31079,NE,Hall,50,CENTRAL,2008,irrigated,175.0
31079,NE,Hall,50,CENTRAL,2008,non_irrigated,116.0
31079,NE,Hall,50,CENTRAL,2009,all,185.0
31079,NE,Hall,50,CENTRAL,2009,irrigated,190.1
31079,NE,Hall,50,CENTRAL,2009,non_irrigated,113.6
31079,NE,Hall,50,CENTRAL,2010,all,180.6
31079,NE,Hall,50,CENTRAL,2010,irrigated,184.9
31079,NE,Hall,50,CENTRAL,2010,non_irrigated,114.3
31079,NE,Hall,50,CENTRAL,2011,all,180.6
31079,NE,Hall,50,CENTRAL,2011,irrigated,184.7
31079,NE,Hall,50,CENTRAL,2011,non_irrigated,115.8
31079,NE,Hall,50,CENTRAL,2012,all,184.9
31079,NE,Hall,50,CENTRAL,2012,irrigated,190.6
31079,NE,Hall,50,CENTRAL,2012,non_irrigated,23.1
31079,NE,Hall,50,CENTRAL,2013,all,202.1
31079,NE,Hall,50,CENTRAL,2013,irrigated,207.7
31079,NE,Hall,50,CENTRAL,2013,non_irrigated,78.6
31079,NE,Hall,50,CENTRAL,2014,all,204.8
31079,NE,Hall,50,CENTRAL,2015,all,200.3
31079,NE,Hall,50,CENTRAL,2016,all,186.4
31079,NE,Hall,50,CENTRAL,2016,irrigated,190.4
31079,NE,Hall,50,CENTRAL,2016,non_irrigated,121.0
31079,NE,Hall,50,CENTRAL,2017,all,199.8
31079,NE,Hall,50,CENTRAL,2017,irrigated,204.0
31079,NE,Hall,50,CENTRAL,2017,non_irrigated,134.3
31079,NE,Hall,50,CENTRAL,2018,all,217.5
31079,NE,Hall,50,CENTRAL,2018,irrigated,221.6
31079,NE,Hall,50,CENTRAL,2018,non_irrigated,151.1
31079,NE,Hall,50,CENTRAL,2019,all,180.4
31079,NE,Hall,50,CENTRAL,2020,all,201.8
31079,NE,Hall,50,CENTRAL,2022,all,188.2
31079,NE,Hall,50,CENTRAL,2023,all,214.9
31079,NE,Hall,50,CENTRAL,2024,all,214.7
31079,NE,Hall,50,CENTRAL,2025,all,210.4
31081,NE,Hamilton,60,EAST,2000,all,151.7
31081,NE,Hamilton,60,EAST,2000,irrigated,161.6
31081,NE,Hamilton,60,EAST,2000,non_irrigated,68.0
31081,NE,Hamilton,60,EAST,2001,all,174.2
31081,NE,Hamilton,60,EAST,2001,irrigated,182.0
31081,NE,Hamilton,60,EAST,2001,non_irrigated,102.0
31081,NE,Hamilton,60,EAST,2002,all,173.4
31081,NE,Hamilton,60,EAST,2002,irrigated,187.0
31081,NE,Hamilton,60,EAST,2002,non_irrigated,37.0
31081,NE,Hamilton,60,EAST,2003,all,176.4
31081,NE,Hamilton,60,EAST,2003,irrigated,188.0
31081,NE,Hamilton,60,EAST,2003,non_irrigated,36.0
31081,NE,Hamilton,60,EAST,2004,all,186.9
31081,NE,Hamilton,60,EAST,2004,irrigated,193.7
31081,NE,Hamilton,60,EAST,2004,non_irrigated,112.0
31081,NE,Hamilton,60,EAST,2005,all,183.2
31081,NE,Hamilton,60,EAST,2005,irrigated,191.0
31081,NE,Hamilton,60,EAST,2005,non_irrigated,100.0
31081,NE,Hamilton,60,EAST,2006,all,183.7
31081,NE,Hamilton,60,EAST,2006,irrigated,192.0
31081,NE,Hamilton,60,EAST,2006,non_irrigated,91.0
31081,NE,Hamilton,60,EAST,2007,all,184.5
31081,NE,Hamilton,60,EAST,2007,irrigated,188.2
31081,NE,Hamilton,60,EAST,2007,non_irrigated,139.0
31081,NE,Hamilton,60,EAST,2008,all,192.0
31081,NE,Hamilton,60,EAST,2008,irrigated,196.0
31081,NE,Hamilton,60,EAST,2008,non_irrigated,145.0
31081,NE,Hamilton,60,EAST,2009,all,205.8
31081,NE,Hamilton,60,EAST,2009,irrigated,212.2
31081,NE,Hamilton,60,EAST,2009,non_irrigated,137.8
31081,NE,Hamilton,60,EAST,2010,all,189.2
31081,NE,Hamilton,60,EAST,2010,irrigated,194.2
31081,NE,Hamilton,60,EAST,2010,non_irrigated,137.4
31081,NE,Hamilton,60,EAST,2011,all,198.2
31081,NE,Hamilton,60,EAST,2011,irrigated,203.0
31081,NE,Hamilton,60,EAST,2011,non_irrigated,148.2
31081,NE,Hamilton,60,EAST,2012,all,196.0
31081,NE,Hamilton,60,EAST,2012,irrigated,208.7
31081,NE,Hamilton,60,EAST,2012,non_irrigated,26.9
31081,NE,Hamilton,60,EAST,2013,all,201.2
31081,NE,Hamilton,60,EAST,2013,irrigated,208.4
31081,NE,Hamilton,60,EAST,2013,non_irrigated,103.4
31081,NE,Hamilton,60,EAST,2014,all,209.0
31081,NE,Hamilton,60,EAST,2014,irrigated,213.6
31081,NE,Hamilton,60,EAST,2014,non_irrigated,147.5
31081,NE,Hamilton,60,EAST,2015,all,212.9
31081,NE,Hamilton,60,EAST,2015,irrigated,217.0
31081,NE,Hamilton,60,EAST,2015,non_irrigated,161.6
31081,NE,Hamilton,60,EAST,2016,all,202.3
31081,NE,Hamilton,60,EAST,2017,all,215.0
31081,NE,Hamilton,60,EAST,2017,irrigated,219.1
31081,NE,Hamilton,60,EAST,2017,non_irrigated,164.9
31081,NE,Hamilton,60,EAST,2018,all,223.8
31081,NE,Hamilton,60,EAST,2019,all,214.9
31081,NE,Hamilton,60,EAST,2020,all,226.0
31081,NE,Hamilton,60,EAST,2022,all,218.7
31081,NE,Hamilton,60,EAST,2023,all,218.9
31081,NE,Hamilton,60,EAST,2024,all,224.1
31081,NE,Hamilton,60,EAST,2025,all,233.0
31083,NE,Harlan,80,SOUTH,2000,all,113.2
31083,NE,Harlan,80,SOUTH,2000,irrigated,140.0
31083,NE,Harlan,80,SOUTH,2000,non_irrigated,66.0
31083,NE,Harlan,80,SOUTH,2001,all,148.1
31083,NE,Harlan,80,SOUTH,2001,irrigated,180.0
31083,NE,Harlan,80,SOUTH,2001,non_irrigated,99.0
31083,NE,Harlan,80,SOUTH,2002,all,148.7
31083,NE,Harlan,80,SOUTH,2002,irrigated,162.0
31083,NE,Harlan,80,SOUTH,2002,non_irrigated,22.0
31083,NE,Harlan,80,SOUTH,2003,all,148.9
31083,NE,Harlan,80,SOUTH,2003,irrigated,190.0
31083,NE,Harlan,80,SOUTH,2003,non_irrigated,48.0
31083,NE,Harlan,80,SOUTH,2004,all,154.7
31083,NE,Harlan,80,SOUTH,2004,irrigated,188.0
31083,NE,Harlan,80,SOUTH,2004,non_irrigated,86.0
31083,NE,Harlan,80,SOUTH,2005,all,150.5
31083,NE,Harlan,80,SOUTH,2005,irrigated,188.0
31083,NE,Harlan,80,SOUTH,2005,non_irrigated,95.0
31083,NE,Harlan,80,SOUTH,2006,all,140.0
31083,NE,Harlan,80,SOUTH,2006,irrigated,184.0
31083,NE,Harlan,80,SOUTH,2006,non_irrigated,75.0
31083,NE,Harlan,80,SOUTH,2007,all,158.8
31083,NE,Harlan,80,SOUTH,2007,irrigated,188.0
31083,NE,Harlan,80,SOUTH,2007,non_irrigated,113.0
31083,NE,Harlan,80,SOUTH,2008,all,160.0
31083,NE,Harlan,80,SOUTH,2008,irrigated,194.0
31083,NE,Harlan,80,SOUTH,2008,non_irrigated,119.0
31083,NE,Harlan,80,SOUTH,2009,all,178.1
31083,NE,Harlan,80,SOUTH,2009,irrigated,208.2
31083,NE,Harlan,80,SOUTH,2009,non_irrigated,135.8
31083,NE,Harlan,80,SOUTH,2010,all,168.5
31083,NE,Harlan,80,SOUTH,2010,irrigated,202.8
31083,NE,Harlan,80,SOUTH,2010,non_irrigated,120.5
31083,NE,Harlan,80,SOUTH,2011,all,170.8
31083,NE,Harlan,80,SOUTH,2011,irrigated,203.4
31083,NE,Harlan,80,SOUTH,2011,non_irrigated,127.2
31083,NE,Harlan,80,SOUTH,2012,all,144.3
31083,NE,Harlan,80,SOUTH,2012,irrigated,208.0
31083,NE,Harlan,80,SOUTH,2012,non_irrigated,43.2
31083,NE,Harlan,80,SOUTH,2013,all,133.6
31083,NE,Harlan,80,SOUTH,2013,irrigated,183.6
31083,NE,Harlan,80,SOUTH,2013,non_irrigated,35.5
31083,NE,Harlan,80,SOUTH,2014,all,163.8
31083,NE,Harlan,80,SOUTH,2014,irrigated,207.4
31083,NE,Harlan,80,SOUTH,2014,non_irrigated,100.9
31083,NE,Harlan,80,SOUTH,2015,all,180.9
31083,NE,Harlan,80,SOUTH,2015,irrigated,218.5
31083,NE,Harlan,80,SOUTH,2015,non_irrigated,128.8
31083,NE,Harlan,80,SOUTH,2016,all,168.8
31083,NE,Harlan,80,SOUTH,2016,irrigated,204.6
31083,NE,Harlan,80,SOUTH,2016,non_irrigated,124.1
31083,NE,Harlan,80,SOUTH,2017,all,180.2
31083,NE,Harlan,80,SOUTH,2018,all,181.2
31083,NE,Harlan,80,SOUTH,2019,all,174.9
31083,NE,Harlan,80,SOUTH,2020,all,181.1
31083,NE,Harlan,80,SOUTH,2021,all,216.7
31083,NE,Harlan,80,SOUTH,2022,all,183.8
31083,NE,Harlan,80,SOUTH,2023,all,191.7
31083,NE,Harlan,80,SOUTH,2024,all,172.1
31083,NE,Harlan,80,SOUTH,2025,all,175.8
31085,NE,Hayes,70,SOUTHWEST,2000,all,115.8
31085,NE,Hayes,70,SOUTHWEST,2000,irrigated,163.0
31085,NE,Hayes,70,SOUTHWEST,2000,non_irrigated,32.0
31085,NE,Hayes,70,SOUTHWEST,2001,all,137.3
31085,NE,Hayes,70,SOUTHWEST,2001,irrigated,184.0
31085,NE,Hayes,70,SOUTHWEST,2001,non_irrigated,56.0
31085,NE,Hayes,70,SOUTHWEST,2002,all,145.1
31085,NE,Hayes,70,SOUTHWEST,2002,irrigated,150.0
31085,NE,Hayes,70,SOUTHWEST,2002,non_irrigated,18.0
31085,NE,Hayes,70,SOUTHWEST,2003,all,150.9
31085,NE,Hayes,70,SOUTHWEST,2003,irrigated,177.0
31085,NE,Hayes,70,SOUTHWEST,2003,non_irrigated,25.0
31085,NE,Hayes,70,SOUTHWEST,2004,all,148.1
31085,NE,Hayes,70,SOUTHWEST,2004,irrigated,185.0
31085,NE,Hayes,70,SOUTHWEST,2004,non_irrigated,57.0
31085,NE,Hayes,70,SOUTHWEST,2005,all,132.2
31085,NE,Hayes,70,SOUTHWEST,2005,irrigated,186.0
31085,NE,Hayes,70,SOUTHWEST,2005,non_irrigated,61.0
31085,NE,Hayes,70,SOUTHWEST,2006,all,142.0
31085,NE,Hayes,70,SOUTHWEST,2006,irrigated,197.0
31085,NE,Hayes,70,SOUTHWEST,2006,non_irrigated,43.0
31085,NE,Hayes,70,SOUTHWEST,2007,all,141.9
31085,NE,Hayes,70,SOUTHWEST,2007,irrigated,171.0
31085,NE,Hayes,70,SOUTHWEST,2007,non_irrigated,87.0
31085,NE,Hayes,70,SOUTHWEST,2008,all,158.0
31085,NE,Hayes,70,SOUTHWEST,2008,irrigated,199.0
31085,NE,Hayes,70,SOUTHWEST,2008,non_irrigated,83.0
31085,NE,Hayes,70,SOUTHWEST,2009,all,154.1
31085,NE,Hayes,70,SOUTHWEST,2009,irrigated,187.1
31085,NE,Hayes,70,SOUTHWEST,2009,non_irrigated,101.6
31085,NE,Hayes,70,SOUTHWEST,2010,all,157.7
31085,NE,Hayes,70,SOUTHWEST,2010,irrigated,194.8
31085,NE,Hayes,70,SOUTHWEST,2010,non_irrigated,101.6
31085,NE,Hayes,70,SOUTHWEST,2011,all,120.0
31085,NE,Hayes,70,SOUTHWEST,2011,irrigated,151.2
31085,NE,Hayes,70,SOUTHWEST,2011,non_irrigated,80.6
31085,NE,Hayes,70,SOUTHWEST,2012,all,130.2
31085,NE,Hayes,70,SOUTHWEST,2012,irrigated,181.2
31085,NE,Hayes,70,SOUTHWEST,2012,non_irrigated,20.4
31085,NE,Hayes,70,SOUTHWEST,2013,all,113.9
31085,NE,Hayes,70,SOUTHWEST,2013,irrigated,174.5
31085,NE,Hayes,70,SOUTHWEST,2013,non_irrigated,26.3
31085,NE,Hayes,70,SOUTHWEST,2014,all,149.9
31085,NE,Hayes,70,SOUTHWEST,2015,all,149.3
31085,NE,Hayes,70,SOUTHWEST,2015,irrigated,200.2
31085,NE,Hayes,70,SOUTHWEST,2015,non_irrigated,87.1
31085,NE,Hayes,70,SOUTHWEST,2016,all,145.5
31085,NE,Hayes,70,SOUTHWEST,2017,all,152.1
31085,NE,Hayes,70,SOUTHWEST,2017,irrigated,220.6
31085,NE,Hayes,70,SOUTHWEST,2017,non_irrigated,72.3
31085,NE,Hayes,70,SOUTHWEST,2018,all,170.4
31085,NE,Hayes,70,SOUTHWEST,2019,all,125.0
31085,NE,Hayes,70,SOUTHWEST,2020,all,125.9
31085,NE,Hayes,70,SOUTHWEST,2021,all,109.3
31085,NE,Hayes,70,SOUTHWEST,2022,all,157.3
31085,NE,Hayes,70,SOUTHWEST,2023,all,132.5
31085,NE,Hayes,70,SOUTHWEST,2024,all,165.9
31085,NE,Hayes,70,SOUTHWEST,2025,all,146.0
31087,NE,Hitchcock,70,SOUTHWEST,2000,all,86.1
31087,NE,Hitchcock,70,SOUTHWEST,2000,irrigated,136.0
31087,NE,Hitchcock,70,SOUTHWEST,2000,non_irrigated,25.0
31087,NE,Hitchcock,70,SOUTHWEST,2001,all,117.2
31087,NE,Hitchcock,70,SOUTHWEST,2001,irrigated,173.0
31087,NE,Hitchcock,70,SOUTHWEST,2001,non_irrigated,63.0
31087,NE,Hitchcock,70,SOUTHWEST,2002,all,140.0
31087,NE,Hitchcock,70,SOUTHWEST,2002,irrigated,141.0
31087,NE,Hitchcock,70,SOUTHWEST,2002,non_irrigated,15.0
31087,NE,Hitchcock,70,SOUTHWEST,2003,all,126.9
31087,NE,Hitchcock,70,SOUTHWEST,2003,irrigated,164.0
31087,NE,Hitchcock,70,SOUTHWEST,2003,non_irrigated,24.0
31087,NE,Hitchcock,70,SOUTHWEST,2004,all,131.4
31087,NE,Hitchcock,70,SOUTHWEST,2004,irrigated,187.0
31087,NE,Hitchcock,70,SOUTHWEST,2004,non_irrigated,72.0
31087,NE,Hitchcock,70,SOUTHWEST,2005,all,104.6
31087,NE,Hitchcock,70,SOUTHWEST,2005,irrigated,190.0
31087,NE,Hitchcock,70,SOUTHWEST,2005,non_irrigated,54.0
31087,NE,Hitchcock,70,SOUTHWEST,2006,all,103.5
31087,NE,Hitchcock,70,SOUTHWEST,2006,irrigated,187.0
31087,NE,Hitchcock,70,SOUTHWEST,2006,non_irrigated,53.0
31087,NE,Hitchcock,70,SOUTHWEST,2007,all,123.9
31087,NE,Hitchcock,70,SOUTHWEST,2007,irrigated,196.0
31087,NE,Hitchcock,70,SOUTHWEST,2007,non_irrigated,89.0
31087,NE,Hitchcock,70,SOUTHWEST,2008,all,103.0
31087,NE,Hitchcock,70,SOUTHWEST,2008,irrigated,185.0
31087,NE,Hitchcock,70,SOUTHWEST,2008,non_irrigated,66.0
31087,NE,Hitchcock,70,SOUTHWEST,2009,all,135.4
31087,NE,Hitchcock,70,SOUTHWEST,2009,irrigated,203.1
31087,NE,Hitchcock,70,SOUTHWEST,2009,non_irrigated,100.6
31087,NE,Hitchcock,70,SOUTHWEST,2010,all,127.8
31087,NE,Hitchcock,70,SOUTHWEST,2010,irrigated,191.9
31087,NE,Hitchcock,70,SOUTHWEST,2010,non_irrigated,103.0
31087,NE,Hitchcock,70,SOUTHWEST,2011,all,105.3
31087,NE,Hitchcock,70,SOUTHWEST,2011,irrigated,161.9
31087,NE,Hitchcock,70,SOUTHWEST,2011,non_irrigated,85.4
31087,NE,Hitchcock,70,SOUTHWEST,2012,all,72.4
31087,NE,Hitchcock,70,SOUTHWEST,2012,irrigated,148.7
31087,NE,Hitchcock,70,SOUTHWEST,2012,non_irrigated,24.4
31087,NE,Hitchcock,70,SOUTHWEST,2013,all,74.6
31087,NE,Hitchcock,70,SOUTHWEST,2013,irrigated,155.6
31087,NE,Hitchcock,70,SOUTHWEST,2013,non_irrigated,37.9
31087,NE,Hitchcock,70,SOUTHWEST,2014,all,107.0
31087,NE,Hitchcock,70,SOUTHWEST,2014,irrigated,205.1
31087,NE,Hitchcock,70,SOUTHWEST,2014,non_irrigated,61.8
31087,NE,Hitchcock,70,SOUTHWEST,2015,all,122.2
31087,NE,Hitchcock,70,SOUTHWEST,2016,all,131.3
31087,NE,Hitchcock,70,SOUTHWEST,2016,irrigated,188.7
31087,NE,Hitchcock,70,SOUTHWEST,2016,non_irrigated,100.8
31087,NE,Hitchcock,70,SOUTHWEST,2018,all,139.6
31087,NE,Hitchcock,70,SOUTHWEST,2018,irrigated,209.5
31087,NE,Hitchcock,70,SOUTHWEST,2018,non_irrigated,118.7
31087,NE,Hitchcock,70,SOUTHWEST,2020,all,96.9
31087,NE,Hitchcock,70,SOUTHWEST,2022,all,144.0
31087,NE,Hitchcock,70,SOUTHWEST,2023,all,109.6
31087,NE,Hitchcock,70,SOUTHWEST,2024,all,129.2
31089,NE,Holt,20,NORTH,2000,all,158.8
31089,NE,Holt,20,NORTH,2000,irrigated,170.0
31089,NE,Holt,20,NORTH,2000,non_irrigated,45.0
31089,NE,Holt,20,NORTH,2001,all,138.9
31089,NE,Holt,20,NORTH,2001,irrigated,145.0
31089,NE,Holt,20,NORTH,2001,non_irrigated,84.0
31089,NE,Holt,20,NORTH,2002,all,160.7
31089,NE,Holt,20,NORTH,2002,irrigated,170.5
31089,NE,Holt,20,NORTH,2002,non_irrigated,34.0
31089,NE,Holt,20,NORTH,2003,all,180.0
31089,NE,Holt,20,NORTH,2003,irrigated,189.6
31089,NE,Holt,20,NORTH,2003,non_irrigated,46.0
31089,NE,Holt,20,NORTH,2004,all,184.5
31089,NE,Holt,20,NORTH,2004,irrigated,191.0
31089,NE,Holt,20,NORTH,2004,non_irrigated,73.0
31089,NE,Holt,20,NORTH,2005,all,168.5
31089,NE,Holt,20,NORTH,2005,irrigated,177.0
31089,NE,Holt,20,NORTH,2005,non_irrigated,60.0
31089,NE,Holt,20,NORTH,2006,all,184.3
31089,NE,Holt,20,NORTH,2006,irrigated,193.0
31089,NE,Holt,20,NORTH,2006,non_irrigated,43.0
31089,NE,Holt,20,NORTH,2007,all,175.9
31089,NE,Holt,20,NORTH,2007,irrigated,181.0
31089,NE,Holt,20,NORTH,2007,non_irrigated,80.0
31089,NE,Holt,20,NORTH,2008,all,184.0
31089,NE,Holt,20,NORTH,2008,irrigated,188.0
31089,NE,Holt,20,NORTH,2008,non_irrigated,90.0
31089,NE,Holt,20,NORTH,2009,all,185.2
31089,NE,Holt,20,NORTH,2009,irrigated,189.7
31089,NE,Holt,20,NORTH,2009,non_irrigated,110.6
31089,NE,Holt,20,NORTH,2010,all,158.5
31089,NE,Holt,20,NORTH,2010,irrigated,163.4
31089,NE,Holt,20,NORTH,2010,non_irrigated,92.2
31089,NE,Holt,20,NORTH,2011,all,177.5
31089,NE,Holt,20,NORTH,2011,irrigated,184.6
31089,NE,Holt,20,NORTH,2011,non_irrigated,96.0
31089,NE,Holt,20,NORTH,2012,all,186.5
31089,NE,Holt,20,NORTH,2012,irrigated,194.2
31089,NE,Holt,20,NORTH,2012,non_irrigated,26.4
31089,NE,Holt,20,NORTH,2013,all,190.6
31089,NE,Holt,20,NORTH,2013,irrigated,196.3
31089,NE,Holt,20,NORTH,2013,non_irrigated,103.4
31089,NE,Holt,20,NORTH,2014,all,169.6
31089,NE,Holt,20,NORTH,2015,all,201.6
31089,NE,Holt,20,NORTH,2016,all,205.9
31089,NE,Holt,20,NORTH,2017,all,211.5
31089,NE,Holt,20,NORTH,2018,all,206.4
31089,NE,Holt,20,NORTH,2019,all,205.2
31089,NE,Holt,20,NORTH,2020,all,195.0
31089,NE,Holt,20,NORTH,2022,all,211.1
31089,NE,Holt,20,NORTH,2023,all,223.7
31093,NE,Howard,50,CENTRAL,2000,all,130.0
31093,NE,Howard,50,CENTRAL,2000,irrigated,145.0
31093,NE,Howard,50,CENTRAL,2000,non_irrigated,45.0
31093,NE,Howard,50,CENTRAL,2001,all,151.4
31093,NE,Howard,50,CENTRAL,2001,irrigated,167.0
31093,NE,Howard,50,CENTRAL,2001,non_irrigated,70.0
31093,NE,Howard,50,CENTRAL,2002,all,137.4
31093,NE,Howard,50,CENTRAL,2002,irrigated,144.0
31093,NE,Howard,50,CENTRAL,2002,non_irrigated,30.0
31093,NE,Howard,50,CENTRAL,2003,all,156.7
31093,NE,Howard,50,CENTRAL,2003,irrigated,169.0
31093,NE,Howard,50,CENTRAL,2003,non_irrigated,37.0
31093,NE,Howard,50,CENTRAL,2004,all,153.0
31093,NE,Howard,50,CENTRAL,2004,irrigated,162.0
31093,NE,Howard,50,CENTRAL,2004,non_irrigated,78.0
31093,NE,Howard,50,CENTRAL,2005,all,157.2
31093,NE,Howard,50,CENTRAL,2005,irrigated,174.0
31093,NE,Howard,50,CENTRAL,2005,non_irrigated,55.0
31093,NE,Howard,50,CENTRAL,2006,all,162.7
31093,NE,Howard,50,CENTRAL,2006,irrigated,175.0
31093,NE,Howard,50,CENTRAL,2006,non_irrigated,64.0
31093,NE,Howard,50,CENTRAL,2007,all,161.8
31093,NE,Howard,50,CENTRAL,2007,irrigated,170.0
31093,NE,Howard,50,CENTRAL,2007,non_irrigated,101.0
31093,NE,Howard,50,CENTRAL,2008,all,164.0
31093,NE,Howard,50,CENTRAL,2008,irrigated,175.0
31093,NE,Howard,50,CENTRAL,2008,non_irrigated,108.0
31093,NE,Howard,50,CENTRAL,2009,all,184.1
31093,NE,Howard,50,CENTRAL,2009,irrigated,194.1
31093,NE,Howard,50,CENTRAL,2009,non_irrigated,121.7
31093,NE,Howard,50,CENTRAL,2010,all,171.9
31093,NE,Howard,50,CENTRAL,2010,irrigated,180.6
31093,NE,Howard,50,CENTRAL,2010,non_irrigated,116.0
31093,NE,Howard,50,CENTRAL,2011,all,160.0
31093,NE,Howard,50,CENTRAL,2011,irrigated,167.2
31093,NE,Howard,50,CENTRAL,2011,non_irrigated,120.4
31093,NE,Howard,50,CENTRAL,2012,all,149.6
31093,NE,Howard,50,CENTRAL,2013,all,172.3
31093,NE,Howard,50,CENTRAL,2013,irrigated,185.1
31093,NE,Howard,50,CENTRAL,2013,non_irrigated,102.0
31093,NE,Howard,50,CENTRAL,2014,all,176.2
31093,NE,Howard,50,CENTRAL,2014,irrigated,186.6
31093,NE,Howard,50,CENTRAL,2014,non_irrigated,122.2
31093,NE,Howard,50,CENTRAL,2015,all,183.2
31093,NE,Howard,50,CENTRAL,2015,irrigated,200.9
31093,NE,Howard,50,CENTRAL,2015,non_irrigated,96.9
31093,NE,Howard,50,CENTRAL,2016,all,183.9
31093,NE,Howard,50,CENTRAL,2016,irrigated,195.4
31093,NE,Howard,50,CENTRAL,2016,non_irrigated,124.5
31093,NE,Howard,50,CENTRAL,2017,all,184.9
31093,NE,Howard,50,CENTRAL,2017,irrigated,195.8
31093,NE,Howard,50,CENTRAL,2017,non_irrigated,132.3
31093,NE,Howard,50,CENTRAL,2018,all,184.6
31093,NE,Howard,50,CENTRAL,2018,irrigated,195.6
31093,NE,Howard,50,CENTRAL,2018,non_irrigated,128.1
31093,NE,Howard,50,CENTRAL,2019,all,183.2
31093,NE,Howard,50,CENTRAL,2020,all,190.8
31093,NE,Howard,50,CENTRAL,2021,all,198.6
31093,NE,Howard,50,CENTRAL,2022,all,152.3
31093,NE,Howard,50,CENTRAL,2023,all,216.6
31093,NE,Howard,50,CENTRAL,2024,all,202.2
31093,NE,Howard,50,CENTRAL,2025,all,202.4
31095,NE,Jefferson,90,SOUTHEAST,2000,all,102.0
31095,NE,Jefferson,90,SOUTHEAST,2000,irrigated,150.0
31095,NE,Jefferson,90,SOUTHEAST,2000,non_irrigated,61.0
31095,NE,Jefferson,90,SOUTHEAST,2001,all,139.3
31095,NE,Jefferson,90,SOUTHEAST,2001,irrigated,173.0
31095,NE,Jefferson,90,SOUTHEAST,2001,non_irrigated,106.0
31095,NE,Jefferson,90,SOUTHEAST,2002,all,94.4
31095,NE,Jefferson,90,SOUTHEAST,2002,irrigated,160.0
31095,NE,Jefferson,90,SOUTHEAST,2002,non_irrigated,32.0
31095,NE,Jefferson,90,SOUTHEAST,2003,all,127.9
31095,NE,Jefferson,90,SOUTHEAST,2003,irrigated,187.0
31095,NE,Jefferson,90,SOUTHEAST,2003,non_irrigated,59.0
31095,NE,Jefferson,90,SOUTHEAST,2004,all,160.9
31095,NE,Jefferson,90,SOUTHEAST,2004,irrigated,184.0
31095,NE,Jefferson,90,SOUTHEAST,2004,non_irrigated,135.0
31095,NE,Jefferson,90,SOUTHEAST,2005,all,142.7
31095,NE,Jefferson,90,SOUTHEAST,2005,irrigated,191.0
31095,NE,Jefferson,90,SOUTHEAST,2005,non_irrigated,96.0
31095,NE,Jefferson,90,SOUTHEAST,2006,all,146.2
31095,NE,Jefferson,90,SOUTHEAST,2006,irrigated,182.0
31095,NE,Jefferson,90,SOUTHEAST,2006,non_irrigated,111.0
31095,NE,Jefferson,90,SOUTHEAST,2007,all,151.6
31095,NE,Jefferson,90,SOUTHEAST,2007,irrigated,181.0
31095,NE,Jefferson,90,SOUTHEAST,2007,non_irrigated,119.0
31095,NE,Jefferson,90,SOUTHEAST,2008,all,161.0
31095,NE,Jefferson,90,SOUTHEAST,2008,irrigated,182.0
31095,NE,Jefferson,90,SOUTHEAST,2008,non_irrigated,142.0
31095,NE,Jefferson,90,SOUTHEAST,2009,all,167.8
31095,NE,Jefferson,90,SOUTHEAST,2009,irrigated,204.2
31095,NE,Jefferson,90,SOUTHEAST,2009,non_irrigated,135.8
31095,NE,Jefferson,90,SOUTHEAST,2010,all,151.6
31095,NE,Jefferson,90,SOUTHEAST,2010,irrigated,185.8
31095,NE,Jefferson,90,SOUTHEAST,2010,non_irrigated,123.8
31095,NE,Jefferson,90,SOUTHEAST,2011,all,149.4
31095,NE,Jefferson,90,SOUTHEAST,2011,irrigated,185.8
31095,NE,Jefferson,90,SOUTHEAST,2011,non_irrigated,117.6
31095,NE,Jefferson,90,SOUTHEAST,2012,all,123.5
31095,NE,Jefferson,90,SOUTHEAST,2012,irrigated,194.9
31095,NE,Jefferson,90,SOUTHEAST,2012,non_irrigated,51.1
31095,NE,Jefferson,90,SOUTHEAST,2013,all,164.9
31095,NE,Jefferson,90,SOUTHEAST,2013,irrigated,197.3
31095,NE,Jefferson,90,SOUTHEAST,2013,non_irrigated,132.4
31095,NE,Jefferson,90,SOUTHEAST,2014,all,185.3
31095,NE,Jefferson,90,SOUTHEAST,2014,irrigated,216.6
31095,NE,Jefferson,90,SOUTHEAST,2014,non_irrigated,155.4
31095,NE,Jefferson,90,SOUTHEAST,2015,all,167.6
31095,NE,Jefferson,90,SOUTHEAST,2015,irrigated,194.1
31095,NE,Jefferson,90,SOUTHEAST,2015,non_irrigated,142.7
31095,NE,Jefferson,90,SOUTHEAST,2016,all,155.4
31095,NE,Jefferson,90,SOUTHEAST,2017,all,144.4
31095,NE,Jefferson,90,SOUTHEAST,2018,all,180.5
31095,NE,Jefferson,90,SOUTHEAST,2019,all,179.7
31095,NE,Jefferson,90,SOUTHEAST,2020,all,174.2
31095,NE,Jefferson,90,SOUTHEAST,2022,all,169.9
31095,NE,Jefferson,90,SOUTHEAST,2023,all,140.8
31095,NE,Jefferson,90,SOUTHEAST,2024,all,152.1
31095,NE,Jefferson,90,SOUTHEAST,2025,all,174.5
31097,NE,Johnson,90,SOUTHEAST,2000,all,84.9
31097,NE,Johnson,90,SOUTHEAST,2000,irrigated,135.0
31097,NE,Johnson,90,SOUTHEAST,2000,non_irrigated,76.0
31097,NE,Johnson,90,SOUTHEAST,2001,all,123.5
31097,NE,Johnson,90,SOUTHEAST,2001,irrigated,182.0
31097,NE,Johnson,90,SOUTHEAST,2001,non_irrigated,113.0
31097,NE,Johnson,90,SOUTHEAST,2002,all,48.5
31097,NE,Johnson,90,SOUTHEAST,2002,irrigated,156.0
31097,NE,Johnson,90,SOUTHEAST,2002,non_irrigated,26.0
31097,NE,Johnson,90,SOUTHEAST,2003,all,102.8
31097,NE,Johnson,90,SOUTHEAST,2003,irrigated,178.0
31097,NE,Johnson,90,SOUTHEAST,2003,non_irrigated,85.0
31097,NE,Johnson,90,SOUTHEAST,2004,all,155.8
31097,NE,Johnson,90,SOUTHEAST,2004,irrigated,200.0
31097,NE,Johnson,90,SOUTHEAST,2004,non_irrigated,147.0
31097,NE,Johnson,90,SOUTHEAST,2005,all,103.4
31097,NE,Johnson,90,SOUTHEAST,2005,irrigated,170.0
31097,NE,Johnson,90,SOUTHEAST,2005,non_irrigated,88.0
31097,NE,Johnson,90,SOUTHEAST,2006,all,109.0
31097,NE,Johnson,90,SOUTHEAST,2006,irrigated,186.0
31097,NE,Johnson,90,SOUTHEAST,2006,non_irrigated,90.0
31097,NE,Johnson,90,SOUTHEAST,2007,all,131.4
31097,NE,Johnson,90,SOUTHEAST,2007,irrigated,183.0
31097,NE,Johnson,90,SOUTHEAST,2007,non_irrigated,118.0
31097,NE,Johnson,90,SOUTHEAST,2008,all,130.0
31097,NE,Johnson,90,SOUTHEAST,2008,irrigated,180.0
31097,NE,Johnson,90,SOUTHEAST,2008,non_irrigated,117.0
31097,NE,Johnson,90,SOUTHEAST,2009,all,154.1
31097,NE,Johnson,90,SOUTHEAST,2009,irrigated,199.1
31097,NE,Johnson,90,SOUTHEAST,2009,non_irrigated,143.8
31097,NE,Johnson,90,SOUTHEAST,2010,all,132.7
31097,NE,Johnson,90,SOUTHEAST,2010,irrigated,177.8
31097,NE,Johnson,90,SOUTHEAST,2010,non_irrigated,121.8
31097,NE,Johnson,90,SOUTHEAST,2011,all,122.3
31097,NE,Johnson,90,SOUTHEAST,2011,irrigated,177.7
31097,NE,Johnson,90,SOUTHEAST,2011,non_irrigated,107.2
31097,NE,Johnson,90,SOUTHEAST,2012,all,86.7
31097,NE,Johnson,90,SOUTHEAST,2012,irrigated,184.8
31097,NE,Johnson,90,SOUTHEAST,2012,non_irrigated,56.8
31097,NE,Johnson,90,SOUTHEAST,2013,all,149.2
31097,NE,Johnson,90,SOUTHEAST,2013,irrigated,198.2
31097,NE,Johnson,90,SOUTHEAST,2013,non_irrigated,135.1
31097,NE,Johnson,90,SOUTHEAST,2014,all,160.3
31097,NE,Johnson,90,SOUTHEAST,2014,irrigated,201.1
31097,NE,Johnson,90,SOUTHEAST,2014,non_irrigated,148.4
31097,NE,Johnson,90,SOUTHEAST,2015,all,147.0
31097,NE,Johnson,90,SOUTHEAST,2015,irrigated,188.6
31097,NE,Johnson,90,SOUTHEAST,2015,non_irrigated,136.2
31097,NE,Johnson,90,SOUTHEAST,2016,all,141.3
31097,NE,Johnson,90,SOUTHEAST,2017,all,163.0
31097,NE,Johnson,90,SOUTHEAST,2018,all,145.7
31097,NE,Johnson,90,SOUTHEAST,2019,all,136.1
31097,NE,Johnson,90,SOUTHEAST,2020,all,152.9
31097,NE,Johnson,90,SOUTHEAST,2022,all,125.2
31097,NE,Johnson,90,SOUTHEAST,2023,all,173.6
31097,NE,Johnson,90,SOUTHEAST,2024,all,163.9
31097,NE,Johnson,90,SOUTHEAST,2025,all,171.3
31099,NE,Kearney,80,SOUTH,2000,all,159.0
31099,NE,Kearney,80,SOUTH,2000,irrigated,171.0
31099,NE,Kearney,80,SOUTH,2000,non_irrigated,91.0
31099,NE,Kearney,80,SOUTH,2001,all,178.6
31099,NE,Kearney,80,SOUTH,2001,irrigated,193.0
31099,NE,Kearney,80,SOUTH,2001,non_irrigated,103.0
31099,NE,Kearney,80,SOUTH,2002,all,166.8
31099,NE,Kearney,80,SOUTH,2002,irrigated,183.0
31099,NE,Kearney,80,SOUTH,2002,non_irrigated,30.0
31099,NE,Kearney,80,SOUTH,2003,all,177.7
31099,NE,Kearney,80,SOUTH,2003,irrigated,194.0
31099,NE,Kearney,80,SOUTH,2003,non_irrigated,49.0
31099,NE,Kearney,80,SOUTH,2004,all,185.1
31099,NE,Kearney,80,SOUTH,2004,irrigated,198.0
31099,NE,Kearney,80,SOUTH,2004,non_irrigated,90.0
31099,NE,Kearney,80,SOUTH,2005,all,184.8
31099,NE,Kearney,80,SOUTH,2005,irrigated,199.0
31099,NE,Kearney,80,SOUTH,2005,non_irrigated,93.0
31099,NE,Kearney,80,SOUTH,2006,all,182.8
31099,NE,Kearney,80,SOUTH,2006,irrigated,194.0
31099,NE,Kearney,80,SOUTH,2006,non_irrigated,107.0
31099,NE,Kearney,80,SOUTH,2007,all,184.9
31099,NE,Kearney,80,SOUTH,2007,irrigated,193.0
31099,NE,Kearney,80,SOUTH,2007,non_irrigated,121.0
31099,NE,Kearney,80,SOUTH,2008,all,182.0
31099,NE,Kearney,80,SOUTH,2008,irrigated,189.0
31099,NE,Kearney,80,SOUTH,2008,non_irrigated,133.0
31099,NE,Kearney,80,SOUTH,2009,all,203.7
31099,NE,Kearney,80,SOUTH,2009,irrigated,212.2
31099,NE,Kearney,80,SOUTH,2009,non_irrigated,146.8
31099,NE,Kearney,80,SOUTH,2010,all,189.4
31099,NE,Kearney,80,SOUTH,2010,irrigated,197.9
31099,NE,Kearney,80,SOUTH,2010,non_irrigated,131.9
31099,NE,Kearney,80,SOUTH,2011,all,186.1
31099,NE,Kearney,80,SOUTH,2011,irrigated,193.7
31099,NE,Kearney,80,SOUTH,2011,non_irrigated,139.7
31099,NE,Kearney,80,SOUTH,2012,all,201.0
31099,NE,Kearney,80,SOUTH,2012,irrigated,217.0
31099,NE,Kearney,80,SOUTH,2012,non_irrigated,73.3
31099,NE,Kearney,80,SOUTH,2013,all,191.1
31099,NE,Kearney,80,SOUTH,2013,irrigated,206.9
31099,NE,Kearney,80,SOUTH,2013,non_irrigated,85.7
31099,NE,Kearney,80,SOUTH,2014,all,203.4
31099,NE,Kearney,80,SOUTH,2014,irrigated,217.0
31099,NE,Kearney,80,SOUTH,2014,non_irrigated,104.0
31099,NE,Kearney,80,SOUTH,2015,all,210.7
31099,NE,Kearney,80,SOUTH,2015,irrigated,226.0
31099,NE,Kearney,80,SOUTH,2015,non_irrigated,119.8
31099,NE,Kearney,80,SOUTH,2016,all,198.7
31099,NE,Kearney,80,SOUTH,2016,irrigated,212.0
31099,NE,Kearney,80,SOUTH,2016,non_irrigated,111.6
31099,NE,Kearney,80,SOUTH,2017,all,216.9
31099,NE,Kearney,80,SOUTH,2017,irrigated,227.6
31099,NE,Kearney,80,SOUTH,2017,non_irrigated,153.3
31099,NE,Kearney,80,SOUTH,2018,all,214.7
31099,NE,Kearney,80,SOUTH,2019,all,209.2
31099,NE,Kearney,80,SOUTH,2020,all,208.3
31099,NE,Kearney,80,SOUTH,2022,all,194.0
31099,NE,Kearney,80,SOUTH,2023,all,202.8
31099,NE,Kearney,80,SOUTH,2024,all,197.8
31099,NE,Kearney,80,SOUTH,2025,all,235.4
31101,NE,Keith,70,SOUTHWEST,2000,all,118.3
31101,NE,Keith,70,SOUTHWEST,2000,irrigated,160.0
31101,NE,Keith,70,SOUTHWEST,2000,non_irrigated,44.0
31101,NE,Keith,70,SOUTHWEST,2001,all,139.7
31101,NE,Keith,70,SOUTHWEST,2001,irrigated,174.0
31101,NE,Keith,70,SOUTHWEST,2001,non_irrigated,68.0
31101,NE,Keith,70,SOUTHWEST,2002,all,136.2
31101,NE,Keith,70,SOUTHWEST,2002,irrigated,174.0
31101,NE,Keith,70,SOUTHWEST,2002,non_irrigated,36.0
31101,NE,Keith,70,SOUTHWEST,2003,all,140.7
31101,NE,Keith,70,SOUTHWEST,2003,irrigated,186.0
31101,NE,Keith,70,SOUTHWEST,2003,non_irrigated,35.0
31101,NE,Keith,70,SOUTHWEST,2004,all,159.5
31101,NE,Keith,70,SOUTHWEST,2004,irrigated,187.0
31101,NE,Keith,70,SOUTHWEST,2004,non_irrigated,69.0
31101,NE,Keith,70,SOUTHWEST,2005,all,150.3
31101,NE,Keith,70,SOUTHWEST,2005,irrigated,180.0
31101,NE,Keith,70,SOUTHWEST,2005,non_irrigated,58.0
31101,NE,Keith,70,SOUTHWEST,2006,all,152.0
31101,NE,Keith,70,SOUTHWEST,2006,irrigated,183.0
31101,NE,Keith,70,SOUTHWEST,2006,non_irrigated,23.0
31101,NE,Keith,70,SOUTHWEST,2007,all,161.9
31101,NE,Keith,70,SOUTHWEST,2007,irrigated,186.0
31101,NE,Keith,70,SOUTHWEST,2007,non_irrigated,87.0
31101,NE,Keith,70,SOUTHWEST,2008,all,158.0
31101,NE,Keith,70,SOUTHWEST,2008,irrigated,188.0
31101,NE,Keith,70,SOUTHWEST,2008,non_irrigated,82.0
31101,NE,Keith,70,SOUTHWEST,2009,all,162.4
31101,NE,Keith,70,SOUTHWEST,2009,irrigated,187.0
31101,NE,Keith,70,SOUTHWEST,2009,non_irrigated,92.5
31101,NE,Keith,70,SOUTHWEST,2010,all,149.4
31101,NE,Keith,70,SOUTHWEST,2010,irrigated,180.5
31101,NE,Keith,70,SOUTHWEST,2010,non_irrigated,82.2
31101,NE,Keith,70,SOUTHWEST,2011,all,139.7
31101,NE,Keith,70,SOUTHWEST,2011,irrigated,169.5
31101,NE,Keith,70,SOUTHWEST,2011,non_irrigated,81.9
31101,NE,Keith,70,SOUTHWEST,2012,all,142.4
31101,NE,Keith,70,SOUTHWEST,2012,irrigated,174.6
31101,NE,Keith,70,SOUTHWEST,2012,non_irrigated,16.9
31101,NE,Keith,70,SOUTHWEST,2013,all,147.5
31101,NE,Keith,70,SOUTHWEST,2013,irrigated,192.6
31101,NE,Keith,70,SOUTHWEST,2013,non_irrigated,55.5
31101,NE,Keith,70,SOUTHWEST,2014,all,167.9
31101,NE,Keith,70,SOUTHWEST,2014,irrigated,215.4
31101,NE,Keith,70,SOUTHWEST,2014,non_irrigated,67.8
31101,NE,Keith,70,SOUTHWEST,2015,all,158.3
31101,NE,Keith,70,SOUTHWEST,2015,irrigated,191.5
31101,NE,Keith,70,SOUTHWEST,2015,non_irrigated,91.6
31101,NE,Keith,70,SOUTHWEST,2016,all,161.7
31101,NE,Keith,70,SOUTHWEST,2017,all,156.5
31101,NE,Keith,70,SOUTHWEST,2017,irrigated,217.0
31101,NE,Keith,70,SOUTHWEST,2017,non_irrigated,76.3
31101,NE,Keith,70,SOUTHWEST,2018,all,171.5
31101,NE,Keith,70,SOUTHWEST,2018,irrigated,218.3
31101,NE,Keith,70,SOUTHWEST,2018,non_irrigated,100.6
31101,NE,Keith,70,SOUTHWEST,2020,all,136.4
31101,NE,Keith,70,SOUTHWEST,2021,all,122.5
31101,NE,Keith,70,SOUTHWEST,2024,all,180.3
31101,NE,Keith,70,SOUTHWEST,2025,all,181.5
31103,NE,Keya Paha,20,NORTH,2000,all,109.7
31103,NE,Keya Paha,20,NORTH,2000,irrigated,135.0
31103,NE,Keya Paha,20,NORTH,2000,non_irrigated,50.0
31103,NE,Keya Paha,20,NORTH,2001,all,102.5
31103,NE,Keya Paha,20,NORTH,2001,irrigated,125.0
31103,NE,Keya Paha,20,NORTH,2001,non_irrigated,60.0
31103,NE,Keya Paha,20,NORTH,2002,all,111.0
31103,NE,Keya Paha,20,NORTH,2002,irrigated,132.0
31103,NE,Keya Paha,20,NORTH,2002,non_irrigated,31.0
31103,NE,Keya Paha,20,NORTH,2003,all,102.4
31103,NE,Keya Paha,20,NORTH,2003,irrigated,120.0
31103,NE,Keya Paha,20,NORTH,2003,non_irrigated,28.0
31103,NE,Keya Paha,20,NORTH,2004,all,129.2
31103,NE,Keya Paha,20,NORTH,2004,irrigated,140.0
31103,NE,Keya Paha,20,NORTH,2004,non_irrigated,21.0
31103,NE,Keya Paha,20,NORTH,2005,all,112.5
31103,NE,Keya Paha,20,NORTH,2005,irrigated,130.0
31103,NE,Keya Paha,20,NORTH,2005,non_irrigated,52.0
31103,NE,Keya Paha,20,NORTH,2006,all,157.7
31103,NE,Keya Paha,20,NORTH,2006,irrigated,176.0
31103,NE,Keya Paha,20,NORTH,2006,non_irrigated,27.0
31103,NE,Keya Paha,20,NORTH,2007,all,156.4
31103,NE,Keya Paha,20,NORTH,2007,irrigated,175.0
31103,NE,Keya Paha,20,NORTH,2007,non_irrigated,81.0
31103,NE,Keya Paha,20,NORTH,2008,all,152.0
31103,NE,Keya Paha,20,NORTH,2008,irrigated,170.0
31103,NE,Keya Paha,20,NORTH,2008,non_irrigated,68.0
31103,NE,Keya Paha,20,NORTH,2009,all,163.6
31103,NE,Keya Paha,20,NORTH,2009,irrigated,181.1
31103,NE,Keya Paha,20,NORTH,2009,non_irrigated,76.4
31103,NE,Keya Paha,20,NORTH,2010,all,170.9
31103,NE,Keya Paha,20,NORTH,2010,irrigated,191.7
31103,NE,Keya Paha,20,NORTH,2010,non_irrigated,91.9
31103,NE,Keya Paha,20,NORTH,2011,all,168.6
31103,NE,Keya Paha,20,NORTH,2011,irrigated,187.3
31103,NE,Keya Paha,20,NORTH,2011,non_irrigated,106.9
31103,NE,Keya Paha,20,NORTH,2012,all,183.9
31103,NE,Keya Paha,20,NORTH,2012,irrigated,192.7
31103,NE,Keya Paha,20,NORTH,2012,non_irrigated,36.6
31103,NE,Keya Paha,20,NORTH,2013,all,177.3
31103,NE,Keya Paha,20,NORTH,2013,irrigated,201.0
31103,NE,Keya Paha,20,NORTH,2013,non_irrigated,97.4
31103,NE,Keya Paha,20,NORTH,2014,all,156.4
31103,NE,Keya Paha,20,NORTH,2014,irrigated,170.8
31103,NE,Keya Paha,20,NORTH,2014,non_irrigated,92.5
31103,NE,Keya Paha,20,NORTH,2015,all,190.1
31103,NE,Keya Paha,20,NORTH,2016,all,180.8
31103,NE,Keya Paha,20,NORTH,2016,irrigated,198.7
31103,NE,Keya Paha,20,NORTH,2016,non_irrigated,88.6
31103,NE,Keya Paha,20,NORTH,2017,all,182.2
31103,NE,Keya Paha,20,NORTH,2017,irrigated,209.2
31103,NE,Keya Paha,20,NORTH,2017,non_irrigated,60.9
31103,NE,Keya Paha,20,NORTH,2018,all,212.1
31103,NE,Keya Paha,20,NORTH,2018,irrigated,225.3
31103,NE,Keya Paha,20,NORTH,2018,non_irrigated,158.0
31103,NE,Keya Paha,20,NORTH,2019,all,202.9
31103,NE,Keya Paha,20,NORTH,2020,all,164.4
31103,NE,Keya Paha,20,NORTH,2021,all,163.6
31103,NE,Keya Paha,20,NORTH,2023,all,215.0
31103,NE,Keya Paha,20,NORTH,2024,all,169.9
31103,NE,Keya Paha,20,NORTH,2025,all,224.2
31105,NE,Kimball,10,NORTHWEST,2000,all,70.5
31105,NE,Kimball,10,NORTHWEST,2000,irrigated,134.0
31105,NE,Kimball,10,NORTHWEST,2000,non_irrigated,19.0
31105,NE,Kimball,10,NORTHWEST,2001,all,85.0
31105,NE,Kimball,10,NORTHWEST,2001,irrigated,130.0
31105,NE,Kimball,10,NORTHWEST,2001,non_irrigated,33.0
31105,NE,Kimball,10,NORTHWEST,2002,all,98.1
31105,NE,Kimball,10,NORTHWEST,2002,irrigated,131.0
31105,NE,Kimball,10,NORTHWEST,2002,non_irrigated,16.0
31105,NE,Kimball,10,NORTHWEST,2003,all,97.1
31105,NE,Kimball,10,NORTHWEST,2003,irrigated,143.0
31105,NE,Kimball,10,NORTHWEST,2003,non_irrigated,37.0
31105,NE,Kimball,10,NORTHWEST,2004,all,116.1
31105,NE,Kimball,10,NORTHWEST,2004,irrigated,139.0
31105,NE,Kimball,10,NORTHWEST,2004,non_irrigated,30.0
31105,NE,Kimball,10,NORTHWEST,2005,all,136.0
31105,NE,Kimball,10,NORTHWEST,2005,irrigated,149.0
31105,NE,Kimball,10,NORTHWEST,2005,non_irrigated,56.0
31105,NE,Kimball,10,NORTHWEST,2006,all,126.4
31105,NE,Kimball,10,NORTHWEST,2006,irrigated,149.0
31105,NE,Kimball,10,NORTHWEST,2006,non_irrigated,44.0
31105,NE,Kimball,10,NORTHWEST,2007,all,105.3
31105,NE,Kimball,10,NORTHWEST,2007,irrigated,137.0
31105,NE,Kimball,10,NORTHWEST,2007,non_irrigated,29.0
31105,NE,Kimball,10,NORTHWEST,2009,all,114.5
31105,NE,Kimball,10,NORTHWEST,2010,all,101.3
31105,NE,Kimball,10,NORTHWEST,2011,all,114.9
31105,NE,Kimball,10,NORTHWEST,2011,irrigated,151.6
31105,NE,Kimball,10,NORTHWEST,2011,non_irrigated,45.6
31105,NE,Kimball,10,NORTHWEST,2012,all,108.2
31105,NE,Kimball,10,NORTHWEST,2012,irrigated,151.2
31105,NE,Kimball,10,NORTHWEST,2012,non_irrigated,12.8
31105,NE,Kimball,10,NORTHWEST,2013,all,111.8
31105,NE,Kimball,10,NORTHWEST,2013,irrigated,149.9
31105,NE,Kimball,10,NORTHWEST,2013,non_irrigated,27.3
31105,NE,Kimball,10,NORTHWEST,2015,all,116.4
31105,NE,Kimball,10,NORTHWEST,2015,irrigated,167.2
31105,NE,Kimball,10,NORTHWEST,2015,non_irrigated,50.2
31105,NE,Kimball,10,NORTHWEST,2016,all,82.7
31105,NE,Kimball,10,NORTHWEST,2016,irrigated,148.7
31105,NE,Kimball,10,NORTHWEST,2016,non_irrigated,33.4
31105,NE,Kimball,10,NORTHWEST,2017,all,82.2
31105,NE,Kimball,10,NORTHWEST,2017,irrigated,164.1
31105,NE,Kimball,10,NORTHWEST,2017,non_irrigated,33.0
31105,NE,Kimball,10,NORTHWEST,2022,all,98.6
31107,NE,Knox,30,NORTHEAST,2000,all,100.0
31107,NE,Knox,30,NORTHEAST,2000,irrigated,160.0
31107,NE,Knox,30,NORTHEAST,2000,non_irrigated,81.0
31107,NE,Knox,30,NORTHEAST,2001,all,126.2
31107,NE,Knox,30,NORTHEAST,2001,irrigated,163.0
31107,NE,Knox,30,NORTHEAST,2001,non_irrigated,113.0
31107,NE,Knox,30,NORTHEAST,2002,all,88.0
31107,NE,Knox,30,NORTHEAST,2002,irrigated,162.0
31107,NE,Knox,30,NORTHEAST,2002,non_irrigated,53.0
31107,NE,Knox,30,NORTHEAST,2003,all,113.9
31107,NE,Knox,30,NORTHEAST,2003,irrigated,185.0
31107,NE,Knox,30,NORTHEAST,2003,non_irrigated,83.0
31107,NE,Knox,30,NORTHEAST,2004,all,144.1
31107,NE,Knox,30,NORTHEAST,2004,irrigated,193.0
31107,NE,Knox,30,NORTHEAST,2004,non_irrigated,127.0
31107,NE,Knox,30,NORTHEAST,2005,all,129.0
31107,NE,Knox,30,NORTHEAST,2005,irrigated,190.0
31107,NE,Knox,30,NORTHEAST,2005,non_irrigated,107.0
31107,NE,Knox,30,NORTHEAST,2006,all,114.9
31107,NE,Knox,30,NORTHEAST,2006,irrigated,198.0
31107,NE,Knox,30,NORTHEAST,2006,non_irrigated,84.0
31107,NE,Knox,30,NORTHEAST,2007,all,137.7
31107,NE,Knox,30,NORTHEAST,2007,irrigated,189.0
31107,NE,Knox,30,NORTHEAST,2007,non_irrigated,115.0
31107,NE,Knox,30,NORTHEAST,2008,all,135.0
31107,NE,Knox,30,NORTHEAST,2008,irrigated,188.0
31107,NE,Knox,30,NORTHEAST,2008,non_irrigated,112.0
31107,NE,Knox,30,NORTHEAST,2009,all,170.0
31107,NE,Knox,30,NORTHEAST,2009,irrigated,212.2
31107,NE,Knox,30,NORTHEAST,2009,non_irrigated,150.8
31107,NE,Knox,30,NORTHEAST,2010,all,164.7
31107,NE,Knox,30,NORTHEAST,2010,irrigated,192.3
31107,NE,Knox,30,NORTHEAST,2010,non_irrigated,153.5
31107,NE,Knox,30,NORTHEAST,2011,all,157.2
31107,NE,Knox,30,NORTHEAST,2011,irrigated,190.3
31107,NE,Knox,30,NORTHEAST,2011,non_irrigated,143.3
31107,NE,Knox,30,NORTHEAST,2012,all,96.8
31107,NE,Knox,30,NORTHEAST,2012,irrigated,172.7
31107,NE,Knox,30,NORTHEAST,2012,non_irrigated,27.8
31107,NE,Knox,30,NORTHEAST,2013,all,168.2
31107,NE,Knox,30,NORTHEAST,2013,irrigated,204.7
31107,NE,Knox,30,NORTHEAST,2013,non_irrigated,151.4
31107,NE,Knox,30,NORTHEAST,2014,all,183.4
31107,NE,Knox,30,NORTHEAST,2014,irrigated,194.0
31107,NE,Knox,30,NORTHEAST,2014,non_irrigated,178.7
31107,NE,Knox,30,NORTHEAST,2015,all,189.2
31107,NE,Knox,30,NORTHEAST,2015,irrigated,214.8
31107,NE,Knox,30,NORTHEAST,2015,non_irrigated,176.3
31107,NE,Knox,30,NORTHEAST,2016,all,172.6
31107,NE,Knox,30,NORTHEAST,2016,irrigated,208.1
31107,NE,Knox,30,NORTHEAST,2016,non_irrigated,152.2
31107,NE,Knox,30,NORTHEAST,2017,all,165.8
31107,NE,Knox,30,NORTHEAST,2017,irrigated,221.5
31107,NE,Knox,30,NORTHEAST,2017,non_irrigated,136.0
31107,NE,Knox,30,NORTHEAST,2018,all,200.0
31107,NE,Knox,30,NORTHEAST,2018,irrigated,217.2
31107,NE,Knox,30,NORTHEAST,2018,non_irrigated,189.9
31107,NE,Knox,30,NORTHEAST,2019,all,194.8
31107,NE,Knox,30,NORTHEAST,2020,all,201.5
31107,NE,Knox,30,NORTHEAST,2021,all,179.9
31107,NE,Knox,30,NORTHEAST,2022,all,152.1
31107,NE,Knox,30,NORTHEAST,2023,all,167.0
31107,NE,Knox,30,NORTHEAST,2024,all,180.3
31107,NE,Knox,30,NORTHEAST,2025,all,199.3
31109,NE,Lancaster,60,EAST,2000,all,104.1
31109,NE,Lancaster,60,EAST,2000,irrigated,157.0
31109,NE,Lancaster,60,EAST,2000,non_irrigated,101.0
31109,NE,Lancaster,60,EAST,2001,all,113.6
31109,NE,Lancaster,60,EAST,2001,irrigated,158.0
31109,NE,Lancaster,60,EAST,2001,non_irrigated,111.0
31109,NE,Lancaster,60,EAST,2002,all,64.4
31109,NE,Lancaster,60,EAST,2002,irrigated,153.0
31109,NE,Lancaster,60,EAST,2002,non_irrigated,59.0
31109,NE,Lancaster,60,EAST,2003,all,91.9
31109,NE,Lancaster,60,EAST,2003,irrigated,172.0
31109,NE,Lancaster,60,EAST,2003,non_irrigated,87.0
31109,NE,Lancaster,60,EAST,2004,all,154.7
31109,NE,Lancaster,60,EAST,2004,irrigated,193.0
31109,NE,Lancaster,60,EAST,2004,non_irrigated,152.0
31109,NE,Lancaster,60,EAST,2005,all,107.9
31109,NE,Lancaster,60,EAST,2005,irrigated,175.0
31109,NE,Lancaster,60,EAST,2005,non_irrigated,103.0
31109,NE,Lancaster,60,EAST,2006,all,122.5
31109,NE,Lancaster,60,EAST,2006,irrigated,179.0
31109,NE,Lancaster,60,EAST,2006,non_irrigated,118.0
31109,NE,Lancaster,60,EAST,2007,all,123.9
31109,NE,Lancaster,60,EAST,2007,irrigated,173.0
31109,NE,Lancaster,60,EAST,2007,non_irrigated,120.0
31109,NE,Lancaster,60,EAST,2008,all,140.0
31109,NE,Lancaster,60,EAST,2008,irrigated,170.0
31109,NE,Lancaster,60,EAST,2008,non_irrigated,138.0
31109,NE,Lancaster,60,EAST,2009,all,156.8
31109,NE,Lancaster,60,EAST,2009,irrigated,209.2
31109,NE,Lancaster,60,EAST,2009,non_irrigated,152.9
31109,NE,Lancaster,60,EAST,2010,all,145.8
31109,NE,Lancaster,60,EAST,2010,irrigated,177.3
31109,NE,Lancaster,60,EAST,2010,non_irrigated,143.4
31109,NE,Lancaster,60,EAST,2011,all,145.1
31109,NE,Lancaster,60,EAST,2011,irrigated,192.3
31109,NE,Lancaster,60,EAST,2011,non_irrigated,141.2
31109,NE,Lancaster,60,EAST,2012,all,81.3
31109,NE,Lancaster,60,EAST,2012,irrigated,179.2
31109,NE,Lancaster,60,EAST,2012,non_irrigated,72.2
31109,NE,Lancaster,60,EAST,2013,all,146.0
31109,NE,Lancaster,60,EAST,2013,irrigated,191.1
31109,NE,Lancaster,60,EAST,2013,non_irrigated,141.9
31109,NE,Lancaster,60,EAST,2014,all,155.7
31109,NE,Lancaster,60,EAST,2014,irrigated,191.4
31109,NE,Lancaster,60,EAST,2014,non_irrigated,152.5
31109,NE,Lancaster,60,EAST,2015,all,157.2
31109,NE,Lancaster,60,EAST,2015,irrigated,199.1
31109,NE,Lancaster,60,EAST,2015,non_irrigated,153.7
31109,NE,Lancaster,60,EAST,2016,all,163.2
31109,NE,Lancaster,60,EAST,2016,irrigated,201.0
31109,NE,Lancaster,60,EAST,2016,non_irrigated,159.8
31109,NE,Lancaster,60,EAST,2017,all,165.5
31109,NE,Lancaster,60,EAST,2018,all,179.7
31109,NE,Lancaster,60,EAST,2019,all,158.2
31109,NE,Lancaster,60,EAST,2020,all,167.0
31109,NE,Lancaster,60,EAST,2021,all,181.2
31109,NE,Lancaster,60,EAST,2022,all,112.1
31109,NE,Lancaster,60,EAST,2023,all,139.6
31109,NE,Lancaster,60,EAST,2024,all,164.5
31111,NE,Lincoln,70,SOUTHWEST,2000,all,138.2
31111,NE,Lincoln,70,SOUTHWEST,2000,irrigated,151.0
31111,NE,Lincoln,70,SOUTHWEST,2000,non_irrigated,27.0
31111,NE,Lincoln,70,SOUTHWEST,2001,all,162.2
31111,NE,Lincoln,70,SOUTHWEST,2001,irrigated,178.0
31111,NE,Lincoln,70,SOUTHWEST,2001,non_irrigated,76.0
31111,NE,Lincoln,70,SOUTHWEST,2002,all,161.2
31111,NE,Lincoln,70,SOUTHWEST,2002,irrigated,166.0
31111,NE,Lincoln,70,SOUTHWEST,2002,non_irrigated,15.0
31111,NE,Lincoln,70,SOUTHWEST,2003,all,166.4
31111,NE,Lincoln,70,SOUTHWEST,2003,irrigated,185.0
31111,NE,Lincoln,70,SOUTHWEST,2003,non_irrigated,36.0
31111,NE,Lincoln,70,SOUTHWEST,2004,all,167.0
31111,NE,Lincoln,70,SOUTHWEST,2004,irrigated,180.0
31111,NE,Lincoln,70,SOUTHWEST,2004,non_irrigated,74.0
31111,NE,Lincoln,70,SOUTHWEST,2005,all,159.0
31111,NE,Lincoln,70,SOUTHWEST,2005,irrigated,177.0
31111,NE,Lincoln,70,SOUTHWEST,2005,non_irrigated,61.0
31111,NE,Lincoln,70,SOUTHWEST,2006,all,163.0
31111,NE,Lincoln,70,SOUTHWEST,2006,irrigated,180.0
31111,NE,Lincoln,70,SOUTHWEST,2006,non_irrigated,46.0
31111,NE,Lincoln,70,SOUTHWEST,2007,all,160.6
31111,NE,Lincoln,70,SOUTHWEST,2007,irrigated,171.0
31111,NE,Lincoln,70,SOUTHWEST,2007,non_irrigated,88.0
31111,NE,Lincoln,70,SOUTHWEST,2008,all,166.0
31111,NE,Lincoln,70,SOUTHWEST,2008,irrigated,181.0
31111,NE,Lincoln,70,SOUTHWEST,2008,non_irrigated,91.0
31111,NE,Lincoln,70,SOUTHWEST,2009,all,173.7
31111,NE,Lincoln,70,SOUTHWEST,2009,irrigated,188.6
31111,NE,Lincoln,70,SOUTHWEST,2009,non_irrigated,86.5
31111,NE,Lincoln,70,SOUTHWEST,2010,all,171.6
31111,NE,Lincoln,70,SOUTHWEST,2010,irrigated,187.5
31111,NE,Lincoln,70,SOUTHWEST,2010,non_irrigated,97.1
31111,NE,Lincoln,70,SOUTHWEST,2011,all,157.7
31111,NE,Lincoln,70,SOUTHWEST,2011,irrigated,175.2
31111,NE,Lincoln,70,SOUTHWEST,2011,non_irrigated,85.8
31111,NE,Lincoln,70,SOUTHWEST,2012,all,171.3
31111,NE,Lincoln,70,SOUTHWEST,2012,irrigated,198.3
31111,NE,Lincoln,70,SOUTHWEST,2012,non_irrigated,24.2
31111,NE,Lincoln,70,SOUTHWEST,2013,all,157.5
31111,NE,Lincoln,70,SOUTHWEST,2013,irrigated,182.9
31111,NE,Lincoln,70,SOUTHWEST,2013,non_irrigated,34.6
31111,NE,Lincoln,70,SOUTHWEST,2014,all,178.7
31111,NE,Lincoln,70,SOUTHWEST,2014,irrigated,201.5
31111,NE,Lincoln,70,SOUTHWEST,2014,non_irrigated,76.8
31111,NE,Lincoln,70,SOUTHWEST,2015,all,185.0
31111,NE,Lincoln,70,SOUTHWEST,2015,irrigated,205.7
31111,NE,Lincoln,70,SOUTHWEST,2015,non_irrigated,99.8
31111,NE,Lincoln,70,SOUTHWEST,2016,all,168.1
31111,NE,Lincoln,70,SOUTHWEST,2016,irrigated,187.6
31111,NE,Lincoln,70,SOUTHWEST,2016,non_irrigated,96.7
31111,NE,Lincoln,70,SOUTHWEST,2017,all,168.4
31111,NE,Lincoln,70,SOUTHWEST,2017,irrigated,196.1
31111,NE,Lincoln,70,SOUTHWEST,2017,non_irrigated,77.9
31111,NE,Lincoln,70,SOUTHWEST,2018,all,182.6
31111,NE,Lincoln,70,SOUTHWEST,2018,irrigated,202.4
31111,NE,Lincoln,70,SOUTHWEST,2018,non_irrigated,105.9
31111,NE,Lincoln,70,SOUTHWEST,2019,all,177.5
31111,NE,Lincoln,70,SOUTHWEST,2020,all,155.4
31111,NE,Lincoln,70,SOUTHWEST,2021,all,191.9
31111,NE,Lincoln,70,SOUTHWEST,2022,all,165.6
31111,NE,Lincoln,70,SOUTHWEST,2023,all,189.7
31111,NE,Lincoln,70,SOUTHWEST,2024,all,213.7
31111,NE,Lincoln,70,SOUTHWEST,2025,all,179.9
31113,NE,Logan,20,NORTH,2000,all,100.3
31113,NE,Logan,20,NORTH,2000,irrigated,144.0
31113,NE,Logan,20,NORTH,2000,non_irrigated,28.0
31113,NE,Logan,20,NORTH,2001,all,139.8
31113,NE,Logan,20,NORTH,2001,irrigated,178.0
31113,NE,Logan,20,NORTH,2001,non_irrigated,76.0
31113,NE,Logan,20,NORTH,2002,all,154.9
31113,NE,Logan,20,NORTH,2002,irrigated,160.0
31113,NE,Logan,20,NORTH,2002,non_irrigated,15.0
31113,NE,Logan,20,NORTH,2003,all,128.8
31113,NE,Logan,20,NORTH,2003,irrigated,183.0
31113,NE,Logan,20,NORTH,2003,non_irrigated,33.0
31113,NE,Logan,20,NORTH,2004,all,140.2
31113,NE,Logan,20,NORTH,2004,irrigated,185.0
31113,NE,Logan,20,NORTH,2004,non_irrigated,57.0
31113,NE,Logan,20,NORTH,2005,all,140.0
31113,NE,Logan,20,NORTH,2005,irrigated,183.0
31113,NE,Logan,20,NORTH,2005,non_irrigated,55.0
31113,NE,Logan,20,NORTH,2006,all,145.2
31113,NE,Logan,20,NORTH,2006,irrigated,191.0
31113,NE,Logan,20,NORTH,2006,non_irrigated,50.0
31113,NE,Logan,20,NORTH,2007,all,149.1
31113,NE,Logan,20,NORTH,2007,irrigated,176.0
31113,NE,Logan,20,NORTH,2007,non_irrigated,86.0
31113,NE,Logan,20,NORTH,2008,all,156.0
31113,NE,Logan,20,NORTH,2008,irrigated,182.0
31113,NE,Logan,20,NORTH,2008,non_irrigated,97.0
31113,NE,Logan,20,NORTH,2009,all,157.9
31113,NE,Logan,20,NORTH,2009,irrigated,186.1
31113,NE,Logan,20,NORTH,2009,non_irrigated,101.6
31113,NE,Logan,20,NORTH,2010,all,153.4
31113,NE,Logan,20,NORTH,2010,irrigated,174.4
31113,NE,Logan,20,NORTH,2010,non_irrigated,111.1
31113,NE,Logan,20,NORTH,2011,all,150.7
31113,NE,Logan,20,NORTH,2011,irrigated,182.4
31113,NE,Logan,20,NORTH,2011,non_irrigated,82.4
31113,NE,Logan,20,NORTH,2012,all,171.1
31113,NE,Logan,20,NORTH,2012,irrigated,194.7
31113,NE,Logan,20,NORTH,2012,non_irrigated,20.8
31113,NE,Logan,20,NORTH,2013,all,169.4
31113,NE,Logan,20,NORTH,2013,irrigated,198.9
31113,NE,Logan,20,NORTH,2013,non_irrigated,64.2
31113,NE,Logan,20,NORTH,2014,all,154.7
31113,NE,Logan,20,NORTH,2015,all,179.7
31113,NE,Logan,20,NORTH,2016,all,177.5
31113,NE,Logan,20,NORTH,2016,irrigated,192.3
31113,NE,Logan,20,NORTH,2016,non_irrigated,119.6
31113,NE,Logan,20,NORTH,2017,all,168.1
31113,NE,Logan,20,NORTH,2017,irrigated,185.5
31113,NE,Logan,20,NORTH,2017,non_irrigated,93.1
31113,NE,Logan,20,NORTH,2018,all,211.3
31113,NE,Logan,20,NORTH,2019,all,184.1
31113,NE,Logan,20,NORTH,2020,all,202.2
31113,NE,Logan,20,NORTH,2023,all,202.6
31113,NE,Logan,20,NORTH,2024,all,201.2
31113,NE,Logan,20,NORTH,2025,all,162.7
31115,NE,Loup,20,NORTH,2000,all,124.1
31115,NE,Loup,20,NORTH,2000,irrigated,145.0
31115,NE,Loup,20,NORTH,2000,non_irrigated,42.0
31115,NE,Loup,20,NORTH,2001,all,131.6
31115,NE,Loup,20,NORTH,2001,irrigated,149.0
31115,NE,Loup,20,NORTH,2001,non_irrigated,65.0
31115,NE,Loup,20,NORTH,2002,all,131.8
31115,NE,Loup,20,NORTH,2002,irrigated,134.0
31115,NE,Loup,20,NORTH,2002,non_irrigated,0.0
31115,NE,Loup,20,NORTH,2003,all,132.9
31115,NE,Loup,20,NORTH,2003,irrigated,154.0
31115,NE,Loup,20,NORTH,2003,non_irrigated,37.0
31115,NE,Loup,20,NORTH,2004,all,156.9
31115,NE,Loup,20,NORTH,2004,irrigated,169.0
31115,NE,Loup,20,NORTH,2004,non_irrigated,46.0
31115,NE,Loup,20,NORTH,2005,all,144.7
31115,NE,Loup,20,NORTH,2005,irrigated,158.0
31115,NE,Loup,20,NORTH,2005,non_irrigated,50.0
31115,NE,Loup,20,NORTH,2006,all,144.0
31115,NE,Loup,20,NORTH,2006,irrigated,151.0
31115,NE,Loup,20,NORTH,2007,all,156.5
31115,NE,Loup,20,NORTH,2007,irrigated,164.0
31115,NE,Loup,20,NORTH,2007,non_irrigated,85.0
31115,NE,Loup,20,NORTH,2008,all,170.0
31115,NE,Loup,20,NORTH,2010,all,142.6
31115,NE,Loup,20,NORTH,2010,irrigated,149.0
31115,NE,Loup,20,NORTH,2010,non_irrigated,97.8
31115,NE,Loup,20,NORTH,2012,all,141.6
31115,NE,Loup,20,NORTH,2015,all,174.4
31115,NE,Loup,20,NORTH,2017,all,149.6
31115,NE,Loup,20,NORTH,2017,irrigated,155.4
31115,NE,Loup,20,NORTH,2017,non_irrigated,102.8
31115,NE,Loup,20,NORTH,2020,all,169.3
31115,NE,Loup,20,NORTH,2023,all,178.5
31117,NE,Mcpherson,20,NORTH,2000,all,136.0
31117,NE,Mcpherson,20,NORTH,2000,irrigated,140.0
31117,NE,Mcpherson,20,NORTH,2001,all,150.0
31117,NE,Mcpherson,20,NORTH,2001,irrigated,153.0
31117,NE,Mcpherson,20,NORTH,2002,all,146.0
31117,NE,Mcpherson,20,NORTH,2002,irrigated,146.0
31117,NE,Mcpherson,20,NORTH,2003,all,82.0
31117,NE,Mcpherson,20,NORTH,2003,irrigated,160.0
31117,NE,Mcpherson,20,NORTH,2003,non_irrigated,30.0
31117,NE,Mcpherson,20,NORTH,2004,all,174.1
31117,NE,Mcpherson,20,NORTH,2004,irrigated,182.0
31117,NE,Mcpherson,20,NORTH,2005,all,188.0
31117,NE,Mcpherson,20,NORTH,2005,irrigated,192.0
31117,NE,Mcpherson,20,NORTH,2006,all,177.0
31117,NE,Mcpherson,20,NORTH,2006,irrigated,177.0
31117,NE,Mcpherson,20,NORTH,2007,all,161.1
31117,NE,Mcpherson,20,NORTH,2007,irrigated,167.0
31117,NE,Mcpherson,20,NORTH,2011,all,189.0
31117,NE,Mcpherson,20,NORTH,2016,all,158.1
31119,NE,Madison,30,NORTHEAST,2000,all,104.2
31119,NE,Madison,30,NORTHEAST,2000,irrigated,132.0
31119,NE,Madison,30,NORTHEAST,2000,non_irrigated,84.0
31119,NE,Madison,30,NORTHEAST,2001,all,129.1
31119,NE,Madison,30,NORTHEAST,2001,irrigated,142.0
31119,NE,Madison,30,NORTHEAST,2001,non_irrigated,120.0
31119,NE,Madison,30,NORTHEAST,2002,all,110.9
31119,NE,Madison,30,NORTHEAST,2002,irrigated,157.0
31119,NE,Madison,30,NORTHEAST,2002,non_irrigated,79.0
31119,NE,Madison,30,NORTHEAST,2003,all,132.8
31119,NE,Madison,30,NORTHEAST,2003,irrigated,185.0
31119,NE,Madison,30,NORTHEAST,2003,non_irrigated,93.0
31119,NE,Madison,30,NORTHEAST,2004,all,152.8
31119,NE,Madison,30,NORTHEAST,2004,irrigated,181.0
31119,NE,Madison,30,NORTHEAST,2004,non_irrigated,132.0
31119,NE,Madison,30,NORTHEAST,2005,all,148.4
31119,NE,Madison,30,NORTHEAST,2005,irrigated,177.0
31119,NE,Madison,30,NORTHEAST,2005,non_irrigated,126.0
31119,NE,Madison,30,NORTHEAST,2006,all,145.0
31119,NE,Madison,30,NORTHEAST,2006,irrigated,183.0
31119,NE,Madison,30,NORTHEAST,2006,non_irrigated,112.0
31119,NE,Madison,30,NORTHEAST,2007,all,156.6
31119,NE,Madison,30,NORTHEAST,2007,irrigated,177.0
31119,NE,Madison,30,NORTHEAST,2007,non_irrigated,137.0
31119,NE,Madison,30,NORTHEAST,2008,all,150.0
31119,NE,Madison,30,NORTHEAST,2008,irrigated,171.0
31119,NE,Madison,30,NORTHEAST,2008,non_irrigated,129.0
31119,NE,Madison,30,NORTHEAST,2009,all,182.5
31119,NE,Madison,30,NORTHEAST,2009,irrigated,212.2
31119,NE,Madison,30,NORTHEAST,2009,non_irrigated,155.9
31119,NE,Madison,30,NORTHEAST,2010,all,168.6
31119,NE,Madison,30,NORTHEAST,2010,irrigated,187.9
31119,NE,Madison,30,NORTHEAST,2010,non_irrigated,151.6
31119,NE,Madison,30,NORTHEAST,2011,all,159.0
31119,NE,Madison,30,NORTHEAST,2011,irrigated,168.7
31119,NE,Madison,30,NORTHEAST,2011,non_irrigated,149.8
31119,NE,Madison,30,NORTHEAST,2012,all,112.6
31119,NE,Madison,30,NORTHEAST,2012,irrigated,185.7
31119,NE,Madison,30,NORTHEAST,2012,non_irrigated,34.1
31119,NE,Madison,30,NORTHEAST,2013,all,175.4
31119,NE,Madison,30,NORTHEAST,2013,irrigated,207.9
31119,NE,Madison,30,NORTHEAST,2013,non_irrigated,144.7
31119,NE,Madison,30,NORTHEAST,2014,all,182.8
31119,NE,Madison,30,NORTHEAST,2014,irrigated,201.4
31119,NE,Madison,30,NORTHEAST,2014,non_irrigated,165.7
31119,NE,Madison,30,NORTHEAST,2015,all,195.2
31119,NE,Madison,30,NORTHEAST,2015,irrigated,214.0
31119,NE,Madison,30,NORTHEAST,2015,non_irrigated,177.0
31119,NE,Madison,30,NORTHEAST,2016,all,199.5
31119,NE,Madison,30,NORTHEAST,2016,irrigated,211.8
31119,NE,Madison,30,NORTHEAST,2016,non_irrigated,187.1
31119,NE,Madison,30,NORTHEAST,2017,all,195.4
31119,NE,Madison,30,NORTHEAST,2017,irrigated,216.7
31119,NE,Madison,30,NORTHEAST,2017,non_irrigated,176.5
31119,NE,Madison,30,NORTHEAST,2018,all,182.2
31119,NE,Madison,30,NORTHEAST,2018,irrigated,194.4
31119,NE,Madison,30,NORTHEAST,2018,non_irrigated,170.0
31119,NE,Madison,30,NORTHEAST,2019,all,199.7
31119,NE,Madison,30,NORTHEAST,2020,all,197.6
31119,NE,Madison,30,NORTHEAST,2021,all,192.1
31119,NE,Madison,30,NORTHEAST,2022,all,164.9
31119,NE,Madison,30,NORTHEAST,2023,all,175.0
31121,NE,Merrick,60,EAST,2000,all,133.1
31121,NE,Merrick,60,EAST,2000,irrigated,138.0
31121,NE,Merrick,60,EAST,2000,non_irrigated,68.0
31121,NE,Merrick,60,EAST,2001,all,157.0
31121,NE,Merrick,60,EAST,2001,irrigated,161.0
31121,NE,Merrick,60,EAST,2001,non_irrigated,92.0
31121,NE,Merrick,60,EAST,2002,all,155.2
31121,NE,Merrick,60,EAST,2002,irrigated,160.0
31121,NE,Merrick,60,EAST,2002,non_irrigated,35.0
31121,NE,Merrick,60,EAST,2003,all,167.2
31121,NE,Merrick,60,EAST,2003,irrigated,171.0
31121,NE,Merrick,60,EAST,2003,non_irrigated,53.0
31121,NE,Merrick,60,EAST,2004,all,177.1
31121,NE,Merrick,60,EAST,2004,irrigated,181.0
31121,NE,Merrick,60,EAST,2004,non_irrigated,103.0
31121,NE,Merrick,60,EAST,2005,all,163.5
31121,NE,Merrick,60,EAST,2005,irrigated,169.0
31121,NE,Merrick,60,EAST,2005,non_irrigated,74.0
31121,NE,Merrick,60,EAST,2006,all,172.2
31121,NE,Merrick,60,EAST,2006,irrigated,178.0
31121,NE,Merrick,60,EAST,2006,non_irrigated,86.0
31121,NE,Merrick,60,EAST,2007,all,158.3
31121,NE,Merrick,60,EAST,2007,irrigated,161.0
31121,NE,Merrick,60,EAST,2007,non_irrigated,110.0
31121,NE,Merrick,60,EAST,2008,all,154.0
31121,NE,Merrick,60,EAST,2008,irrigated,157.0
31121,NE,Merrick,60,EAST,2008,non_irrigated,93.0
31121,NE,Merrick,60,EAST,2009,all,187.7
31121,NE,Merrick,60,EAST,2009,irrigated,192.1
31121,NE,Merrick,60,EAST,2009,non_irrigated,116.7
31121,NE,Merrick,60,EAST,2010,all,169.2
31121,NE,Merrick,60,EAST,2010,irrigated,172.7
31121,NE,Merrick,60,EAST,2010,non_irrigated,109.3
31121,NE,Merrick,60,EAST,2011,all,158.3
31121,NE,Merrick,60,EAST,2011,irrigated,161.2
31121,NE,Merrick,60,EAST,2011,non_irrigated,116.6
31121,NE,Merrick,60,EAST,2012,all,158.2
31121,NE,Merrick,60,EAST,2012,irrigated,163.8
31121,NE,Merrick,60,EAST,2012,non_irrigated,26.8
31121,NE,Merrick,60,EAST,2013,all,192.9
31121,NE,Merrick,60,EAST,2014,all,183.4
31121,NE,Merrick,60,EAST,2015,all,191.0
31121,NE,Merrick,60,EAST,2015,irrigated,196.2
31121,NE,Merrick,60,EAST,2015,non_irrigated,122.2
31121,NE,Merrick,60,EAST,2016,all,166.1
31121,NE,Merrick,60,EAST,2017,all,186.9
31121,NE,Merrick,60,EAST,2018,all,193.0
31121,NE,Merrick,60,EAST,2019,all,174.8
31121,NE,Merrick,60,EAST,2020,all,189.1
31121,NE,Merrick,60,EAST,2023,all,198.9
31123,NE,Morrill,10,NORTHWEST,2000,all,147.6
31123,NE,Morrill,10,NORTHWEST,2000,irrigated,150.0
31123,NE,Morrill,10,NORTHWEST,2000,non_irrigated,28.0
31123,NE,Morrill,10,NORTHWEST,2001,all,158.0
31123,NE,Morrill,10,NORTHWEST,2001,irrigated,161.0
31123,NE,Morrill,10,NORTHWEST,2001,non_irrigated,46.0
31123,NE,Morrill,10,NORTHWEST,2002,all,141.8
31123,NE,Morrill,10,NORTHWEST,2002,irrigated,142.0
31123,NE,Morrill,10,NORTHWEST,2002,non_irrigated,0.0
31123,NE,Morrill,10,NORTHWEST,2003,all,168.4
31123,NE,Morrill,10,NORTHWEST,2003,irrigated,170.0
31123,NE,Morrill,10,NORTHWEST,2003,non_irrigated,25.0
31123,NE,Morrill,10,NORTHWEST,2004,all,145.7
31123,NE,Morrill,10,NORTHWEST,2004,irrigated,147.0
31123,NE,Morrill,10,NORTHWEST,2004,non_irrigated,50.0
31123,NE,Morrill,10,NORTHWEST,2005,all,165.3
31123,NE,Morrill,10,NORTHWEST,2005,irrigated,167.0
31123,NE,Morrill,10,NORTHWEST,2005,non_irrigated,60.0
31123,NE,Morrill,10,NORTHWEST,2006,all,175.4
31123,NE,Morrill,10,NORTHWEST,2006,irrigated,176.0
31123,NE,Morrill,10,NORTHWEST,2007,all,171.7
31123,NE,Morrill,10,NORTHWEST,2008,all,159.0
31123,NE,Morrill,10,NORTHWEST,2009,all,156.7
31123,NE,Morrill,10,NORTHWEST,2009,irrigated,157.9
31123,NE,Morrill,10,NORTHWEST,2009,non_irrigated,80.2
31123,NE,Morrill,10,NORTHWEST,2010,all,155.4
31123,NE,Morrill,10,NORTHWEST,2010,irrigated,157.8
31123,NE,Morrill,10,NORTHWEST,2010,non_irrigated,75.0
31123,NE,Morrill,10,NORTHWEST,2011,all,169.0
31123,NE,Morrill,10,NORTHWEST,2011,irrigated,174.0
31123,NE,Morrill,10,NORTHWEST,2011,non_irrigated,75.4
31123,NE,Morrill,10,NORTHWEST,2012,all,151.4
31123,NE,Morrill,10,NORTHWEST,2012,irrigated,153.1
31123,NE,Morrill,10,NORTHWEST,2012,non_irrigated,24.6
31123,NE,Morrill,10,NORTHWEST,2013,all,163.4
31123,NE,Morrill,10,NORTHWEST,2014,all,176.4
31123,NE,Morrill,10,NORTHWEST,2015,all,168.0
31123,NE,Morrill,10,NORTHWEST,2016,all,181.5
31123,NE,Morrill,10,NORTHWEST,2017,all,169.4
31123,NE,Morrill,10,NORTHWEST,2018,all,163.5
31123,NE,Morrill,10,NORTHWEST,2019,all,159.3
31123,NE,Morrill,10,NORTHWEST,2020,all,159.6
31123,NE,Morrill,10,NORTHWEST,2021,all,178.3
31123,NE,Morrill,10,NORTHWEST,2022,all,156.1
31123,NE,Morrill,10,NORTHWEST,2023,all,173.1
31123,NE,Morrill,10,NORTHWEST,2024,all,171.9
31123,NE,Morrill,10,NORTHWEST,2025,all,166.7
31125,NE,Nance,60,EAST,2000,all,109.8
31125,NE,Nance,60,EAST,2000,irrigated,148.0
31125,NE,Nance,60,EAST,2000,non_irrigated,42.0
31125,NE,Nance,60,EAST,2001,all,124.5
31125,NE,Nance,60,EAST,2001,irrigated,159.0
31125,NE,Nance,60,EAST,2001,non_irrigated,81.0
31125,NE,Nance,60,EAST,2002,all,119.3
31125,NE,Nance,60,EAST,2002,irrigated,164.0
31125,NE,Nance,60,EAST,2002,non_irrigated,26.0
31125,NE,Nance,60,EAST,2003,all,124.2
31125,NE,Nance,60,EAST,2003,irrigated,175.0
31125,NE,Nance,60,EAST,2003,non_irrigated,40.0
31125,NE,Nance,60,EAST,2004,all,156.8
31125,NE,Nance,60,EAST,2004,irrigated,191.0
31125,NE,Nance,60,EAST,2004,non_irrigated,106.0
31125,NE,Nance,60,EAST,2005,all,149.4
31125,NE,Nance,60,EAST,2005,irrigated,192.0
31125,NE,Nance,60,EAST,2005,non_irrigated,94.0
31125,NE,Nance,60,EAST,2006,all,151.2
31125,NE,Nance,60,EAST,2006,irrigated,184.0
31125,NE,Nance,60,EAST,2006,non_irrigated,105.0
31125,NE,Nance,60,EAST,2007,all,156.0
31125,NE,Nance,60,EAST,2007,irrigated,174.0
31125,NE,Nance,60,EAST,2007,non_irrigated,130.0
31125,NE,Nance,60,EAST,2008,all,165.0
31125,NE,Nance,60,EAST,2008,irrigated,185.0
31125,NE,Nance,60,EAST,2008,non_irrigated,137.0
31125,NE,Nance,60,EAST,2009,all,178.1
31125,NE,Nance,60,EAST,2009,irrigated,202.1
31125,NE,Nance,60,EAST,2009,non_irrigated,145.8
31125,NE,Nance,60,EAST,2010,all,160.2
31125,NE,Nance,60,EAST,2010,irrigated,180.2
31125,NE,Nance,60,EAST,2010,non_irrigated,133.3
31125,NE,Nance,60,EAST,2011,all,163.2
31125,NE,Nance,60,EAST,2011,irrigated,179.7
31125,NE,Nance,60,EAST,2011,non_irrigated,141.1
31125,NE,Nance,60,EAST,2012,all,128.0
31125,NE,Nance,60,EAST,2013,all,171.2
31125,NE,Nance,60,EAST,2014,all,178.1
31125,NE,Nance,60,EAST,2014,irrigated,198.7
31125,NE,Nance,60,EAST,2014,non_irrigated,154.4
31125,NE,Nance,60,EAST,2015,all,185.6
31125,NE,Nance,60,EAST,2015,irrigated,209.6
31125,NE,Nance,60,EAST,2015,non_irrigated,156.9
31125,NE,Nance,60,EAST,2016,all,182.7
31125,NE,Nance,60,EAST,2016,irrigated,199.6
31125,NE,Nance,60,EAST,2016,non_irrigated,160.9
31125,NE,Nance,60,EAST,2017,all,178.1
31125,NE,Nance,60,EAST,2019,all,192.6
31125,NE,Nance,60,EAST,2020,all,189.8
31125,NE,Nance,60,EAST,2021,all,205.3
31125,NE,Nance,60,EAST,2022,all,141.1
31125,NE,Nance,60,EAST,2025,all,191.8
31127,NE,Nemaha,90,SOUTHEAST,2000,all,105.1
31127,NE,Nemaha,90,SOUTHEAST,2000,irrigated,140.0
31127,NE,Nemaha,90,SOUTHEAST,2000,non_irrigated,104.0
31127,NE,Nemaha,90,SOUTHEAST,2001,all,127.1
31127,NE,Nemaha,90,SOUTHEAST,2001,irrigated,170.0
31127,NE,Nemaha,90,SOUTHEAST,2001,non_irrigated,126.0
31127,NE,Nemaha,90,SOUTHEAST,2002,all,46.5
31127,NE,Nemaha,90,SOUTHEAST,2002,irrigated,162.0
31127,NE,Nemaha,90,SOUTHEAST,2002,non_irrigated,44.0
31127,NE,Nemaha,90,SOUTHEAST,2003,all,89.3
31127,NE,Nemaha,90,SOUTHEAST,2003,irrigated,150.0
31127,NE,Nemaha,90,SOUTHEAST,2003,non_irrigated,88.0
31127,NE,Nemaha,90,SOUTHEAST,2004,all,165.4
31127,NE,Nemaha,90,SOUTHEAST,2004,irrigated,200.0
31127,NE,Nemaha,90,SOUTHEAST,2004,non_irrigated,164.0
31127,NE,Nemaha,90,SOUTHEAST,2005,all,127.7
31127,NE,Nemaha,90,SOUTHEAST,2005,irrigated,170.0
31127,NE,Nemaha,90,SOUTHEAST,2005,non_irrigated,126.0
31127,NE,Nemaha,90,SOUTHEAST,2006,all,110.1
31127,NE,Nemaha,90,SOUTHEAST,2006,irrigated,186.0
31127,NE,Nemaha,90,SOUTHEAST,2006,non_irrigated,104.0
31127,NE,Nemaha,90,SOUTHEAST,2007,all,142.5
31127,NE,Nemaha,90,SOUTHEAST,2007,irrigated,187.0
31127,NE,Nemaha,90,SOUTHEAST,2007,non_irrigated,139.0
31127,NE,Nemaha,90,SOUTHEAST,2008,all,142.0
31127,NE,Nemaha,90,SOUTHEAST,2008,irrigated,192.0
31127,NE,Nemaha,90,SOUTHEAST,2008,non_irrigated,138.0
31127,NE,Nemaha,90,SOUTHEAST,2009,all,169.3
31127,NE,Nemaha,90,SOUTHEAST,2009,irrigated,213.2
31127,NE,Nemaha,90,SOUTHEAST,2009,non_irrigated,166.4
31127,NE,Nemaha,90,SOUTHEAST,2010,all,142.0
31127,NE,Nemaha,90,SOUTHEAST,2010,irrigated,173.7
31127,NE,Nemaha,90,SOUTHEAST,2010,non_irrigated,140.1
31127,NE,Nemaha,90,SOUTHEAST,2011,all,153.0
31127,NE,Nemaha,90,SOUTHEAST,2011,irrigated,200.0
31127,NE,Nemaha,90,SOUTHEAST,2011,non_irrigated,149.5
31127,NE,Nemaha,90,SOUTHEAST,2012,all,107.1
31127,NE,Nemaha,90,SOUTHEAST,2012,irrigated,224.1
31127,NE,Nemaha,90,SOUTHEAST,2012,non_irrigated,95.9
31127,NE,Nemaha,90,SOUTHEAST,2013,all,160.1
31127,NE,Nemaha,90,SOUTHEAST,2013,irrigated,226.7
31127,NE,Nemaha,90,SOUTHEAST,2013,non_irrigated,154.8
31127,NE,Nemaha,90,SOUTHEAST,2014,all,177.2
31127,NE,Nemaha,90,SOUTHEAST,2014,irrigated,234.2
31127,NE,Nemaha,90,SOUTHEAST,2014,non_irrigated,172.6
31127,NE,Nemaha,90,SOUTHEAST,2015,all,169.8
31127,NE,Nemaha,90,SOUTHEAST,2016,all,148.7
31127,NE,Nemaha,90,SOUTHEAST,2016,irrigated,193.2
31127,NE,Nemaha,90,SOUTHEAST,2016,non_irrigated,143.8
31127,NE,Nemaha,90,SOUTHEAST,2017,all,173.6
31127,NE,Nemaha,90,SOUTHEAST,2017,irrigated,198.8
31127,NE,Nemaha,90,SOUTHEAST,2017,non_irrigated,171.3
31127,NE,Nemaha,90,SOUTHEAST,2018,all,186.0
31127,NE,Nemaha,90,SOUTHEAST,2019,all,166.1
31127,NE,Nemaha,90,SOUTHEAST,2020,all,177.1
31127,NE,Nemaha,90,SOUTHEAST,2021,all,184.7
31127,NE,Nemaha,90,SOUTHEAST,2022,all,153.0
31127,NE,Nemaha,90,SOUTHEAST,2023,all,189.9
31127,NE,Nemaha,90,SOUTHEAST,2025,all,186.7
31129,NE,Nuckolls,90,SOUTHEAST,2000,all,105.4
31129,NE,Nuckolls,90,SOUTHEAST,2000,irrigated,144.0
31129,NE,Nuckolls,90,SOUTHEAST,2000,non_irrigated,45.0
31129,NE,Nuckolls,90,SOUTHEAST,2001,all,142.9
31129,NE,Nuckolls,90,SOUTHEAST,2001,irrigated,171.0
31129,NE,Nuckolls,90,SOUTHEAST,2001,non_irrigated,112.0
31129,NE,Nuckolls,90,SOUTHEAST,2002,all,121.8
31129,NE,Nuckolls,90,SOUTHEAST,2002,irrigated,177.0
31129,NE,Nuckolls,90,SOUTHEAST,2002,non_irrigated,30.0
31129,NE,Nuckolls,90,SOUTHEAST,2003,all,132.7
31129,NE,Nuckolls,90,SOUTHEAST,2003,irrigated,182.0
31129,NE,Nuckolls,90,SOUTHEAST,2003,non_irrigated,60.0
31129,NE,Nuckolls,90,SOUTHEAST,2004,all,151.6
31129,NE,Nuckolls,90,SOUTHEAST,2004,irrigated,179.0
31129,NE,Nuckolls,90,SOUTHEAST,2004,non_irrigated,123.0
31129,NE,Nuckolls,90,SOUTHEAST,2005,all,136.8
31129,NE,Nuckolls,90,SOUTHEAST,2005,irrigated,189.0
31129,NE,Nuckolls,90,SOUTHEAST,2005,non_irrigated,99.0
31129,NE,Nuckolls,90,SOUTHEAST,2006,all,117.5
31129,NE,Nuckolls,90,SOUTHEAST,2006,irrigated,171.0
31129,NE,Nuckolls,90,SOUTHEAST,2006,non_irrigated,76.0
31129,NE,Nuckolls,90,SOUTHEAST,2007,all,149.1
31129,NE,Nuckolls,90,SOUTHEAST,2007,irrigated,188.0
31129,NE,Nuckolls,90,SOUTHEAST,2007,non_irrigated,120.0
31129,NE,Nuckolls,90,SOUTHEAST,2008,all,164.0
31129,NE,Nuckolls,90,SOUTHEAST,2008,irrigated,194.0
31129,NE,Nuckolls,90,SOUTHEAST,2008,non_irrigated,145.0
31129,NE,Nuckolls,90,SOUTHEAST,2009,all,159.6
31129,NE,Nuckolls,90,SOUTHEAST,2009,irrigated,208.2
31129,NE,Nuckolls,90,SOUTHEAST,2009,non_irrigated,127.7
31129,NE,Nuckolls,90,SOUTHEAST,2010,all,146.7
31129,NE,Nuckolls,90,SOUTHEAST,2010,irrigated,189.2
31129,NE,Nuckolls,90,SOUTHEAST,2010,non_irrigated,119.9
31129,NE,Nuckolls,90,SOUTHEAST,2011,all,154.3
31129,NE,Nuckolls,90,SOUTHEAST,2011,irrigated,194.1
31129,NE,Nuckolls,90,SOUTHEAST,2011,non_irrigated,127.6
31129,NE,Nuckolls,90,SOUTHEAST,2012,all,141.0
31129,NE,Nuckolls,90,SOUTHEAST,2012,irrigated,212.2
31129,NE,Nuckolls,90,SOUTHEAST,2012,non_irrigated,95.1
31129,NE,Nuckolls,90,SOUTHEAST,2013,all,155.9
31129,NE,Nuckolls,90,SOUTHEAST,2013,irrigated,197.3
31129,NE,Nuckolls,90,SOUTHEAST,2013,non_irrigated,129.9
31129,NE,Nuckolls,90,SOUTHEAST,2014,all,175.3
31129,NE,Nuckolls,90,SOUTHEAST,2014,irrigated,217.7
31129,NE,Nuckolls,90,SOUTHEAST,2014,non_irrigated,151.9
31129,NE,Nuckolls,90,SOUTHEAST,2015,all,166.5
31129,NE,Nuckolls,90,SOUTHEAST,2015,irrigated,206.9
31129,NE,Nuckolls,90,SOUTHEAST,2015,non_irrigated,141.4
31129,NE,Nuckolls,90,SOUTHEAST,2016,all,169.6
31129,NE,Nuckolls,90,SOUTHEAST,2016,irrigated,217.0
31129,NE,Nuckolls,90,SOUTHEAST,2016,non_irrigated,141.7
31129,NE,Nuckolls,90,SOUTHEAST,2017,all,177.0
31129,NE,Nuckolls,90,SOUTHEAST,2017,irrigated,218.5
31129,NE,Nuckolls,90,SOUTHEAST,2017,non_irrigated,153.9
31129,NE,Nuckolls,90,SOUTHEAST,2018,all,171.5
31129,NE,Nuckolls,90,SOUTHEAST,2019,all,188.2
31129,NE,Nuckolls,90,SOUTHEAST,2020,all,179.0
31129,NE,Nuckolls,90,SOUTHEAST,2022,all,163.5
31129,NE,Nuckolls,90,SOUTHEAST,2024,all,181.2
31131,NE,Otoe,90,SOUTHEAST,2000,all,105.6
31131,NE,Otoe,90,SOUTHEAST,2000,irrigated,145.0
31131,NE,Otoe,90,SOUTHEAST,2000,non_irrigated,105.0
31131,NE,Otoe,90,SOUTHEAST,2001,all,109.8
31131,NE,Otoe,90,SOUTHEAST,2001,irrigated,150.0
31131,NE,Otoe,90,SOUTHEAST,2001,non_irrigated,109.0
31131,NE,Otoe,90,SOUTHEAST,2002,all,32.5
31131,NE,Otoe,90,SOUTHEAST,2002,irrigated,134.0
31131,NE,Otoe,90,SOUTHEAST,2002,non_irrigated,30.0
31131,NE,Otoe,90,SOUTHEAST,2003,all,77.3
31131,NE,Otoe,90,SOUTHEAST,2003,irrigated,170.0
31131,NE,Otoe,90,SOUTHEAST,2003,non_irrigated,75.0
31131,NE,Otoe,90,SOUTHEAST,2004,all,163.0
31131,NE,Otoe,90,SOUTHEAST,2004,irrigated,204.0
31131,NE,Otoe,90,SOUTHEAST,2004,non_irrigated,162.0
31131,NE,Otoe,90,SOUTHEAST,2005,all,108.9
31131,NE,Otoe,90,SOUTHEAST,2005,irrigated,182.0
31131,NE,Otoe,90,SOUTHEAST,2005,non_irrigated,107.0
31131,NE,Otoe,90,SOUTHEAST,2006,all,125.3
31131,NE,Otoe,90,SOUTHEAST,2006,irrigated,171.0
31131,NE,Otoe,90,SOUTHEAST,2006,non_irrigated,124.0
31131,NE,Otoe,90,SOUTHEAST,2007,all,124.0
31131,NE,Otoe,90,SOUTHEAST,2007,irrigated,186.0
31131,NE,Otoe,90,SOUTHEAST,2007,non_irrigated,122.0
31131,NE,Otoe,90,SOUTHEAST,2008,all,131.0
31131,NE,Otoe,90,SOUTHEAST,2008,irrigated,163.0
31131,NE,Otoe,90,SOUTHEAST,2008,non_irrigated,130.0
31131,NE,Otoe,90,SOUTHEAST,2009,all,166.9
31131,NE,Otoe,90,SOUTHEAST,2009,irrigated,211.2
31131,NE,Otoe,90,SOUTHEAST,2009,non_irrigated,165.9
31131,NE,Otoe,90,SOUTHEAST,2010,all,131.6
31131,NE,Otoe,90,SOUTHEAST,2010,irrigated,166.0
31131,NE,Otoe,90,SOUTHEAST,2010,non_irrigated,130.8
31131,NE,Otoe,90,SOUTHEAST,2011,all,138.3
31131,NE,Otoe,90,SOUTHEAST,2011,irrigated,175.7
31131,NE,Otoe,90,SOUTHEAST,2011,non_irrigated,137.4
31131,NE,Otoe,90,SOUTHEAST,2012,all,81.3
31131,NE,Otoe,90,SOUTHEAST,2012,irrigated,179.0
31131,NE,Otoe,90,SOUTHEAST,2012,non_irrigated,79.0
31131,NE,Otoe,90,SOUTHEAST,2013,all,131.6
31131,NE,Otoe,90,SOUTHEAST,2014,all,158.8
31131,NE,Otoe,90,SOUTHEAST,2015,all,156.7
31131,NE,Otoe,90,SOUTHEAST,2016,all,164.3
31131,NE,Otoe,90,SOUTHEAST,2016,irrigated,178.9
31131,NE,Otoe,90,SOUTHEAST,2016,non_irrigated,163.7
31131,NE,Otoe,90,SOUTHEAST,2017,all,169.0
31131,NE,Otoe,90,SOUTHEAST,2018,all,163.8
31131,NE,Otoe,90,SOUTHEAST,2018,irrigated,188.7
31131,NE,Otoe,90,SOUTHEAST,2018,non_irrigated,163.1
31131,NE,Otoe,90,SOUTHEAST,2019,all,157.1
31131,NE,Otoe,90,SOUTHEAST,2020,all,175.9
31131,NE,Otoe,90,SOUTHEAST,2021,all,182.5
31131,NE,Otoe,90,SOUTHEAST,2022,all,129.8
31131,NE,Otoe,90,SOUTHEAST,2025,all,174.7
31133,NE,Pawnee,90,SOUTHEAST,2000,all,92.8
31133,NE,Pawnee,90,SOUTHEAST,2000,irrigated,147.0
31133,NE,Pawnee,90,SOUTHEAST,2000,non_irrigated,88.0
31133,NE,Pawnee,90,SOUTHEAST,2001,all,124.1
31133,NE,Pawnee,90,SOUTHEAST,2001,irrigated,180.0
31133,NE,Pawnee,90,SOUTHEAST,2001,non_irrigated,120.0
31133,NE,Pawnee,90,SOUTHEAST,2002,all,43.8
31133,NE,Pawnee,90,SOUTHEAST,2002,irrigated,155.0
31133,NE,Pawnee,90,SOUTHEAST,2002,non_irrigated,36.0
31133,NE,Pawnee,90,SOUTHEAST,2003,all,70.7
31133,NE,Pawnee,90,SOUTHEAST,2003,irrigated,180.0
31133,NE,Pawnee,90,SOUTHEAST,2003,non_irrigated,60.0
31133,NE,Pawnee,90,SOUTHEAST,2004,all,148.2
31133,NE,Pawnee,90,SOUTHEAST,2004,irrigated,189.0
31133,NE,Pawnee,90,SOUTHEAST,2004,non_irrigated,145.0
31133,NE,Pawnee,90,SOUTHEAST,2005,all,118.7
31133,NE,Pawnee,90,SOUTHEAST,2005,irrigated,192.0
31133,NE,Pawnee,90,SOUTHEAST,2005,non_irrigated,111.0
31133,NE,Pawnee,90,SOUTHEAST,2006,all,108.6
31133,NE,Pawnee,90,SOUTHEAST,2006,irrigated,185.0
31133,NE,Pawnee,90,SOUTHEAST,2006,non_irrigated,101.0
31133,NE,Pawnee,90,SOUTHEAST,2007,all,122.9
31133,NE,Pawnee,90,SOUTHEAST,2007,irrigated,161.0
31133,NE,Pawnee,90,SOUTHEAST,2007,non_irrigated,119.0
31133,NE,Pawnee,90,SOUTHEAST,2008,all,132.0
31133,NE,Pawnee,90,SOUTHEAST,2008,irrigated,164.0
31133,NE,Pawnee,90,SOUTHEAST,2008,non_irrigated,129.0
31133,NE,Pawnee,90,SOUTHEAST,2009,all,131.4
31133,NE,Pawnee,90,SOUTHEAST,2009,irrigated,198.0
31133,NE,Pawnee,90,SOUTHEAST,2009,non_irrigated,129.7
31133,NE,Pawnee,90,SOUTHEAST,2010,all,120.2
31133,NE,Pawnee,90,SOUTHEAST,2011,all,111.4
31133,NE,Pawnee,90,SOUTHEAST,2011,irrigated,175.0
31133,NE,Pawnee,90,SOUTHEAST,2011,non_irrigated,109.9
31133,NE,Pawnee,90,SOUTHEAST,2012,all,68.1
31133,NE,Pawnee,90,SOUTHEAST,2012,irrigated,171.0
31133,NE,Pawnee,90,SOUTHEAST,2012,non_irrigated,66.0
31133,NE,Pawnee,90,SOUTHEAST,2013,all,140.6
31133,NE,Pawnee,90,SOUTHEAST,2014,all,150.3
31133,NE,Pawnee,90,SOUTHEAST,2014,irrigated,212.3
31133,NE,Pawnee,90,SOUTHEAST,2014,non_irrigated,146.9
31133,NE,Pawnee,90,SOUTHEAST,2015,all,151.6
31133,NE,Pawnee,90,SOUTHEAST,2015,irrigated,184.6
31133,NE,Pawnee,90,SOUTHEAST,2015,non_irrigated,148.4
31133,NE,Pawnee,90,SOUTHEAST,2016,all,141.6
31133,NE,Pawnee,90,SOUTHEAST,2017,all,132.7
31133,NE,Pawnee,90,SOUTHEAST,2018,all,153.9
31133,NE,Pawnee,90,SOUTHEAST,2019,all,128.8
31133,NE,Pawnee,90,SOUTHEAST,2020,all,159.7
31133,NE,Pawnee,90,SOUTHEAST,2021,all,160.7
31133,NE,Pawnee,90,SOUTHEAST,2022,all,140.3
31133,NE,Pawnee,90,SOUTHEAST,2023,all,173.8
31133,NE,Pawnee,90,SOUTHEAST,2024,all,159.0
31133,NE,Pawnee,90,SOUTHEAST,2025,all,159.2
31135,NE,Perkins,70,SOUTHWEST,2000,all,128.0
31135,NE,Perkins,70,SOUTHWEST,2000,irrigated,176.0
31135,NE,Perkins,70,SOUTHWEST,2000,non_irrigated,39.0
31135,NE,Perkins,70,SOUTHWEST,2001,all,145.3
31135,NE,Perkins,70,SOUTHWEST,2001,irrigated,182.0
31135,NE,Perkins,70,SOUTHWEST,2001,non_irrigated,70.0
31135,NE,Perkins,70,SOUTHWEST,2002,all,134.6
31135,NE,Perkins,70,SOUTHWEST,2002,irrigated,170.0
31135,NE,Perkins,70,SOUTHWEST,2002,non_irrigated,37.0
31135,NE,Perkins,70,SOUTHWEST,2003,all,142.0
31135,NE,Perkins,70,SOUTHWEST,2003,irrigated,194.0
31135,NE,Perkins,70,SOUTHWEST,2003,non_irrigated,27.0
31135,NE,Perkins,70,SOUTHWEST,2004,all,150.7
31135,NE,Perkins,70,SOUTHWEST,2004,irrigated,186.0
31135,NE,Perkins,70,SOUTHWEST,2004,non_irrigated,68.0
31135,NE,Perkins,70,SOUTHWEST,2005,all,141.1
31135,NE,Perkins,70,SOUTHWEST,2005,irrigated,184.0
31135,NE,Perkins,70,SOUTHWEST,2005,non_irrigated,49.0
31135,NE,Perkins,70,SOUTHWEST,2006,all,147.1
31135,NE,Perkins,70,SOUTHWEST,2006,irrigated,200.0
31135,NE,Perkins,70,SOUTHWEST,2006,non_irrigated,36.0
31135,NE,Perkins,70,SOUTHWEST,2007,all,145.3
31135,NE,Perkins,70,SOUTHWEST,2007,irrigated,182.0
31135,NE,Perkins,70,SOUTHWEST,2007,non_irrigated,77.0
31135,NE,Perkins,70,SOUTHWEST,2008,all,148.0
31135,NE,Perkins,70,SOUTHWEST,2008,irrigated,193.0
31135,NE,Perkins,70,SOUTHWEST,2008,non_irrigated,86.0
31135,NE,Perkins,70,SOUTHWEST,2009,all,137.6
31135,NE,Perkins,70,SOUTHWEST,2009,irrigated,177.0
31135,NE,Perkins,70,SOUTHWEST,2009,non_irrigated,84.2
31135,NE,Perkins,70,SOUTHWEST,2010,all,129.8
31135,NE,Perkins,70,SOUTHWEST,2010,irrigated,179.7
31135,NE,Perkins,70,SOUTHWEST,2010,non_irrigated,75.7
31135,NE,Perkins,70,SOUTHWEST,2011,all,117.3
31135,NE,Perkins,70,SOUTHWEST,2011,irrigated,163.7
31135,NE,Perkins,70,SOUTHWEST,2011,non_irrigated,77.7
31135,NE,Perkins,70,SOUTHWEST,2012,all,112.2
31135,NE,Perkins,70,SOUTHWEST,2012,irrigated,185.2
31135,NE,Perkins,70,SOUTHWEST,2012,non_irrigated,24.1
31135,NE,Perkins,70,SOUTHWEST,2013,all,114.1
31135,NE,Perkins,70,SOUTHWEST,2013,irrigated,194.4
31135,NE,Perkins,70,SOUTHWEST,2013,non_irrigated,48.6
31135,NE,Perkins,70,SOUTHWEST,2014,all,150.8
31135,NE,Perkins,70,SOUTHWEST,2014,irrigated,209.9
31135,NE,Perkins,70,SOUTHWEST,2014,non_irrigated,93.8
31135,NE,Perkins,70,SOUTHWEST,2015,all,144.6
31135,NE,Perkins,70,SOUTHWEST,2015,irrigated,209.2
31135,NE,Perkins,70,SOUTHWEST,2015,non_irrigated,86.9
31135,NE,Perkins,70,SOUTHWEST,2016,all,141.4
31135,NE,Perkins,70,SOUTHWEST,2016,irrigated,211.7
31135,NE,Perkins,70,SOUTHWEST,2016,non_irrigated,83.3
31135,NE,Perkins,70,SOUTHWEST,2017,all,137.5
31135,NE,Perkins,70,SOUTHWEST,2017,irrigated,221.2
31135,NE,Perkins,70,SOUTHWEST,2017,non_irrigated,81.9
31135,NE,Perkins,70,SOUTHWEST,2018,all,148.9
31135,NE,Perkins,70,SOUTHWEST,2019,all,123.8
31135,NE,Perkins,70,SOUTHWEST,2020,all,114.7
31135,NE,Perkins,70,SOUTHWEST,2021,all,136.9
31137,NE,Phelps,80,SOUTH,2000,all,153.6
31137,NE,Phelps,80,SOUTH,2000,irrigated,158.0
31137,NE,Phelps,80,SOUTH,2000,non_irrigated,69.0
31137,NE,Phelps,80,SOUTH,2001,all,194.1
31137,NE,Phelps,80,SOUTH,2001,irrigated,201.5
31137,NE,Phelps,80,SOUTH,2001,non_irrigated,84.0
31137,NE,Phelps,80,SOUTH,2002,all,181.3
31137,NE,Phelps,80,SOUTH,2002,irrigated,185.0
31137,NE,Phelps,80,SOUTH,2002,non_irrigated,27.0
31137,NE,Phelps,80,SOUTH,2003,all,199.2
31137,NE,Phelps,80,SOUTH,2003,irrigated,207.0
31137,NE,Phelps,80,SOUTH,2003,non_irrigated,46.0
31137,NE,Phelps,80,SOUTH,2004,all,193.8
31137,NE,Phelps,80,SOUTH,2004,irrigated,200.0
31137,NE,Phelps,80,SOUTH,2004,non_irrigated,77.0
31137,NE,Phelps,80,SOUTH,2005,all,197.4
31137,NE,Phelps,80,SOUTH,2005,irrigated,205.0
31137,NE,Phelps,80,SOUTH,2005,non_irrigated,75.0
31137,NE,Phelps,80,SOUTH,2006,all,185.3
31137,NE,Phelps,80,SOUTH,2006,irrigated,192.0
31137,NE,Phelps,80,SOUTH,2006,non_irrigated,78.0
31137,NE,Phelps,80,SOUTH,2007,all,198.8
31137,NE,Phelps,80,SOUTH,2007,irrigated,203.0
31137,NE,Phelps,80,SOUTH,2007,non_irrigated,133.0
31137,NE,Phelps,80,SOUTH,2008,all,199.0
31137,NE,Phelps,80,SOUTH,2008,irrigated,204.0
31137,NE,Phelps,80,SOUTH,2008,non_irrigated,122.0
31137,NE,Phelps,80,SOUTH,2009,all,212.0
31137,NE,Phelps,80,SOUTH,2009,irrigated,217.2
31137,NE,Phelps,80,SOUTH,2009,non_irrigated,139.8
31137,NE,Phelps,80,SOUTH,2010,all,202.4
31137,NE,Phelps,80,SOUTH,2010,irrigated,207.3
31137,NE,Phelps,80,SOUTH,2010,non_irrigated,134.8
31137,NE,Phelps,80,SOUTH,2011,all,183.2
31137,NE,Phelps,80,SOUTH,2011,irrigated,187.4
31137,NE,Phelps,80,SOUTH,2011,non_irrigated,129.5
31137,NE,Phelps,80,SOUTH,2012,all,206.6
31137,NE,Phelps,80,SOUTH,2012,irrigated,216.3
31137,NE,Phelps,80,SOUTH,2012,non_irrigated,42.9
31137,NE,Phelps,80,SOUTH,2013,all,199.5
31137,NE,Phelps,80,SOUTH,2013,irrigated,209.2
31137,NE,Phelps,80,SOUTH,2013,non_irrigated,43.6
31137,NE,Phelps,80,SOUTH,2014,all,222.7
31137,NE,Phelps,80,SOUTH,2015,all,224.0
31137,NE,Phelps,80,SOUTH,2015,irrigated,231.7
31137,NE,Phelps,80,SOUTH,2015,non_irrigated,128.2
31137,NE,Phelps,80,SOUTH,2016,all,205.5
31137,NE,Phelps,80,SOUTH,2016,irrigated,211.5
31137,NE,Phelps,80,SOUTH,2016,non_irrigated,129.9
31137,NE,Phelps,80,SOUTH,2017,all,219.6
31137,NE,Phelps,80,SOUTH,2017,irrigated,227.2
31137,NE,Phelps,80,SOUTH,2017,non_irrigated,133.7
31137,NE,Phelps,80,SOUTH,2018,all,228.5
31137,NE,Phelps,80,SOUTH,2019,all,214.3
31137,NE,Phelps,80,SOUTH,2020,all,230.0
31137,NE,Phelps,80,SOUTH,2021,all,227.0
31137,NE,Phelps,80,SOUTH,2022,all,227.0
31137,NE,Phelps,80,SOUTH,2023,all,227.2
31137,NE,Phelps,80,SOUTH,2024,all,198.9
31137,NE,Phelps,80,SOUTH,2025,all,240.5
31139,NE,Pierce,30,NORTHEAST,2000,all,114.0
31139,NE,Pierce,30,NORTHEAST,2000,irrigated,156.0
31139,NE,Pierce,30,NORTHEAST,2000,non_irrigated,72.0
31139,NE,Pierce,30,NORTHEAST,2001,all,145.0
31139,NE,Pierce,30,NORTHEAST,2001,irrigated,170.0
31139,NE,Pierce,30,NORTHEAST,2001,non_irrigated,119.0
31139,NE,Pierce,30,NORTHEAST,2002,all,117.4
31139,NE,Pierce,30,NORTHEAST,2002,irrigated,173.0
31139,NE,Pierce,30,NORTHEAST,2002,non_irrigated,60.0
31139,NE,Pierce,30,NORTHEAST,2003,all,144.1
31139,NE,Pierce,30,NORTHEAST,2003,irrigated,189.0
31139,NE,Pierce,30,NORTHEAST,2003,non_irrigated,96.0
31139,NE,Pierce,30,NORTHEAST,2004,all,155.9
31139,NE,Pierce,30,NORTHEAST,2004,irrigated,188.0
31139,NE,Pierce,30,NORTHEAST,2004,non_irrigated,122.0
31139,NE,Pierce,30,NORTHEAST,2005,all,149.4
31139,NE,Pierce,30,NORTHEAST,2005,irrigated,183.0
31139,NE,Pierce,30,NORTHEAST,2005,non_irrigated,110.0
31139,NE,Pierce,30,NORTHEAST,2006,all,147.3
31139,NE,Pierce,30,NORTHEAST,2006,irrigated,192.0
31139,NE,Pierce,30,NORTHEAST,2006,non_irrigated,92.0
31139,NE,Pierce,30,NORTHEAST,2007,all,159.7
31139,NE,Pierce,30,NORTHEAST,2007,irrigated,184.0
31139,NE,Pierce,30,NORTHEAST,2007,non_irrigated,127.0
31139,NE,Pierce,30,NORTHEAST,2008,all,171.0
31139,NE,Pierce,30,NORTHEAST,2008,irrigated,197.0
31139,NE,Pierce,30,NORTHEAST,2008,non_irrigated,135.0
31139,NE,Pierce,30,NORTHEAST,2009,all,178.8
31139,NE,Pierce,30,NORTHEAST,2009,irrigated,206.2
31139,NE,Pierce,30,NORTHEAST,2009,non_irrigated,140.8
31139,NE,Pierce,30,NORTHEAST,2010,all,176.2
31139,NE,Pierce,30,NORTHEAST,2010,irrigated,189.6
31139,NE,Pierce,30,NORTHEAST,2010,non_irrigated,156.0
31139,NE,Pierce,30,NORTHEAST,2011,all,161.2
31139,NE,Pierce,30,NORTHEAST,2011,irrigated,177.7
31139,NE,Pierce,30,NORTHEAST,2011,non_irrigated,139.0
31139,NE,Pierce,30,NORTHEAST,2012,all,139.8
31139,NE,Pierce,30,NORTHEAST,2012,irrigated,191.6
31139,NE,Pierce,30,NORTHEAST,2012,non_irrigated,37.1
31139,NE,Pierce,30,NORTHEAST,2013,all,178.9
31139,NE,Pierce,30,NORTHEAST,2013,irrigated,202.8
31139,NE,Pierce,30,NORTHEAST,2013,non_irrigated,143.9
31139,NE,Pierce,30,NORTHEAST,2014,all,176.9
31139,NE,Pierce,30,NORTHEAST,2014,irrigated,188.0
31139,NE,Pierce,30,NORTHEAST,2014,non_irrigated,160.1
31139,NE,Pierce,30,NORTHEAST,2015,all,190.3
31139,NE,Pierce,30,NORTHEAST,2015,irrigated,202.3
31139,NE,Pierce,30,NORTHEAST,2015,non_irrigated,173.1
31139,NE,Pierce,30,NORTHEAST,2016,all,191.1
31139,NE,Pierce,30,NORTHEAST,2016,irrigated,209.9
31139,NE,Pierce,30,NORTHEAST,2016,non_irrigated,159.6
31139,NE,Pierce,30,NORTHEAST,2017,all,179.7
31139,NE,Pierce,30,NORTHEAST,2017,irrigated,207.4
31139,NE,Pierce,30,NORTHEAST,2017,non_irrigated,138.0
31139,NE,Pierce,30,NORTHEAST,2018,all,199.2
31139,NE,Pierce,30,NORTHEAST,2019,all,196.6
31139,NE,Pierce,30,NORTHEAST,2020,all,202.4
31139,NE,Pierce,30,NORTHEAST,2021,all,199.5
31139,NE,Pierce,30,NORTHEAST,2022,all,176.6
31139,NE,Pierce,30,NORTHEAST,2024,all,192.2
31141,NE,Platte,60,EAST,2000,all,116.2
31141,NE,Platte,60,EAST,2000,irrigated,147.0
31141,NE,Platte,60,EAST,2000,non_irrigated,68.0
31141,NE,Platte,60,EAST,2001,all,140.9
31141,NE,Platte,60,EAST,2001,irrigated,161.0
31141,NE,Platte,60,EAST,2001,non_irrigated,110.0
31141,NE,Platte,60,EAST,2002,all,131.6
31141,NE,Platte,60,EAST,2002,irrigated,167.0
31141,NE,Platte,60,EAST,2002,non_irrigated,70.0
31141,NE,Platte,60,EAST,2003,all,145.0
31141,NE,Platte,60,EAST,2003,irrigated,179.0
31141,NE,Platte,60,EAST,2003,non_irrigated,86.0
31141,NE,Platte,60,EAST,2004,all,183.2
31141,NE,Platte,60,EAST,2004,irrigated,196.0
31141,NE,Platte,60,EAST,2004,non_irrigated,160.0
31141,NE,Platte,60,EAST,2005,all,163.9
31141,NE,Platte,60,EAST,2005,irrigated,190.0
31141,NE,Platte,60,EAST,2005,non_irrigated,115.0
31141,NE,Platte,60,EAST,2006,all,165.3
31141,NE,Platte,60,EAST,2006,irrigated,190.0
31141,NE,Platte,60,EAST,2006,non_irrigated,117.0
31141,NE,Platte,60,EAST,2007,all,170.1
31141,NE,Platte,60,EAST,2007,irrigated,180.0
31141,NE,Platte,60,EAST,2007,non_irrigated,150.0
31141,NE,Platte,60,EAST,2008,all,176.0
31141,NE,Platte,60,EAST,2008,irrigated,191.0
31141,NE,Platte,60,EAST,2008,non_irrigated,148.0
31141,NE,Platte,60,EAST,2009,all,198.1
31141,NE,Platte,60,EAST,2009,irrigated,211.2
31141,NE,Platte,60,EAST,2009,non_irrigated,171.0
31141,NE,Platte,60,EAST,2010,all,176.6
31141,NE,Platte,60,EAST,2010,irrigated,189.6
31141,NE,Platte,60,EAST,2010,non_irrigated,151.0
31141,NE,Platte,60,EAST,2011,all,170.8
31141,NE,Platte,60,EAST,2011,irrigated,179.5
31141,NE,Platte,60,EAST,2011,non_irrigated,153.3
31141,NE,Platte,60,EAST,2012,all,154.3
31141,NE,Platte,60,EAST,2012,irrigated,194.9
31141,NE,Platte,60,EAST,2012,non_irrigated,47.5
31141,NE,Platte,60,EAST,2013,all,196.8
31141,NE,Platte,60,EAST,2013,irrigated,211.2
31141,NE,Platte,60,EAST,2013,non_irrigated,167.0
31141,NE,Platte,60,EAST,2014,all,195.4
31141,NE,Platte,60,EAST,2014,irrigated,204.5
31141,NE,Platte,60,EAST,2014,non_irrigated,176.5
31141,NE,Platte,60,EAST,2015,all,203.0
31141,NE,Platte,60,EAST,2015,irrigated,210.1
31141,NE,Platte,60,EAST,2015,non_irrigated,188.0
31141,NE,Platte,60,EAST,2016,all,193.2
31141,NE,Platte,60,EAST,2016,irrigated,201.3
31141,NE,Platte,60,EAST,2016,non_irrigated,176.1
31141,NE,Platte,60,EAST,2017,all,195.9
31141,NE,Platte,60,EAST,2017,irrigated,209.3
31141,NE,Platte,60,EAST,2017,non_irrigated,168.8
31141,NE,Platte,60,EAST,2018,all,192.5
31141,NE,Platte,60,EAST,2018,irrigated,202.9
31141,NE,Platte,60,EAST,2018,non_irrigated,169.2
31141,NE,Platte,60,EAST,2019,all,211.1
31141,NE,Platte,60,EAST,2020,all,191.9
31141,NE,Platte,60,EAST,2021,all,213.3
31141,NE,Platte,60,EAST,2022,all,170.9
31141,NE,Platte,60,EAST,2023,all,207.4
31141,NE,Platte,60,EAST,2024,all,196.4
31143,NE,Polk,60,EAST,2000,all,123.5
31143,NE,Polk,60,EAST,2000,irrigated,143.0
31143,NE,Polk,60,EAST,2000,non_irrigated,65.0
31143,NE,Polk,60,EAST,2001,all,158.9
31143,NE,Polk,60,EAST,2001,irrigated,174.0
31143,NE,Polk,60,EAST,2001,non_irrigated,116.0
31143,NE,Polk,60,EAST,2002,all,131.8
31143,NE,Polk,60,EAST,2002,irrigated,164.0
31143,NE,Polk,60,EAST,2002,non_irrigated,29.0
31143,NE,Polk,60,EAST,2003,all,150.7
31143,NE,Polk,60,EAST,2003,irrigated,184.0
31143,NE,Polk,60,EAST,2003,non_irrigated,36.0
31143,NE,Polk,60,EAST,2004,all,171.9
31143,NE,Polk,60,EAST,2004,irrigated,189.0
31143,NE,Polk,60,EAST,2004,non_irrigated,111.0
31143,NE,Polk,60,EAST,2005,all,162.3
31143,NE,Polk,60,EAST,2005,irrigated,181.0
31143,NE,Polk,60,EAST,2005,non_irrigated,94.0
31143,NE,Polk,60,EAST,2006,all,162.3
31143,NE,Polk,60,EAST,2006,irrigated,176.0
31143,NE,Polk,60,EAST,2006,non_irrigated,115.0
31143,NE,Polk,60,EAST,2007,all,166.3
31143,NE,Polk,60,EAST,2007,irrigated,172.0
31143,NE,Polk,60,EAST,2007,non_irrigated,143.0
31143,NE,Polk,60,EAST,2008,all,159.0
31143,NE,Polk,60,EAST,2008,irrigated,164.0
31143,NE,Polk,60,EAST,2008,non_irrigated,140.0
31143,NE,Polk,60,EAST,2009,all,201.7
31143,NE,Polk,60,EAST,2009,irrigated,212.2
31143,NE,Polk,60,EAST,2009,non_irrigated,157.9
31143,NE,Polk,60,EAST,2010,all,170.1
31143,NE,Polk,60,EAST,2010,irrigated,175.6
31143,NE,Polk,60,EAST,2010,non_irrigated,149.2
31143,NE,Polk,60,EAST,2011,all,167.8
31143,NE,Polk,60,EAST,2011,irrigated,172.7
31143,NE,Polk,60,EAST,2011,non_irrigated,148.0
31143,NE,Polk,60,EAST,2012,all,160.4
31143,NE,Polk,60,EAST,2012,irrigated,183.7
31143,NE,Polk,60,EAST,2012,non_irrigated,59.1
31143,NE,Polk,60,EAST,2013,all,183.4
31143,NE,Polk,60,EAST,2013,irrigated,196.4
31143,NE,Polk,60,EAST,2013,non_irrigated,127.8
31143,NE,Polk,60,EAST,2014,all,190.1
31143,NE,Polk,60,EAST,2014,irrigated,199.7
31143,NE,Polk,60,EAST,2014,non_irrigated,152.3
31143,NE,Polk,60,EAST,2015,all,203.1
31143,NE,Polk,60,EAST,2015,irrigated,209.8
31143,NE,Polk,60,EAST,2015,non_irrigated,171.6
31143,NE,Polk,60,EAST,2016,all,187.9
31143,NE,Polk,60,EAST,2016,irrigated,192.9
31143,NE,Polk,60,EAST,2016,non_irrigated,165.9
31143,NE,Polk,60,EAST,2017,all,197.8
31143,NE,Polk,60,EAST,2018,all,211.0
31143,NE,Polk,60,EAST,2018,irrigated,217.2
31143,NE,Polk,60,EAST,2018,non_irrigated,183.9
31143,NE,Polk,60,EAST,2020,all,202.8
31143,NE,Polk,60,EAST,2022,all,210.6
31143,NE,Polk,60,EAST,2023,all,190.3
31143,NE,Polk,60,EAST,2024,all,206.2
31145,NE,Red Willow,70,SOUTHWEST,2000,all,85.0
31145,NE,Red Willow,70,SOUTHWEST,2000,irrigated,131.0
31145,NE,Red Willow,70,SOUTHWEST,2000,non_irrigated,35.0
31145,NE,Red Willow,70,SOUTHWEST,2001,all,125.8
31145,NE,Red Willow,70,SOUTHWEST,2001,irrigated,158.0
31145,NE,Red Willow,70,SOUTHWEST,2001,non_irrigated,86.0
31145,NE,Red Willow,70,SOUTHWEST,2002,all,124.4
31145,NE,Red Willow,70,SOUTHWEST,2002,irrigated,133.0
31145,NE,Red Willow,70,SOUTHWEST,2002,non_irrigated,21.0
31145,NE,Red Willow,70,SOUTHWEST,2003,all,110.6
31145,NE,Red Willow,70,SOUTHWEST,2003,irrigated,181.0
31145,NE,Red Willow,70,SOUTHWEST,2003,non_irrigated,38.0
31145,NE,Red Willow,70,SOUTHWEST,2004,all,135.0
31145,NE,Red Willow,70,SOUTHWEST,2004,irrigated,190.0
31145,NE,Red Willow,70,SOUTHWEST,2004,non_irrigated,76.0
31145,NE,Red Willow,70,SOUTHWEST,2005,all,117.4
31145,NE,Red Willow,70,SOUTHWEST,2005,irrigated,185.0
31145,NE,Red Willow,70,SOUTHWEST,2005,non_irrigated,72.0
31145,NE,Red Willow,70,SOUTHWEST,2006,all,106.2
31145,NE,Red Willow,70,SOUTHWEST,2006,irrigated,187.0
31145,NE,Red Willow,70,SOUTHWEST,2006,non_irrigated,56.0
31145,NE,Red Willow,70,SOUTHWEST,2007,all,137.3
31145,NE,Red Willow,70,SOUTHWEST,2007,irrigated,185.0
31145,NE,Red Willow,70,SOUTHWEST,2007,non_irrigated,104.0
31145,NE,Red Willow,70,SOUTHWEST,2008,all,139.0
31145,NE,Red Willow,70,SOUTHWEST,2008,irrigated,187.0
31145,NE,Red Willow,70,SOUTHWEST,2008,non_irrigated,103.0
31145,NE,Red Willow,70,SOUTHWEST,2009,all,158.9
31145,NE,Red Willow,70,SOUTHWEST,2009,irrigated,215.2
31145,NE,Red Willow,70,SOUTHWEST,2009,non_irrigated,124.7
31145,NE,Red Willow,70,SOUTHWEST,2010,all,145.5
31145,NE,Red Willow,70,SOUTHWEST,2010,irrigated,203.5
31145,NE,Red Willow,70,SOUTHWEST,2010,non_irrigated,116.9
31145,NE,Red Willow,70,SOUTHWEST,2011,all,119.0
31145,NE,Red Willow,70,SOUTHWEST,2011,irrigated,169.3
31145,NE,Red Willow,70,SOUTHWEST,2011,non_irrigated,96.3
31145,NE,Red Willow,70,SOUTHWEST,2012,all,102.9
31145,NE,Red Willow,70,SOUTHWEST,2012,irrigated,180.0
31145,NE,Red Willow,70,SOUTHWEST,2012,non_irrigated,21.1
31145,NE,Red Willow,70,SOUTHWEST,2013,all,77.0
31145,NE,Red Willow,70,SOUTHWEST,2013,irrigated,167.6
31145,NE,Red Willow,70,SOUTHWEST,2013,non_irrigated,27.6
31145,NE,Red Willow,70,SOUTHWEST,2014,all,122.5
31145,NE,Red Willow,70,SOUTHWEST,2015,all,145.5
31145,NE,Red Willow,70,SOUTHWEST,2016,all,141.8
31145,NE,Red Willow,70,SOUTHWEST,2016,irrigated,197.6
31145,NE,Red Willow,70,SOUTHWEST,2016,non_irrigated,119.3
31145,NE,Red Willow,70,SOUTHWEST,2019,all,155.9
31145,NE,Red Willow,70,SOUTHWEST,2020,all,138.3
31145,NE,Red Willow,70,SOUTHWEST,2021,all,145.6
31145,NE,Red Willow,70,SOUTHWEST,2022,all,125.7
31145,NE,Red Willow,70,SOUTHWEST,2024,all,150.2
31145,NE,Red Willow,70,SOUTHWEST,2025,all,153.0
31147,NE,Richardson,90,SOUTHEAST,2000,all,118.3
31147,NE,Richardson,90,SOUTHEAST,2000,irrigated,150.0
31147,NE,Richardson,90,SOUTHEAST,2000,non_irrigated,118.0
31147,NE,Richardson,90,SOUTHEAST,2001,all,134.5
31147,NE,Richardson,90,SOUTHEAST,2001,irrigated,185.0
31147,NE,Richardson,90,SOUTHEAST,2001,non_irrigated,134.0
31147,NE,Richardson,90,SOUTHEAST,2002,all,64.5
31147,NE,Richardson,90,SOUTHEAST,2002,irrigated,164.0
31147,NE,Richardson,90,SOUTHEAST,2002,non_irrigated,64.0
31147,NE,Richardson,90,SOUTHEAST,2003,all,87.0
31147,NE,Richardson,90,SOUTHEAST,2003,non_irrigated,87.0
31147,NE,Richardson,90,SOUTHEAST,2004,all,162.5
31147,NE,Richardson,90,SOUTHEAST,2004,irrigated,205.0
31147,NE,Richardson,90,SOUTHEAST,2004,non_irrigated,162.0
31147,NE,Richardson,90,SOUTHEAST,2005,all,142.2
31147,NE,Richardson,90,SOUTHEAST,2005,irrigated,170.0
31147,NE,Richardson,90,SOUTHEAST,2005,non_irrigated,142.0
31147,NE,Richardson,90,SOUTHEAST,2006,all,137.5
31147,NE,Richardson,90,SOUTHEAST,2006,irrigated,185.0
31147,NE,Richardson,90,SOUTHEAST,2006,non_irrigated,137.0
31147,NE,Richardson,90,SOUTHEAST,2007,all,132.9
31147,NE,Richardson,90,SOUTHEAST,2007,irrigated,170.0
31147,NE,Richardson,90,SOUTHEAST,2007,non_irrigated,132.0
31147,NE,Richardson,90,SOUTHEAST,2008,all,141.0
31147,NE,Richardson,90,SOUTHEAST,2008,irrigated,156.0
31147,NE,Richardson,90,SOUTHEAST,2008,non_irrigated,140.0
31147,NE,Richardson,90,SOUTHEAST,2009,all,165.8
31147,NE,Richardson,90,SOUTHEAST,2009,irrigated,220.3
31147,NE,Richardson,90,SOUTHEAST,2009,non_irrigated,163.9
31147,NE,Richardson,90,SOUTHEAST,2010,all,148.7
31147,NE,Richardson,90,SOUTHEAST,2011,all,147.9
31147,NE,Richardson,90,SOUTHEAST,2011,irrigated,186.8
31147,NE,Richardson,90,SOUTHEAST,2011,non_irrigated,146.5
31147,NE,Richardson,90,SOUTHEAST,2012,all,102.9
31147,NE,Richardson,90,SOUTHEAST,2012,irrigated,164.7
31147,NE,Richardson,90,SOUTHEAST,2012,non_irrigated,101.1
31147,NE,Richardson,90,SOUTHEAST,2013,all,162.3
31147,NE,Richardson,90,SOUTHEAST,2013,irrigated,204.2
31147,NE,Richardson,90,SOUTHEAST,2013,non_irrigated,160.0
31147,NE,Richardson,90,SOUTHEAST,2014,all,181.1
31147,NE,Richardson,90,SOUTHEAST,2015,all,160.0
31147,NE,Richardson,90,SOUTHEAST,2015,irrigated,189.0
31147,NE,Richardson,90,SOUTHEAST,2015,non_irrigated,158.1
31147,NE,Richardson,90,SOUTHEAST,2016,all,156.9
31147,NE,Richardson,90,SOUTHEAST,2016,irrigated,198.8
31147,NE,Richardson,90,SOUTHEAST,2016,non_irrigated,154.4
31147,NE,Richardson,90,SOUTHEAST,2017,all,164.2
31147,NE,Richardson,90,SOUTHEAST,2018,all,161.2
31147,NE,Richardson,90,SOUTHEAST,2019,all,161.2
31147,NE,Richardson,90,SOUTHEAST,2020,all,188.5
31147,NE,Richardson,90,SOUTHEAST,2021,all,180.7
31147,NE,Richardson,90,SOUTHEAST,2022,all,166.9
31147,NE,Richardson,90,SOUTHEAST,2023,all,194.8
31147,NE,Richardson,90,SOUTHEAST,2025,all,185.1
31149,NE,Rock,20,NORTH,2000,all,151.6
31149,NE,Rock,20,NORTH,2000,irrigated,156.0
31149,NE,Rock,20,NORTH,2000,non_irrigated,40.0
31149,NE,Rock,20,NORTH,2001,all,158.7
31149,NE,Rock,20,NORTH,2001,irrigated,160.0
31149,NE,Rock,20,NORTH,2002,all,166.2
31149,NE,Rock,20,NORTH,2002,irrigated,167.0
31149,NE,Rock,20,NORTH,2003,all,175.4
31149,NE,Rock,20,NORTH,2003,irrigated,176.0
31149,NE,Rock,20,NORTH,2004,all,177.4
31149,NE,Rock,20,NORTH,2004,irrigated,178.0
31149,NE,Rock,20,NORTH,2005,all,163.9
31149,NE,Rock,20,NORTH,2005,irrigated,165.0
31149,NE,Rock,20,NORTH,2006,all,171.9
31149,NE,Rock,20,NORTH,2006,irrigated,175.0
31149,NE,Rock,20,NORTH,2007,all,171.0
31149,NE,Rock,20,NORTH,2007,irrigated,171.0
31149,NE,Rock,20,NORTH,2007,non_irrigated,0.0
31149,NE,Rock,20,NORTH,2008,all,190.0
31149,NE,Rock,20,NORTH,2009,all,185.8
31149,NE,Rock,20,NORTH,2010,all,173.2
31149,NE,Rock,20,NORTH,2010,irrigated,176.7
31149,NE,Rock,20,NORTH,2010,non_irrigated,101.5
31149,NE,Rock,20,NORTH,2011,all,168.6
31149,NE,Rock,20,NORTH,2011,irrigated,173.2
31149,NE,Rock,20,NORTH,2011,non_irrigated,80.6
31149,NE,Rock,20,NORTH,2014,all,176.0
31149,NE,Rock,20,NORTH,2016,all,196.3
31149,NE,Rock,20,NORTH,2019,all,201.3
31149,NE,Rock,20,NORTH,2020,all,182.7
31149,NE,Rock,20,NORTH,2021,all,195.3
31149,NE,Rock,20,NORTH,2023,all,232.3
31151,NE,Saline,90,SOUTHEAST,2000,all,109.5
31151,NE,Saline,90,SOUTHEAST,2000,irrigated,146.0
31151,NE,Saline,90,SOUTHEAST,2000,non_irrigated,65.0
31151,NE,Saline,90,SOUTHEAST,2001,all,138.9
31151,NE,Saline,90,SOUTHEAST,2001,irrigated,167.0
31151,NE,Saline,90,SOUTHEAST,2001,non_irrigated,108.0
31151,NE,Saline,90,SOUTHEAST,2002,all,107.3
31151,NE,Saline,90,SOUTHEAST,2002,irrigated,177.0
31151,NE,Saline,90,SOUTHEAST,2002,non_irrigated,38.0
31151,NE,Saline,90,SOUTHEAST,2003,all,128.4
31151,NE,Saline,90,SOUTHEAST,2003,irrigated,191.0
31151,NE,Saline,90,SOUTHEAST,2003,non_irrigated,60.0
31151,NE,Saline,90,SOUTHEAST,2004,all,157.4
31151,NE,Saline,90,SOUTHEAST,2004,irrigated,189.0
31151,NE,Saline,90,SOUTHEAST,2004,non_irrigated,122.0
31151,NE,Saline,90,SOUTHEAST,2005,all,129.5
31151,NE,Saline,90,SOUTHEAST,2005,irrigated,182.0
31151,NE,Saline,90,SOUTHEAST,2005,non_irrigated,85.0
31151,NE,Saline,90,SOUTHEAST,2006,all,144.0
31151,NE,Saline,90,SOUTHEAST,2006,irrigated,197.0
31151,NE,Saline,90,SOUTHEAST,2006,non_irrigated,91.0
31151,NE,Saline,90,SOUTHEAST,2007,all,148.7
31151,NE,Saline,90,SOUTHEAST,2007,irrigated,178.0
31151,NE,Saline,90,SOUTHEAST,2007,non_irrigated,118.0
31151,NE,Saline,90,SOUTHEAST,2008,all,161.0
31151,NE,Saline,90,SOUTHEAST,2008,irrigated,190.0
31151,NE,Saline,90,SOUTHEAST,2008,non_irrigated,134.0
31151,NE,Saline,90,SOUTHEAST,2009,all,162.9
31151,NE,Saline,90,SOUTHEAST,2009,irrigated,203.1
31151,NE,Saline,90,SOUTHEAST,2009,non_irrigated,126.7
31151,NE,Saline,90,SOUTHEAST,2010,all,149.3
31151,NE,Saline,90,SOUTHEAST,2010,irrigated,188.0
31151,NE,Saline,90,SOUTHEAST,2010,non_irrigated,116.2
31151,NE,Saline,90,SOUTHEAST,2011,all,154.5
31151,NE,Saline,90,SOUTHEAST,2011,irrigated,191.0
31151,NE,Saline,90,SOUTHEAST,2011,non_irrigated,120.7
31151,NE,Saline,90,SOUTHEAST,2012,all,123.2
31151,NE,Saline,90,SOUTHEAST,2012,irrigated,201.9
31151,NE,Saline,90,SOUTHEAST,2012,non_irrigated,50.6
31151,NE,Saline,90,SOUTHEAST,2013,all,163.7
31151,NE,Saline,90,SOUTHEAST,2013,irrigated,204.1
31151,NE,Saline,90,SOUTHEAST,2013,non_irrigated,121.8
31151,NE,Saline,90,SOUTHEAST,2014,all,176.9
31151,NE,Saline,90,SOUTHEAST,2015,all,160.8
31151,NE,Saline,90,SOUTHEAST,2016,all,171.5
31151,NE,Saline,90,SOUTHEAST,2016,irrigated,207.1
31151,NE,Saline,90,SOUTHEAST,2016,non_irrigated,137.1
31151,NE,Saline,90,SOUTHEAST,2017,all,167.2
31151,NE,Saline,90,SOUTHEAST,2017,irrigated,202.9
31151,NE,Saline,90,SOUTHEAST,2017,non_irrigated,134.0
31151,NE,Saline,90,SOUTHEAST,2018,all,188.6
31151,NE,Saline,90,SOUTHEAST,2018,irrigated,220.8
31151,NE,Saline,90,SOUTHEAST,2018,non_irrigated,158.2
31151,NE,Saline,90,SOUTHEAST,2019,all,186.1
31151,NE,Saline,90,SOUTHEAST,2020,all,185.2
31151,NE,Saline,90,SOUTHEAST,2022,all,157.6
31151,NE,Saline,90,SOUTHEAST,2023,all,157.6
31151,NE,Saline,90,SOUTHEAST,2024,all,169.2
31151,NE,Saline,90,SOUTHEAST,2025,all,189.1
31153,NE,Sarpy,60,EAST,2000,all,111.1
31153,NE,Sarpy,60,EAST,2000,irrigated,142.0
31153,NE,Sarpy,60,EAST,2000,non_irrigated,108.0
31153,NE,Sarpy,60,EAST,2001,all,110.6
31153,NE,Sarpy,60,EAST,2001,irrigated,135.0
31153,NE,Sarpy,60,EAST,2001,non_irrigated,108.0
31153,NE,Sarpy,60,EAST,2002,all,57.6
31153,NE,Sarpy,60,EAST,2002,irrigated,154.0
31153,NE,Sarpy,60,EAST,2002,non_irrigated,46.0
31153,NE,Sarpy,60,EAST,2003,all,106.4
31153,NE,Sarpy,60,EAST,2003,irrigated,176.0
31153,NE,Sarpy,60,EAST,2003,non_irrigated,96.0
31153,NE,Sarpy,60,EAST,2004,all,165.7
31153,NE,Sarpy,60,EAST,2004,irrigated,199.0
31153,NE,Sarpy,60,EAST,2004,non_irrigated,161.0
31153,NE,Sarpy,60,EAST,2005,all,147.9
31153,NE,Sarpy,60,EAST,2005,irrigated,185.0
31153,NE,Sarpy,60,EAST,2005,non_irrigated,143.0
31153,NE,Sarpy,60,EAST,2006,all,121.9
31153,NE,Sarpy,60,EAST,2006,irrigated,169.0
31153,NE,Sarpy,60,EAST,2006,non_irrigated,116.0
31153,NE,Sarpy,60,EAST,2007,all,135.6
31153,NE,Sarpy,60,EAST,2007,irrigated,162.0
31153,NE,Sarpy,60,EAST,2007,non_irrigated,132.0
31153,NE,Sarpy,60,EAST,2008,all,151.0
31153,NE,Sarpy,60,EAST,2008,irrigated,162.0
31153,NE,Sarpy,60,EAST,2008,non_irrigated,149.0
31153,NE,Sarpy,60,EAST,2009,all,182.3
31153,NE,Sarpy,60,EAST,2009,irrigated,208.3
31153,NE,Sarpy,60,EAST,2009,non_irrigated,179.0
31153,NE,Sarpy,60,EAST,2010,all,152.9
31153,NE,Sarpy,60,EAST,2011,all,155.6
31153,NE,Sarpy,60,EAST,2011,irrigated,185.9
31153,NE,Sarpy,60,EAST,2011,non_irrigated,151.5
31153,NE,Sarpy,60,EAST,2012,all,110.1
31153,NE,Sarpy,60,EAST,2012,irrigated,182.7
31153,NE,Sarpy,60,EAST,2012,non_irrigated,99.3
31153,NE,Sarpy,60,EAST,2013,all,168.1
31153,NE,Sarpy,60,EAST,2013,irrigated,207.7
31153,NE,Sarpy,60,EAST,2013,non_irrigated,160.8
31153,NE,Sarpy,60,EAST,2014,all,197.5
31153,NE,Sarpy,60,EAST,2014,irrigated,214.3
31153,NE,Sarpy,60,EAST,2014,non_irrigated,194.5
31153,NE,Sarpy,60,EAST,2016,all,191.1
31153,NE,Sarpy,60,EAST,2016,irrigated,198.2
31153,NE,Sarpy,60,EAST,2016,non_irrigated,190.1
31153,NE,Sarpy,60,EAST,2017,all,190.1
31153,NE,Sarpy,60,EAST,2017,irrigated,213.0
31153,NE,Sarpy,60,EAST,2017,non_irrigated,186.8
31153,NE,Sarpy,60,EAST,2018,all,200.0
31153,NE,Sarpy,60,EAST,2020,all,201.1
31153,NE,Sarpy,60,EAST,2021,all,210.0
31153,NE,Sarpy,60,EAST,2022,all,156.8
31153,NE,Sarpy,60,EAST,2023,all,182.4
31153,NE,Sarpy,60,EAST,2024,all,199.0
31153,NE,Sarpy,60,EAST,2025,all,197.7
31155,NE,Saunders,60,EAST,2000,all,122.2
31155,NE,Saunders,60,EAST,2000,irrigated,148.0
31155,NE,Saunders,60,EAST,2000,non_irrigated,111.1
31155,NE,Saunders,60,EAST,2001,all,133.5
31155,NE,Saunders,60,EAST,2001,irrigated,173.0
31155,NE,Saunders,60,EAST,2001,non_irrigated,115.0
31155,NE,Saunders,60,EAST,2002,all,107.4
31155,NE,Saunders,60,EAST,2002,irrigated,173.0
31155,NE,Saunders,60,EAST,2002,non_irrigated,78.0
31155,NE,Saunders,60,EAST,2003,all,120.4
31155,NE,Saunders,60,EAST,2003,irrigated,182.0
31155,NE,Saunders,60,EAST,2003,non_irrigated,93.0
31155,NE,Saunders,60,EAST,2004,all,166.7
31155,NE,Saunders,60,EAST,2004,irrigated,196.0
31155,NE,Saunders,60,EAST,2004,non_irrigated,153.0
31155,NE,Saunders,60,EAST,2005,all,140.8
31155,NE,Saunders,60,EAST,2005,irrigated,190.0
31155,NE,Saunders,60,EAST,2005,non_irrigated,117.0
31155,NE,Saunders,60,EAST,2006,all,135.7
31155,NE,Saunders,60,EAST,2006,irrigated,183.0
31155,NE,Saunders,60,EAST,2006,non_irrigated,111.7
31155,NE,Saunders,60,EAST,2007,all,149.0
31155,NE,Saunders,60,EAST,2007,irrigated,178.0
31155,NE,Saunders,60,EAST,2007,non_irrigated,134.0
31155,NE,Saunders,60,EAST,2008,all,149.0
31155,NE,Saunders,60,EAST,2008,irrigated,179.0
31155,NE,Saunders,60,EAST,2008,non_irrigated,136.0
31155,NE,Saunders,60,EAST,2009,all,183.7
31155,NE,Saunders,60,EAST,2009,irrigated,215.2
31155,NE,Saunders,60,EAST,2009,non_irrigated,167.9
31155,NE,Saunders,60,EAST,2010,all,158.1
31155,NE,Saunders,60,EAST,2010,irrigated,184.5
31155,NE,Saunders,60,EAST,2010,non_irrigated,145.0
31155,NE,Saunders,60,EAST,2011,all,163.7
31155,NE,Saunders,60,EAST,2012,all,118.1
31155,NE,Saunders,60,EAST,2012,irrigated,188.1
31155,NE,Saunders,60,EAST,2012,non_irrigated,79.7
31155,NE,Saunders,60,EAST,2013,all,171.7
31155,NE,Saunders,60,EAST,2013,irrigated,200.7
31155,NE,Saunders,60,EAST,2013,non_irrigated,155.0
31155,NE,Saunders,60,EAST,2014,all,185.6
31155,NE,Saunders,60,EAST,2014,irrigated,212.8
31155,NE,Saunders,60,EAST,2014,non_irrigated,171.3
31155,NE,Saunders,60,EAST,2015,all,186.3
31155,NE,Saunders,60,EAST,2015,irrigated,204.9
31155,NE,Saunders,60,EAST,2015,non_irrigated,176.2
31155,NE,Saunders,60,EAST,2016,all,179.4
31155,NE,Saunders,60,EAST,2016,irrigated,198.8
31155,NE,Saunders,60,EAST,2016,non_irrigated,169.2
31155,NE,Saunders,60,EAST,2017,all,182.1
31155,NE,Saunders,60,EAST,2017,irrigated,201.7
31155,NE,Saunders,60,EAST,2017,non_irrigated,171.4
31155,NE,Saunders,60,EAST,2018,all,195.3
31155,NE,Saunders,60,EAST,2018,irrigated,215.2
31155,NE,Saunders,60,EAST,2018,non_irrigated,184.8
31155,NE,Saunders,60,EAST,2019,all,197.3
31155,NE,Saunders,60,EAST,2020,all,188.1
31155,NE,Saunders,60,EAST,2022,all,169.8
31155,NE,Saunders,60,EAST,2023,all,191.3
31155,NE,Saunders,60,EAST,2025,all,192.5
31157,NE,Scotts Bluff,10,NORTHWEST,2000,all,141.4
31157,NE,Scotts Bluff,10,NORTHWEST,2000,irrigated,146.0
31157,NE,Scotts Bluff,10,NORTHWEST,2000,non_irrigated,30.0
31157,NE,Scotts Bluff,10,NORTHWEST,2001,all,145.4
31157,NE,Scotts Bluff,10,NORTHWEST,2001,irrigated,147.0
31157,NE,Scotts Bluff,10,NORTHWEST,2001,non_irrigated,51.0
31157,NE,Scotts Bluff,10,NORTHWEST,2002,all,119.7
31157,NE,Scotts Bluff,10,NORTHWEST,2002,irrigated,120.0
31157,NE,Scotts Bluff,10,NORTHWEST,2003,all,143.2
31157,NE,Scotts Bluff,10,NORTHWEST,2003,irrigated,144.0
31157,NE,Scotts Bluff,10,NORTHWEST,2004,all,149.6
31157,NE,Scotts Bluff,10,NORTHWEST,2004,irrigated,150.0
31157,NE,Scotts Bluff,10,NORTHWEST,2005,all,171.0
31157,NE,Scotts Bluff,10,NORTHWEST,2005,irrigated,171.0
31157,NE,Scotts Bluff,10,NORTHWEST,2006,all,154.8
31157,NE,Scotts Bluff,10,NORTHWEST,2006,irrigated,156.0
31157,NE,Scotts Bluff,10,NORTHWEST,2006,non_irrigated,40.0
31157,NE,Scotts Bluff,10,NORTHWEST,2007,all,136.6
31157,NE,Scotts Bluff,10,NORTHWEST,2008,all,150.0
31157,NE,Scotts Bluff,10,NORTHWEST,2009,all,163.1
31157,NE,Scotts Bluff,10,NORTHWEST,2010,all,159.8
31157,NE,Scotts Bluff,10,NORTHWEST,2010,irrigated,161.0
31157,NE,Scotts Bluff,10,NORTHWEST,2010,non_irrigated,54.4
31157,NE,Scotts Bluff,10,NORTHWEST,2011,all,148.2
31157,NE,Scotts Bluff,10,NORTHWEST,2011,irrigated,150.2
31157,NE,Scotts Bluff,10,NORTHWEST,2011,non_irrigated,41.8
31157,NE,Scotts Bluff,10,NORTHWEST,2012,all,149.0
31157,NE,Scotts Bluff,10,NORTHWEST,2012,irrigated,150.4
31157,NE,Scotts Bluff,10,NORTHWEST,2012,non_irrigated,10.6
31157,NE,Scotts Bluff,10,NORTHWEST,2013,all,153.5
31157,NE,Scotts Bluff,10,NORTHWEST,2014,all,177.5
31157,NE,Scotts Bluff,10,NORTHWEST,2015,all,165.3
31157,NE,Scotts Bluff,10,NORTHWEST,2015,irrigated,167.1
31157,NE,Scotts Bluff,10,NORTHWEST,2015,non_irrigated,67.1
31157,NE,Scotts Bluff,10,NORTHWEST,2016,all,161.6
31157,NE,Scotts Bluff,10,NORTHWEST,2017,all,183.3
31157,NE,Scotts Bluff,10,NORTHWEST,2017,irrigated,186.6
31157,NE,Scotts Bluff,10,NORTHWEST,2017,non_irrigated,72.5
31157,NE,Scotts Bluff,10,NORTHWEST,2018,all,194.8
31157,NE,Scotts Bluff,10,NORTHWEST,2019,all,151.1
31157,NE,Scotts Bluff,10,NORTHWEST,2020,all,141.2
31157,NE,Scotts Bluff,10,NORTHWEST,2021,all,184.9
31157,NE,Scotts Bluff,10,NORTHWEST,2022,all,165.4
31157,NE,Scotts Bluff,10,NORTHWEST,2023,all,186.5
31157,NE,Scotts Bluff,10,NORTHWEST,2024,all,160.5
31159,NE,Seward,60,EAST,2000,all,119.9
31159,NE,Seward,60,EAST,2000,irrigated,142.0
31159,NE,Seward,60,EAST,2000,non_irrigated,94.0
31159,NE,Seward,60,EAST,2001,all,137.4
31159,NE,Seward,60,EAST,2001,irrigated,159.0
31159,NE,Seward,60,EAST,2001,non_irrigated,112.0
31159,NE,Seward,60,EAST,2002,all,108.8
31159,NE,Seward,60,EAST,2002,irrigated,173.0
31159,NE,Seward,60,EAST,2002,non_irrigated,37.0
31159,NE,Seward,60,EAST,2003,all,141.5
31159,NE,Seward,60,EAST,2003,irrigated,198.0
31159,NE,Seward,60,EAST,2003,non_irrigated,65.0
31159,NE,Seward,60,EAST,2004,all,173.0
31159,NE,Seward,60,EAST,2004,irrigated,197.0
31159,NE,Seward,60,EAST,2004,non_irrigated,144.0
31159,NE,Seward,60,EAST,2005,all,144.9
31159,NE,Seward,60,EAST,2005,irrigated,188.0
31159,NE,Seward,60,EAST,2005,non_irrigated,92.0
31159,NE,Seward,60,EAST,2006,all,133.0
31159,NE,Seward,60,EAST,2006,irrigated,170.0
31159,NE,Seward,60,EAST,2006,non_irrigated,88.0
31159,NE,Seward,60,EAST,2007,all,157.1
31159,NE,Seward,60,EAST,2007,irrigated,174.0
31159,NE,Seward,60,EAST,2007,non_irrigated,133.0
31159,NE,Seward,60,EAST,2008,all,162.0
31159,NE,Seward,60,EAST,2008,irrigated,176.0
31159,NE,Seward,60,EAST,2008,non_irrigated,143.0
31159,NE,Seward,60,EAST,2009,all,180.6
31159,NE,Seward,60,EAST,2009,irrigated,205.1
31159,NE,Seward,60,EAST,2009,non_irrigated,150.8
31159,NE,Seward,60,EAST,2010,all,162.3
31159,NE,Seward,60,EAST,2010,irrigated,184.1
31159,NE,Seward,60,EAST,2010,non_irrigated,134.8
31159,NE,Seward,60,EAST,2011,all,160.3
31159,NE,Seward,60,EAST,2011,irrigated,178.7
31159,NE,Seward,60,EAST,2011,non_irrigated,137.4
31159,NE,Seward,60,EAST,2012,all,147.6
31159,NE,Seward,60,EAST,2012,irrigated,203.9
31159,NE,Seward,60,EAST,2012,non_irrigated,68.1
31159,NE,Seward,60,EAST,2013,all,169.3
31159,NE,Seward,60,EAST,2013,irrigated,187.8
31159,NE,Seward,60,EAST,2013,non_irrigated,142.7
31159,NE,Seward,60,EAST,2014,all,194.2
31159,NE,Seward,60,EAST,2014,irrigated,217.1
31159,NE,Seward,60,EAST,2014,non_irrigated,163.3
31159,NE,Seward,60,EAST,2015,all,176.3
31159,NE,Seward,60,EAST,2015,irrigated,192.2
31159,NE,Seward,60,EAST,2015,non_irrigated,153.3
31159,NE,Seward,60,EAST,2016,all,183.6
31159,NE,Seward,60,EAST,2016,irrigated,196.0
31159,NE,Seward,60,EAST,2016,non_irrigated,165.3
31159,NE,Seward,60,EAST,2017,all,184.7
31159,NE,Seward,60,EAST,2017,irrigated,193.6
31159,NE,Seward,60,EAST,2017,non_irrigated,171.7
31159,NE,Seward,60,EAST,2018,all,194.1
31159,NE,Seward,60,EAST,2019,all,193.1
31159,NE,Seward,60,EAST,2020,all,186.4
31159,NE,Seward,60,EAST,2021,all,218.5
31159,NE,Seward,60,EAST,2022,all,151.2
31161,NE,Sheridan,10,NORTHWEST,2000,all,114.2
31161,NE,Sheridan,10,NORTHWEST,2000,irrigated,158.0
31161,NE,Sheridan,10,NORTHWEST,2000,non_irrigated,43.0
31161,NE,Sheridan,10,NORTHWEST,2001,all,127.9
31161,NE,Sheridan,10,NORTHWEST,2001,irrigated,163.0
31161,NE,Sheridan,10,NORTHWEST,2001,non_irrigated,42.0
31161,NE,Sheridan,10,NORTHWEST,2002,all,143.6
31161,NE,Sheridan,10,NORTHWEST,2002,irrigated,149.0
31161,NE,Sheridan,10,NORTHWEST,2002,non_irrigated,27.0
31161,NE,Sheridan,10,NORTHWEST,2003,all,148.3
31161,NE,Sheridan,10,NORTHWEST,2003,irrigated,175.0
31161,NE,Sheridan,10,NORTHWEST,2003,non_irrigated,33.0
31161,NE,Sheridan,10,NORTHWEST,2004,all,121.6
31161,NE,Sheridan,10,NORTHWEST,2004,irrigated,126.0
31161,NE,Sheridan,10,NORTHWEST,2004,non_irrigated,53.0
31161,NE,Sheridan,10,NORTHWEST,2005,all,159.9
31161,NE,Sheridan,10,NORTHWEST,2005,irrigated,175.0
31161,NE,Sheridan,10,NORTHWEST,2005,non_irrigated,50.0
31161,NE,Sheridan,10,NORTHWEST,2006,all,137.6
31161,NE,Sheridan,10,NORTHWEST,2006,irrigated,150.0
31161,NE,Sheridan,10,NORTHWEST,2006,non_irrigated,37.0
31161,NE,Sheridan,10,NORTHWEST,2007,all,152.5
31161,NE,Sheridan,10,NORTHWEST,2007,irrigated,171.0
31161,NE,Sheridan,10,NORTHWEST,2007,non_irrigated,27.0
31161,NE,Sheridan,10,NORTHWEST,2008,all,154.0
31161,NE,Sheridan,10,NORTHWEST,2009,all,161.0
31161,NE,Sheridan,10,NORTHWEST,2009,irrigated,177.0
31161,NE,Sheridan,10,NORTHWEST,2009,non_irrigated,63.4
31161,NE,Sheridan,10,NORTHWEST,2010,all,143.3
31161,NE,Sheridan,10,NORTHWEST,2010,irrigated,167.7
31161,NE,Sheridan,10,NORTHWEST,2010,non_irrigated,56.3
31161,NE,Sheridan,10,NORTHWEST,2011,all,141.8
31161,NE,Sheridan,10,NORTHWEST,2011,irrigated,165.0
31161,NE,Sheridan,10,NORTHWEST,2011,non_irrigated,62.8
31161,NE,Sheridan,10,NORTHWEST,2012,all,159.8
31161,NE,Sheridan,10,NORTHWEST,2012,irrigated,170.8
31161,NE,Sheridan,10,NORTHWEST,2012,non_irrigated,32.8
31161,NE,Sheridan,10,NORTHWEST,2013,all,136.5
31161,NE,Sheridan,10,NORTHWEST,2014,all,168.7
31161,NE,Sheridan,10,NORTHWEST,2014,irrigated,197.9
31161,NE,Sheridan,10,NORTHWEST,2014,non_irrigated,76.9
31161,NE,Sheridan,10,NORTHWEST,2015,all,154.5
31161,NE,Sheridan,10,NORTHWEST,2015,irrigated,180.6
31161,NE,Sheridan,10,NORTHWEST,2015,non_irrigated,74.8
31161,NE,Sheridan,10,NORTHWEST,2016,all,144.7
31161,NE,Sheridan,10,NORTHWEST,2017,all,151.4
31161,NE,Sheridan,10,NORTHWEST,2017,irrigated,194.4
31161,NE,Sheridan,10,NORTHWEST,2017,non_irrigated,67.4
31161,NE,Sheridan,10,NORTHWEST,2018,all,153.8
31161,NE,Sheridan,10,NORTHWEST,2018,irrigated,199.9
31161,NE,Sheridan,10,NORTHWEST,2018,non_irrigated,75.6
31161,NE,Sheridan,10,NORTHWEST,2020,all,150.2
31161,NE,Sheridan,10,NORTHWEST,2021,all,148.9
31161,NE,Sheridan,10,NORTHWEST,2024,all,124.7
31161,NE,Sheridan,10,NORTHWEST,2025,all,169.3
31163,NE,Sherman,50,CENTRAL,2000,all,131.0
31163,NE,Sherman,50,CENTRAL,2000,irrigated,156.0
31163,NE,Sherman,50,CENTRAL,2000,non_irrigated,37.0
31163,NE,Sherman,50,CENTRAL,2001,all,140.7
31163,NE,Sherman,50,CENTRAL,2001,irrigated,172.0
31163,NE,Sherman,50,CENTRAL,2001,non_irrigated,51.0
31163,NE,Sherman,50,CENTRAL,2002,all,159.6
31163,NE,Sherman,50,CENTRAL,2002,irrigated,168.0
31163,NE,Sherman,50,CENTRAL,2002,non_irrigated,23.0
31163,NE,Sherman,50,CENTRAL,2003,all,163.9
31163,NE,Sherman,50,CENTRAL,2003,irrigated,195.0
31163,NE,Sherman,50,CENTRAL,2003,non_irrigated,36.0
31163,NE,Sherman,50,CENTRAL,2004,all,153.2
31163,NE,Sherman,50,CENTRAL,2004,irrigated,179.0
31163,NE,Sherman,50,CENTRAL,2004,non_irrigated,73.0
31163,NE,Sherman,50,CENTRAL,2005,all,150.2
31163,NE,Sherman,50,CENTRAL,2005,irrigated,182.0
31163,NE,Sherman,50,CENTRAL,2005,non_irrigated,46.0
31163,NE,Sherman,50,CENTRAL,2006,all,162.3
31163,NE,Sherman,50,CENTRAL,2006,irrigated,187.0
31163,NE,Sherman,50,CENTRAL,2006,non_irrigated,68.0
31163,NE,Sherman,50,CENTRAL,2007,all,168.5
31163,NE,Sherman,50,CENTRAL,2007,irrigated,185.0
31163,NE,Sherman,50,CENTRAL,2007,non_irrigated,109.0
31163,NE,Sherman,50,CENTRAL,2008,all,170.0
31163,NE,Sherman,50,CENTRAL,2008,irrigated,187.0
31163,NE,Sherman,50,CENTRAL,2008,non_irrigated,108.0
31163,NE,Sherman,50,CENTRAL,2009,all,182.3
31163,NE,Sherman,50,CENTRAL,2009,irrigated,195.1
31163,NE,Sherman,50,CENTRAL,2009,non_irrigated,143.8
31163,NE,Sherman,50,CENTRAL,2010,all,171.7
31163,NE,Sherman,50,CENTRAL,2010,irrigated,184.4
31163,NE,Sherman,50,CENTRAL,2010,non_irrigated,132.9
31163,NE,Sherman,50,CENTRAL,2011,all,153.9
31163,NE,Sherman,50,CENTRAL,2011,irrigated,167.4
31163,NE,Sherman,50,CENTRAL,2011,non_irrigated,115.9
31163,NE,Sherman,50,CENTRAL,2012,all,154.8
31163,NE,Sherman,50,CENTRAL,2012,irrigated,189.4
31163,NE,Sherman,50,CENTRAL,2012,non_irrigated,20.3
31163,NE,Sherman,50,CENTRAL,2013,all,169.0
31163,NE,Sherman,50,CENTRAL,2013,irrigated,193.4
31163,NE,Sherman,50,CENTRAL,2013,non_irrigated,78.8
31163,NE,Sherman,50,CENTRAL,2014,all,154.9
31163,NE,Sherman,50,CENTRAL,2014,irrigated,169.4
31163,NE,Sherman,50,CENTRAL,2014,non_irrigated,112.9
31163,NE,Sherman,50,CENTRAL,2015,all,172.0
31163,NE,Sherman,50,CENTRAL,2016,all,194.5
31163,NE,Sherman,50,CENTRAL,2016,irrigated,211.6
31163,NE,Sherman,50,CENTRAL,2016,non_irrigated,143.8
31163,NE,Sherman,50,CENTRAL,2017,all,173.2
31163,NE,Sherman,50,CENTRAL,2017,irrigated,195.5
31163,NE,Sherman,50,CENTRAL,2017,non_irrigated,128.1
31163,NE,Sherman,50,CENTRAL,2018,all,191.0
31163,NE,Sherman,50,CENTRAL,2018,irrigated,205.1
31163,NE,Sherman,50,CENTRAL,2018,non_irrigated,154.8
31163,NE,Sherman,50,CENTRAL,2019,all,185.8
31163,NE,Sherman,50,CENTRAL,2020,all,195.9
31163,NE,Sherman,50,CENTRAL,2021,all,222.0
31163,NE,Sherman,50,CENTRAL,2022,all,169.2
31163,NE,Sherman,50,CENTRAL,2023,all,198.2
31163,NE,Sherman,50,CENTRAL,2024,all,198.5
31163,NE,Sherman,50,CENTRAL,2025,all,181.1
31165,NE,Sioux,10,NORTHWEST,2000,all,144.8
31165,NE,Sioux,10,NORTHWEST,2000,irrigated,150.0
31165,NE,Sioux,10,NORTHWEST,2000,non_irrigated,42.0
31165,NE,Sioux,10,NORTHWEST,2001,all,141.6
31165,NE,Sioux,10,NORTHWEST,2001,irrigated,144.0
31165,NE,Sioux,10,NORTHWEST,2001,non_irrigated,45.0
31165,NE,Sioux,10,NORTHWEST,2002,all,131.0
31165,NE,Sioux,10,NORTHWEST,2002,irrigated,131.0
31165,NE,Sioux,10,NORTHWEST,2003,all,142.0
31165,NE,Sioux,10,NORTHWEST,2003,irrigated,142.0
31165,NE,Sioux,10,NORTHWEST,2004,all,143.0
31165,NE,Sioux,10,NORTHWEST,2004,irrigated,143.0
31165,NE,Sioux,10,NORTHWEST,2005,all,165.4
31165,NE,Sioux,10,NORTHWEST,2005,irrigated,169.0
31165,NE,Sioux,10,NORTHWEST,2006,all,175.0
31165,NE,Sioux,10,NORTHWEST,2006,irrigated,175.0
31165,NE,Sioux,10,NORTHWEST,2007,all,139.0
31165,NE,Sioux,10,NORTHWEST,2007,irrigated,139.0
31165,NE,Sioux,10,NORTHWEST,2008,all,151.0
31165,NE,Sioux,10,NORTHWEST,2009,all,157.9
31165,NE,Sioux,10,NORTHWEST,2009,irrigated,157.9
31165,NE,Sioux,10,NORTHWEST,2010,all,152.5
31165,NE,Sioux,10,NORTHWEST,2011,all,162.2
31165,NE,Sioux,10,NORTHWEST,2012,all,168.7
31165,NE,Sioux,10,NORTHWEST,2013,all,171.0
31165,NE,Sioux,10,NORTHWEST,2014,all,178.0
31165,NE,Sioux,10,NORTHWEST,2015,all,150.3
31165,NE,Sioux,10,NORTHWEST,2017,all,184.6
31165,NE,Sioux,10,NORTHWEST,2018,all,204.3
31165,NE,Sioux,10,NORTHWEST,2019,all,172.2
31165,NE,Sioux,10,NORTHWEST,2020,all,153.2
31165,NE,Sioux,10,NORTHWEST,2021,all,183.8
31165,NE,Sioux,10,NORTHWEST,2022,all,169.7
31165,NE,Sioux,10,NORTHWEST,2023,all,161.5
31167,NE,Stanton,30,NORTHEAST,2000,all,117.0
31167,NE,Stanton,30,NORTHEAST,2000,irrigated,152.0
31167,NE,Stanton,30,NORTHEAST,2000,non_irrigated,106.0
31167,NE,Stanton,30,NORTHEAST,2001,all,140.4
31167,NE,Stanton,30,NORTHEAST,2001,irrigated,155.0
31167,NE,Stanton,30,NORTHEAST,2001,non_irrigated,136.0
31167,NE,Stanton,30,NORTHEAST,2002,all,95.5
31167,NE,Stanton,30,NORTHEAST,2002,irrigated,168.0
31167,NE,Stanton,30,NORTHEAST,2002,non_irrigated,75.0
31167,NE,Stanton,30,NORTHEAST,2003,all,128.3
31167,NE,Stanton,30,NORTHEAST,2003,irrigated,190.0
31167,NE,Stanton,30,NORTHEAST,2003,non_irrigated,110.0
31167,NE,Stanton,30,NORTHEAST,2004,all,168.8
31167,NE,Stanton,30,NORTHEAST,2004,irrigated,202.0
31167,NE,Stanton,30,NORTHEAST,2004,non_irrigated,160.0
31167,NE,Stanton,30,NORTHEAST,2005,all,150.0
31167,NE,Stanton,30,NORTHEAST,2005,irrigated,200.0
31167,NE,Stanton,30,NORTHEAST,2005,non_irrigated,135.0
31167,NE,Stanton,30,NORTHEAST,2006,all,128.3
31167,NE,Stanton,30,NORTHEAST,2006,irrigated,192.0
31167,NE,Stanton,30,NORTHEAST,2006,non_irrigated,111.0
31167,NE,Stanton,30,NORTHEAST,2007,all,163.3
31167,NE,Stanton,30,NORTHEAST,2007,irrigated,188.0
31167,NE,Stanton,30,NORTHEAST,2007,non_irrigated,155.0
31167,NE,Stanton,30,NORTHEAST,2008,all,143.0
31167,NE,Stanton,30,NORTHEAST,2008,irrigated,185.0
31167,NE,Stanton,30,NORTHEAST,2008,non_irrigated,129.0
31167,NE,Stanton,30,NORTHEAST,2009,all,180.6
31167,NE,Stanton,30,NORTHEAST,2009,irrigated,211.2
31167,NE,Stanton,30,NORTHEAST,2009,non_irrigated,171.0
31167,NE,Stanton,30,NORTHEAST,2010,all,173.0
31167,NE,Stanton,30,NORTHEAST,2010,irrigated,189.4
31167,NE,Stanton,30,NORTHEAST,2010,non_irrigated,167.6
31167,NE,Stanton,30,NORTHEAST,2011,all,168.3
31167,NE,Stanton,30,NORTHEAST,2011,irrigated,185.5
31167,NE,Stanton,30,NORTHEAST,2011,non_irrigated,163.0
31167,NE,Stanton,30,NORTHEAST,2012,all,69.0
31167,NE,Stanton,30,NORTHEAST,2012,irrigated,173.1
31167,NE,Stanton,30,NORTHEAST,2012,non_irrigated,31.3
31167,NE,Stanton,30,NORTHEAST,2013,all,183.1
31167,NE,Stanton,30,NORTHEAST,2013,irrigated,199.6
31167,NE,Stanton,30,NORTHEAST,2013,non_irrigated,178.1
31167,NE,Stanton,30,NORTHEAST,2014,all,178.6
31167,NE,Stanton,30,NORTHEAST,2014,irrigated,204.6
31167,NE,Stanton,30,NORTHEAST,2014,non_irrigated,171.4
31167,NE,Stanton,30,NORTHEAST,2015,all,194.7
31167,NE,Stanton,30,NORTHEAST,2016,all,190.6
31167,NE,Stanton,30,NORTHEAST,2016,irrigated,193.8
31167,NE,Stanton,30,NORTHEAST,2016,non_irrigated,189.6
31167,NE,Stanton,30,NORTHEAST,2017,all,197.1
31167,NE,Stanton,30,NORTHEAST,2018,all,208.0
31167,NE,Stanton,30,NORTHEAST,2019,all,197.0
31167,NE,Stanton,30,NORTHEAST,2020,all,170.0
31167,NE,Stanton,30,NORTHEAST,2022,all,130.0
31167,NE,Stanton,30,NORTHEAST,2023,all,163.2
31167,NE,Stanton,30,NORTHEAST,2024,all,192.5
31167,NE,Stanton,30,NORTHEAST,2025,all,216.1
31169,NE,Thayer,90,SOUTHEAST,2000,all,119.5
31169,NE,Thayer,90,SOUTHEAST,2000,irrigated,148.0
31169,NE,Thayer,90,SOUTHEAST,2000,non_irrigated,49.0
31169,NE,Thayer,90,SOUTHEAST,2001,all,161.9
31169,NE,Thayer,90,SOUTHEAST,2001,irrigated,178.0
31169,NE,Thayer,90,SOUTHEAST,2001,non_irrigated,116.0
31169,NE,Thayer,90,SOUTHEAST,2002,all,135.6
31169,NE,Thayer,90,SOUTHEAST,2002,irrigated,172.0
31169,NE,Thayer,90,SOUTHEAST,2002,non_irrigated,34.0
31169,NE,Thayer,90,SOUTHEAST,2003,all,152.0
31169,NE,Thayer,90,SOUTHEAST,2003,irrigated,179.0
31169,NE,Thayer,90,SOUTHEAST,2003,non_irrigated,65.0
31169,NE,Thayer,90,SOUTHEAST,2004,all,164.3
31169,NE,Thayer,90,SOUTHEAST,2004,irrigated,183.0
31169,NE,Thayer,90,SOUTHEAST,2004,non_irrigated,112.0
31169,NE,Thayer,90,SOUTHEAST,2005,all,151.6
31169,NE,Thayer,90,SOUTHEAST,2005,irrigated,184.0
31169,NE,Thayer,90,SOUTHEAST,2005,non_irrigated,80.0
31169,NE,Thayer,90,SOUTHEAST,2006,all,156.7
31169,NE,Thayer,90,SOUTHEAST,2006,irrigated,177.0
31169,NE,Thayer,90,SOUTHEAST,2006,non_irrigated,96.0
31169,NE,Thayer,90,SOUTHEAST,2007,all,171.7
31169,NE,Thayer,90,SOUTHEAST,2007,irrigated,191.0
31169,NE,Thayer,90,SOUTHEAST,2007,non_irrigated,114.0
31169,NE,Thayer,90,SOUTHEAST,2008,all,179.0
31169,NE,Thayer,90,SOUTHEAST,2008,irrigated,196.0
31169,NE,Thayer,90,SOUTHEAST,2008,non_irrigated,142.0
31169,NE,Thayer,90,SOUTHEAST,2009,all,183.5
31169,NE,Thayer,90,SOUTHEAST,2009,irrigated,208.2
31169,NE,Thayer,90,SOUTHEAST,2009,non_irrigated,130.7
31169,NE,Thayer,90,SOUTHEAST,2010,all,165.7
31169,NE,Thayer,90,SOUTHEAST,2010,irrigated,189.0
31169,NE,Thayer,90,SOUTHEAST,2010,non_irrigated,118.1
31169,NE,Thayer,90,SOUTHEAST,2011,all,169.9
31169,NE,Thayer,90,SOUTHEAST,2011,irrigated,192.6
31169,NE,Thayer,90,SOUTHEAST,2011,non_irrigated,123.8
31169,NE,Thayer,90,SOUTHEAST,2012,all,167.7
31169,NE,Thayer,90,SOUTHEAST,2012,irrigated,210.7
31169,NE,Thayer,90,SOUTHEAST,2012,non_irrigated,81.9
31169,NE,Thayer,90,SOUTHEAST,2013,all,176.8
31169,NE,Thayer,90,SOUTHEAST,2013,irrigated,205.7
31169,NE,Thayer,90,SOUTHEAST,2013,non_irrigated,111.9
31169,NE,Thayer,90,SOUTHEAST,2014,all,196.6
31169,NE,Thayer,90,SOUTHEAST,2014,irrigated,219.6
31169,NE,Thayer,90,SOUTHEAST,2014,non_irrigated,148.6
31169,NE,Thayer,90,SOUTHEAST,2015,all,185.4
31169,NE,Thayer,90,SOUTHEAST,2015,irrigated,209.3
31169,NE,Thayer,90,SOUTHEAST,2015,non_irrigated,140.5
31169,NE,Thayer,90,SOUTHEAST,2016,all,179.8
31169,NE,Thayer,90,SOUTHEAST,2017,all,176.2
31169,NE,Thayer,90,SOUTHEAST,2018,all,186.8
31169,NE,Thayer,90,SOUTHEAST,2018,irrigated,224.6
31169,NE,Thayer,90,SOUTHEAST,2018,non_irrigated,116.8
31169,NE,Thayer,90,SOUTHEAST,2019,all,183.5
31169,NE,Thayer,90,SOUTHEAST,2020,all,194.0
31169,NE,Thayer,90,SOUTHEAST,2021,all,200.7
31169,NE,Thayer,90,SOUTHEAST,2022,all,183.9
31169,NE,Thayer,90,SOUTHEAST,2023,all,166.6
31169,NE,Thayer,90,SOUTHEAST,2024,all,185.1
31171,NE,Thomas,20,NORTH,2000,all,116.3
31171,NE,Thomas,20,NORTH,2000,irrigated,140.0
31171,NE,Thomas,20,NORTH,2006,all,150.0
31171,NE,Thomas,20,NORTH,2007,irrigated,130.0
31171,NE,Thomas,20,NORTH,2015,all,183.8
31171,NE,Thomas,20,NORTH,2015,irrigated,183.8
31173,NE,Thurston,30,NORTHEAST,2000,all,103.7
31173,NE,Thurston,30,NORTHEAST,2000,irrigated,147.0
31173,NE,Thurston,30,NORTHEAST,2000,non_irrigated,100.0
31173,NE,Thurston,30,NORTHEAST,2001,all,138.2
31173,NE,Thurston,30,NORTHEAST,2001,irrigated,162.0
31173,NE,Thurston,30,NORTHEAST,2001,non_irrigated,136.0
31173,NE,Thurston,30,NORTHEAST,2002,all,118.2
31173,NE,Thurston,30,NORTHEAST,2002,irrigated,173.0
31173,NE,Thurston,30,NORTHEAST,2002,non_irrigated,113.0
31173,NE,Thurston,30,NORTHEAST,2003,all,148.5
31173,NE,Thurston,30,NORTHEAST,2003,irrigated,192.0
31173,NE,Thurston,30,NORTHEAST,2003,non_irrigated,145.0
31173,NE,Thurston,30,NORTHEAST,2004,all,157.2
31173,NE,Thurston,30,NORTHEAST,2004,irrigated,197.0
31173,NE,Thurston,30,NORTHEAST,2004,non_irrigated,154.0
31173,NE,Thurston,30,NORTHEAST,2005,all,155.2
31173,NE,Thurston,30,NORTHEAST,2005,irrigated,196.0
31173,NE,Thurston,30,NORTHEAST,2005,non_irrigated,152.0
31173,NE,Thurston,30,NORTHEAST,2006,all,130.9
31173,NE,Thurston,30,NORTHEAST,2006,irrigated,182.0
31173,NE,Thurston,30,NORTHEAST,2006,non_irrigated,125.0
31173,NE,Thurston,30,NORTHEAST,2007,all,160.4
31173,NE,Thurston,30,NORTHEAST,2007,irrigated,197.0
31173,NE,Thurston,30,NORTHEAST,2007,non_irrigated,156.0
31173,NE,Thurston,30,NORTHEAST,2008,all,163.0
31173,NE,Thurston,30,NORTHEAST,2009,all,184.9
31173,NE,Thurston,30,NORTHEAST,2010,all,174.1
31173,NE,Thurston,30,NORTHEAST,2011,all,170.1
31173,NE,Thurston,30,NORTHEAST,2012,all,81.1
31173,NE,Thurston,30,NORTHEAST,2013,all,185.5
31173,NE,Thurston,30,NORTHEAST,2014,all,181.3
31173,NE,Thurston,30,NORTHEAST,2016,all,191.1
31173,NE,Thurston,30,NORTHEAST,2019,all,195.5
31173,NE,Thurston,30,NORTHEAST,2020,all,168.8
31173,NE,Thurston,30,NORTHEAST,2021,all,205.9
31173,NE,Thurston,30,NORTHEAST,2022,all,121.4
31175,NE,Valley,50,CENTRAL,2000,all,123.9
31175,NE,Valley,50,CENTRAL,2000,irrigated,135.0
31175,NE,Valley,50,CENTRAL,2000,non_irrigated,35.0
31175,NE,Valley,50,CENTRAL,2001,all,146.2
31175,NE,Valley,50,CENTRAL,2001,irrigated,161.0
31175,NE,Valley,50,CENTRAL,2001,non_irrigated,70.0
31175,NE,Valley,50,CENTRAL,2002,all,144.4
31175,NE,Valley,50,CENTRAL,2002,irrigated,152.0
31175,NE,Valley,50,CENTRAL,2002,non_irrigated,36.0
31175,NE,Valley,50,CENTRAL,2003,all,168.4
31175,NE,Valley,50,CENTRAL,2003,irrigated,183.0
31175,NE,Valley,50,CENTRAL,2003,non_irrigated,50.0
31175,NE,Valley,50,CENTRAL,2004,all,170.1
31175,NE,Valley,50,CENTRAL,2004,irrigated,188.0
31175,NE,Valley,50,CENTRAL,2004,non_irrigated,53.0
31175,NE,Valley,50,CENTRAL,2005,all,162.1
31175,NE,Valley,50,CENTRAL,2005,irrigated,179.0
31175,NE,Valley,50,CENTRAL,2005,non_irrigated,59.0
31175,NE,Valley,50,CENTRAL,2006,all,164.4
31175,NE,Valley,50,CENTRAL,2006,irrigated,178.0
31175,NE,Valley,50,CENTRAL,2006,non_irrigated,48.0
31175,NE,Valley,50,CENTRAL,2007,all,156.3
31175,NE,Valley,50,CENTRAL,2007,irrigated,164.0
31175,NE,Valley,50,CENTRAL,2007,non_irrigated,107.0
31175,NE,Valley,50,CENTRAL,2008,all,171.0
31175,NE,Valley,50,CENTRAL,2008,irrigated,179.0
31175,NE,Valley,50,CENTRAL,2008,non_irrigated,111.0
31175,NE,Valley,50,CENTRAL,2009,all,180.8
31175,NE,Valley,50,CENTRAL,2009,irrigated,191.1
31175,NE,Valley,50,CENTRAL,2009,non_irrigated,125.7
31175,NE,Valley,50,CENTRAL,2010,all,173.1
31175,NE,Valley,50,CENTRAL,2010,irrigated,181.6
31175,NE,Valley,50,CENTRAL,2010,non_irrigated,125.3
31175,NE,Valley,50,CENTRAL,2011,all,166.9
31175,NE,Valley,50,CENTRAL,2011,irrigated,176.6
31175,NE,Valley,50,CENTRAL,2011,non_irrigated,118.1
31175,NE,Valley,50,CENTRAL,2012,all,162.3
31175,NE,Valley,50,CENTRAL,2012,irrigated,181.1
31175,NE,Valley,50,CENTRAL,2012,non_irrigated,29.2
31175,NE,Valley,50,CENTRAL,2013,all,165.9
31175,NE,Valley,50,CENTRAL,2013,irrigated,178.1
31175,NE,Valley,50,CENTRAL,2013,non_irrigated,67.5
31175,NE,Valley,50,CENTRAL,2014,all,169.0
31175,NE,Valley,50,CENTRAL,2015,all,187.8
31175,NE,Valley,50,CENTRAL,2015,irrigated,201.7
31175,NE,Valley,50,CENTRAL,2015,non_irrigated,102.4
31175,NE,Valley,50,CENTRAL,2016,all,182.3
31175,NE,Valley,50,CENTRAL,2018,all,212.1
31175,NE,Valley,50,CENTRAL,2018,irrigated,221.2
31175,NE,Valley,50,CENTRAL,2018,non_irrigated,167.0
31175,NE,Valley,50,CENTRAL,2019,all,173.8
31175,NE,Valley,50,CENTRAL,2020,all,195.0
31175,NE,Valley,50,CENTRAL,2021,all,229.9
31175,NE,Valley,50,CENTRAL,2022,all,204.3
31175,NE,Valley,50,CENTRAL,2023,all,210.1
31175,NE,Valley,50,CENTRAL,2024,all,211.5
31175,NE,Valley,50,CENTRAL,2025,all,187.4
31177,NE,Washington,60,EAST,2000,all,129.8
31177,NE,Washington,60,EAST,2000,irrigated,157.0
31177,NE,Washington,60,EAST,2000,non_irrigated,127.0
31177,NE,Washington,60,EAST,2001,all,126.3
31177,NE,Washington,60,EAST,2001,irrigated,153.0
31177,NE,Washington,60,EAST,2001,non_irrigated,123.0
31177,NE,Washington,60,EAST,2002,all,108.3
31177,NE,Washington,60,EAST,2002,irrigated,171.0
31177,NE,Washington,60,EAST,2002,non_irrigated,100.0
31177,NE,Washington,60,EAST,2003,all,118.6
31177,NE,Washington,60,EAST,2003,irrigated,164.0
31177,NE,Washington,60,EAST,2003,non_irrigated,112.0
31177,NE,Washington,60,EAST,2004,all,160.5
31177,NE,Washington,60,EAST,2004,irrigated,188.0
31177,NE,Washington,60,EAST,2004,non_irrigated,157.0
31177,NE,Washington,60,EAST,2005,all,140.8
31177,NE,Washington,60,EAST,2005,irrigated,175.0
31177,NE,Washington,60,EAST,2005,non_irrigated,136.0
31177,NE,Washington,60,EAST,2006,all,147.0
31177,NE,Washington,60,EAST,2006,irrigated,183.0
31177,NE,Washington,60,EAST,2006,non_irrigated,142.0
31177,NE,Washington,60,EAST,2007,all,142.9
31177,NE,Washington,60,EAST,2007,irrigated,174.0
31177,NE,Washington,60,EAST,2007,non_irrigated,138.0
31177,NE,Washington,60,EAST,2008,all,154.0
31177,NE,Washington,60,EAST,2008,irrigated,176.0
31177,NE,Washington,60,EAST,2008,non_irrigated,151.0
31177,NE,Washington,60,EAST,2009,all,185.4
31177,NE,Washington,60,EAST,2009,irrigated,203.2
31177,NE,Washington,60,EAST,2009,non_irrigated,183.0
31177,NE,Washington,60,EAST,2010,all,163.3
31177,NE,Washington,60,EAST,2010,irrigated,164.9
31177,NE,Washington,60,EAST,2010,non_irrigated,163.1
31177,NE,Washington,60,EAST,2011,all,166.8
31177,NE,Washington,60,EAST,2011,irrigated,191.0
31177,NE,Washington,60,EAST,2011,non_irrigated,164.3
31177,NE,Washington,60,EAST,2012,all,99.3
31177,NE,Washington,60,EAST,2012,irrigated,175.9
31177,NE,Washington,60,EAST,2012,non_irrigated,89.2
31177,NE,Washington,60,EAST,2013,all,169.4
31177,NE,Washington,60,EAST,2013,irrigated,211.6
31177,NE,Washington,60,EAST,2013,non_irrigated,163.7
31177,NE,Washington,60,EAST,2014,all,159.4
31177,NE,Washington,60,EAST,2014,irrigated,183.8
31177,NE,Washington,60,EAST,2014,non_irrigated,155.8
31177,NE,Washington,60,EAST,2015,all,187.6
31177,NE,Washington,60,EAST,2016,all,183.0
31177,NE,Washington,60,EAST,2016,irrigated,196.8
31177,NE,Washington,60,EAST,2016,non_irrigated,180.8
31177,NE,Washington,60,EAST,2017,all,191.8
31177,NE,Washington,60,EAST,2018,all,187.5
31177,NE,Washington,60,EAST,2018,irrigated,170.8
31177,NE,Washington,60,EAST,2018,non_irrigated,189.4
31177,NE,Washington,60,EAST,2019,all,175.5
31177,NE,Washington,60,EAST,2020,all,173.1
31177,NE,Washington,60,EAST,2021,all,204.4
31177,NE,Washington,60,EAST,2022,all,145.8
31177,NE,Washington,60,EAST,2023,all,155.3
31177,NE,Washington,60,EAST,2024,all,176.6
31179,NE,Wayne,30,NORTHEAST,2000,all,88.6
31179,NE,Wayne,30,NORTHEAST,2000,irrigated,146.0
31179,NE,Wayne,30,NORTHEAST,2000,non_irrigated,77.0
31179,NE,Wayne,30,NORTHEAST,2001,all,150.7
31179,NE,Wayne,30,NORTHEAST,2001,irrigated,176.0
31179,NE,Wayne,30,NORTHEAST,2001,non_irrigated,144.0
31179,NE,Wayne,30,NORTHEAST,2002,all,107.5
31179,NE,Wayne,30,NORTHEAST,2002,irrigated,183.0
31179,NE,Wayne,30,NORTHEAST,2002,non_irrigated,93.0
31179,NE,Wayne,30,NORTHEAST,2003,all,142.3
31179,NE,Wayne,30,NORTHEAST,2003,irrigated,188.0
31179,NE,Wayne,30,NORTHEAST,2003,non_irrigated,131.0
31179,NE,Wayne,30,NORTHEAST,2004,all,164.8
31179,NE,Wayne,30,NORTHEAST,2004,irrigated,199.0
31179,NE,Wayne,30,NORTHEAST,2004,non_irrigated,158.0
31179,NE,Wayne,30,NORTHEAST,2005,all,156.6
31179,NE,Wayne,30,NORTHEAST,2005,irrigated,195.0
31179,NE,Wayne,30,NORTHEAST,2005,non_irrigated,147.0
31179,NE,Wayne,30,NORTHEAST,2006,all,115.3
31179,NE,Wayne,30,NORTHEAST,2006,irrigated,182.0
31179,NE,Wayne,30,NORTHEAST,2006,non_irrigated,101.0
31179,NE,Wayne,30,NORTHEAST,2007,all,159.7
31179,NE,Wayne,30,NORTHEAST,2007,irrigated,194.0
31179,NE,Wayne,30,NORTHEAST,2007,non_irrigated,150.0
31179,NE,Wayne,30,NORTHEAST,2008,all,167.0
31179,NE,Wayne,30,NORTHEAST,2008,irrigated,200.0
31179,NE,Wayne,30,NORTHEAST,2008,non_irrigated,158.0
31179,NE,Wayne,30,NORTHEAST,2009,all,176.5
31179,NE,Wayne,30,NORTHEAST,2009,irrigated,216.2
31179,NE,Wayne,30,NORTHEAST,2009,non_irrigated,165.4
31179,NE,Wayne,30,NORTHEAST,2010,all,183.0
31179,NE,Wayne,30,NORTHEAST,2010,irrigated,195.0
31179,NE,Wayne,30,NORTHEAST,2010,non_irrigated,179.5
31179,NE,Wayne,30,NORTHEAST,2011,all,166.4
31179,NE,Wayne,30,NORTHEAST,2011,irrigated,190.8
31179,NE,Wayne,30,NORTHEAST,2011,non_irrigated,158.5
31179,NE,Wayne,30,NORTHEAST,2012,all,76.9
31179,NE,Wayne,30,NORTHEAST,2012,irrigated,180.9
31179,NE,Wayne,30,NORTHEAST,2012,non_irrigated,39.4
31179,NE,Wayne,30,NORTHEAST,2013,all,186.4
31179,NE,Wayne,30,NORTHEAST,2013,irrigated,211.2
31179,NE,Wayne,30,NORTHEAST,2013,non_irrigated,179.3
31179,NE,Wayne,30,NORTHEAST,2014,all,188.5
31179,NE,Wayne,30,NORTHEAST,2015,all,203.1
31179,NE,Wayne,30,NORTHEAST,2016,all,194.0
31179,NE,Wayne,30,NORTHEAST,2017,all,186.6
31179,NE,Wayne,30,NORTHEAST,2018,all,204.8
31179,NE,Wayne,30,NORTHEAST,2019,all,199.0
31179,NE,Wayne,30,NORTHEAST,2020,all,192.4
31179,NE,Wayne,30,NORTHEAST,2021,all,198.1
31179,NE,Wayne,30,NORTHEAST,2022,all,116.2
31179,NE,Wayne,30,NORTHEAST,2023,all,160.3
31179,NE,Wayne,30,NORTHEAST,2024,all,191.4
31181,NE,Webster,80,SOUTH,2000,all,115.4
31181,NE,Webster,80,SOUTH,2000,irrigated,153.0
31181,NE,Webster,80,SOUTH,2000,non_irrigated,72.0
31181,NE,Webster,80,SOUTH,2001,all,138.7
31181,NE,Webster,80,SOUTH,2001,irrigated,173.0
31181,NE,Webster,80,SOUTH,2001,non_irrigated,104.0
31181,NE,Webster,80,SOUTH,2002,all,140.7
31181,NE,Webster,80,SOUTH,2002,irrigated,171.0
31181,NE,Webster,80,SOUTH,2002,non_irrigated,23.0
31181,NE,Webster,80,SOUTH,2003,all,133.2
31181,NE,Webster,80,SOUTH,2003,irrigated,186.0
31181,NE,Webster,80,SOUTH,2003,non_irrigated,55.0
31181,NE,Webster,80,SOUTH,2004,all,156.8
31181,NE,Webster,80,SOUTH,2004,irrigated,191.0
31181,NE,Webster,80,SOUTH,2004,non_irrigated,109.0
31181,NE,Webster,80,SOUTH,2005,all,137.9
31181,NE,Webster,80,SOUTH,2005,irrigated,187.0
31181,NE,Webster,80,SOUTH,2005,non_irrigated,97.0
31181,NE,Webster,80,SOUTH,2006,all,112.7
31181,NE,Webster,80,SOUTH,2006,irrigated,175.0
31181,NE,Webster,80,SOUTH,2006,non_irrigated,59.0
31181,NE,Webster,80,SOUTH,2007,all,148.2
31181,NE,Webster,80,SOUTH,2007,irrigated,181.0
31181,NE,Webster,80,SOUTH,2007,non_irrigated,116.0
31181,NE,Webster,80,SOUTH,2008,all,159.0
31181,NE,Webster,80,SOUTH,2008,irrigated,188.0
31181,NE,Webster,80,SOUTH,2008,non_irrigated,134.0
31181,NE,Webster,80,SOUTH,2009,all,160.4
31181,NE,Webster,80,SOUTH,2009,irrigated,203.1
31181,NE,Webster,80,SOUTH,2009,non_irrigated,122.7
31181,NE,Webster,80,SOUTH,2010,all,158.0
31181,NE,Webster,80,SOUTH,2010,irrigated,191.7
31181,NE,Webster,80,SOUTH,2010,non_irrigated,128.1
31181,NE,Webster,80,SOUTH,2011,all,157.4
31181,NE,Webster,80,SOUTH,2011,irrigated,197.8
31181,NE,Webster,80,SOUTH,2011,non_irrigated,125.4
31181,NE,Webster,80,SOUTH,2012,all,127.7
31181,NE,Webster,80,SOUTH,2012,irrigated,194.2
31181,NE,Webster,80,SOUTH,2012,non_irrigated,67.3
31181,NE,Webster,80,SOUTH,2013,all,135.7
31181,NE,Webster,80,SOUTH,2013,irrigated,198.1
31181,NE,Webster,80,SOUTH,2013,non_irrigated,86.7
31181,NE,Webster,80,SOUTH,2014,all,140.9
31181,NE,Webster,80,SOUTH,2014,irrigated,197.2
31181,NE,Webster,80,SOUTH,2014,non_irrigated,104.9
31181,NE,Webster,80,SOUTH,2015,all,159.7
31181,NE,Webster,80,SOUTH,2015,irrigated,208.8
31181,NE,Webster,80,SOUTH,2015,non_irrigated,120.2
31181,NE,Webster,80,SOUTH,2016,all,157.7
31181,NE,Webster,80,SOUTH,2016,irrigated,209.4
31181,NE,Webster,80,SOUTH,2016,non_irrigated,115.9
31181,NE,Webster,80,SOUTH,2018,all,168.6
31181,NE,Webster,80,SOUTH,2018,irrigated,221.0
31181,NE,Webster,80,SOUTH,2018,non_irrigated,132.7
31181,NE,Webster,80,SOUTH,2020,all,172.3
31181,NE,Webster,80,SOUTH,2022,all,147.3
31181,NE,Webster,80,SOUTH,2023,all,147.3
31181,NE,Webster,80,SOUTH,2024,all,169.5
31181,NE,Webster,80,SOUTH,2025,all,189.2
31183,NE,Wheeler,20,NORTH,2000,all,127.5
31183,NE,Wheeler,20,NORTH,2000,irrigated,142.0
31183,NE,Wheeler,20,NORTH,2000,non_irrigated,51.0
31183,NE,Wheeler,20,NORTH,2001,all,147.9
31183,NE,Wheeler,20,NORTH,2001,irrigated,159.0
31183,NE,Wheeler,20,NORTH,2001,non_irrigated,83.0
31183,NE,Wheeler,20,NORTH,2002,all,141.1
31183,NE,Wheeler,20,NORTH,2002,irrigated,149.0
31183,NE,Wheeler,20,NORTH,2002,non_irrigated,23.0
31183,NE,Wheeler,20,NORTH,2003,all,164.3
31183,NE,Wheeler,20,NORTH,2003,irrigated,174.0
31183,NE,Wheeler,20,NORTH,2003,non_irrigated,48.0
31183,NE,Wheeler,20,NORTH,2004,all,148.3
31183,NE,Wheeler,20,NORTH,2004,irrigated,158.0
31183,NE,Wheeler,20,NORTH,2004,non_irrigated,55.0
31183,NE,Wheeler,20,NORTH,2005,all,161.0
31183,NE,Wheeler,20,NORTH,2005,irrigated,168.0
31183,NE,Wheeler,20,NORTH,2005,non_irrigated,70.0
31183,NE,Wheeler,20,NORTH,2006,all,174.8
31183,NE,Wheeler,20,NORTH,2006,irrigated,184.0
31183,NE,Wheeler,20,NORTH,2006,non_irrigated,60.0
31183,NE,Wheeler,20,NORTH,2007,all,158.4
31183,NE,Wheeler,20,NORTH,2007,irrigated,163.0
31183,NE,Wheeler,20,NORTH,2007,non_irrigated,91.0
31183,NE,Wheeler,20,NORTH,2008,all,151.0
31183,NE,Wheeler,20,NORTH,2008,irrigated,156.0
31183,NE,Wheeler,20,NORTH,2008,non_irrigated,96.0
31183,NE,Wheeler,20,NORTH,2009,all,170.5
31183,NE,Wheeler,20,NORTH,2009,irrigated,174.0
31183,NE,Wheeler,20,NORTH,2009,non_irrigated,120.9
31183,NE,Wheeler,20,NORTH,2010,all,152.7
31183,NE,Wheeler,20,NORTH,2010,irrigated,157.6
31183,NE,Wheeler,20,NORTH,2010,non_irrigated,83.8
31183,NE,Wheeler,20,NORTH,2011,all,172.9
31183,NE,Wheeler,20,NORTH,2014,all,197.6
31183,NE,Wheeler,20,NORTH,2020,all,215.8
31183,NE,Wheeler,20,NORTH,2023,all,225.8
31183,NE,Wheeler,20,NORTH,2024,all,226.1
31185,NE,York,60,EAST,2000,all,149.6
31185,NE,York,60,EAST,2000,irrigated,160.0
31185,NE,York,60,EAST,2000,non_irrigated,86.0
31185,NE,York,60,EAST,2001,all,168.1
31185,NE,York,60,EAST,2001,irrigated,177.0
31185,NE,York,60,EAST,2001,non_irrigated,111.0
31185,NE,York,60,EAST,2002,all,157.8
31185,NE,York,60,EAST,2002,irrigated,176.0
31185,NE,York,60,EAST,2002,non_irrigated,38.0
31185,NE,York,60,EAST,2003,all,172.8
31185,NE,York,60,EAST,2003,irrigated,192.0
31185,NE,York,60,EAST,2003,non_irrigated,32.0
31185,NE,York,60,EAST,2004,all,185.7
31185,NE,York,60,EAST,2004,irrigated,194.0
31185,NE,York,60,EAST,2004,non_irrigated,127.0
31185,NE,York,60,EAST,2005,all,177.7
31185,NE,York,60,EAST,2005,irrigated,191.2
31185,NE,York,60,EAST,2005,non_irrigated,84.0
31185,NE,York,60,EAST,2006,all,170.6
31185,NE,York,60,EAST,2006,irrigated,185.0
31185,NE,York,60,EAST,2006,non_irrigated,73.0
31185,NE,York,60,EAST,2007,all,182.2
31185,NE,York,60,EAST,2007,irrigated,187.0
31185,NE,York,60,EAST,2007,non_irrigated,146.0
31185,NE,York,60,EAST,2008,all,184.0
31185,NE,York,60,EAST,2008,irrigated,188.0
31185,NE,York,60,EAST,2008,non_irrigated,154.0
31185,NE,York,60,EAST,2009,all,207.9
31185,NE,York,60,EAST,2009,irrigated,214.7
31185,NE,York,60,EAST,2009,non_irrigated,158.9
31185,NE,York,60,EAST,2010,all,187.7
31185,NE,York,60,EAST,2010,irrigated,192.6
31185,NE,York,60,EAST,2010,non_irrigated,149.5
31185,NE,York,60,EAST,2011,all,181.7
31185,NE,York,60,EAST,2011,irrigated,186.7
31185,NE,York,60,EAST,2011,non_irrigated,143.6
31185,NE,York,60,EAST,2012,all,193.2
31185,NE,York,60,EAST,2012,irrigated,210.1
31185,NE,York,60,EAST,2012,non_irrigated,54.1
31185,NE,York,60,EAST,2013,all,201.5
31185,NE,York,60,EAST,2013,irrigated,212.1
31185,NE,York,60,EAST,2013,non_irrigated,107.6
31185,NE,York,60,EAST,2014,all,197.7
31185,NE,York,60,EAST,2014,irrigated,203.3
31185,NE,York,60,EAST,2014,non_irrigated,148.1
31185,NE,York,60,EAST,2015,all,214.8
31185,NE,York,60,EAST,2015,irrigated,220.1
31185,NE,York,60,EAST,2015,non_irrigated,166.8
31185,NE,York,60,EAST,2016,all,197.6
31185,NE,York,60,EAST,2016,irrigated,202.1
31185,NE,York,60,EAST,2016,non_irrigated,158.2
31185,NE,York,60,EAST,2017,all,213.6
31185,NE,York,60,EAST,2017,irrigated,219.7
31185,NE,York,60,EAST,2017,non_irrigated,156.5
31185,NE,York,60,EAST,2018,all,215.1
31185,NE,York,60,EAST,2019,all,206.5
31185,NE,York,60,EAST,2020,all,223.1
31185,NE,York,60,EAST,2022,all,192.9
31185,NE,York,60,EAST,2024,all,227.2
