fips,state_alpha,county_name,asd_code,asd_desc,year,practice,yield_bu_acre
31001,NE,Adams,80,SOUTH,2000,all,46.3
31001,NE,Adams,80,SOUTH,2000,irrigated,53.0
31001,NE,Adams,80,SOUTH,2000,non_irrigated,26.0
31001,NE,Adams,80,SOUTH,2001,all,52.6
31001,NE,Adams,80,SOUTH,2001,irrigated,57.0
31001,NE,Adams,80,SOUTH,2001,non_irrigated,38.0
31001,NE,Adams,80,SOUTH,2002,all,45.2
31001,NE,Adams,80,SOUTH,2002,irrigated,53.0
31001,NE,Adams,80,SOUTH,2002,non_irrigated,17.0
31001,NE,Adams,80,SOUTH,2003,all,50.5
31001,NE,Adams,80,SOUTH,2003,irrigated,57.0
31001,NE,Adams,80,SOUTH,2003,non_irrigated,23.0
31001,NE,Adams,80,SOUTH,2004,all,51.5
31001,NE,Adams,80,SOUTH,2004,irrigated,58.0
31001,NE,Adams,80,SOUTH,2004,non_irrigated,26.0
31001,NE,Adams,80,SOUTH,2005,all,59.2
31001,NE,Adams,80,SOUTH,2005,irrigated,63.0
31001,NE,Adams,80,SOUTH,2005,non_irrigated,41.0
31001,NE,Adams,80,SOUTH,2006,all,58.4
31001,NE,Adams,80,SOUTH,2006,irrigated,63.0
31001,NE,Adams,80,SOUTH,2006,non_irrigated,38.0
31001,NE,Adams,80,SOUTH,2007,all,55.4
31001,NE,Adams,80,SOUTH,2007,irrigated,58.0
31001,NE,Adams,80,SOUTH,2007,non_irrigated,46.0
31001,NE,Adams,80,SOUTH,2008,all,56.5
31001,NE,Adams,80,SOUTH,2008,irrigated,59.0
31001,NE,Adams,80,SOUTH,2008,non_irrigated,47.0
31001,NE,Adams,80,SOUTH,2009,all,57.5
31001,NE,Adams,80,SOUTH,2009,irrigated,61.0
31001,NE,Adams,80,SOUTH,2009,non_irrigated,41.0
31001,NE,Adams,80,SOUTH,2010,all,58.9
31001,NE,Adams,80,SOUTH,2010,irrigated,62.0
31001,NE,Adams,80,SOUTH,2010,non_irrigated,46.7
31001,NE,Adams,80,SOUTH,2011,all,65.7
31001,NE,Adams,80,SOUTH,2011,irrigated,67.4
31001,NE,Adams,80,SOUTH,2011,non_irrigated,58.4
31001,NE,Adams,80,SOUTH,2012,all,56.8
31001,NE,Adams,80,SOUTH,2012,irrigated,66.0
31001,NE,Adams,80,SOUTH,2012,non_irrigated,22.6
31001,NE,Adams,80,SOUTH,2013,all,57.0
31001,NE,Adams,80,SOUTH,2013,irrigated,60.4
31001,NE,Adams,80,SOUTH,2013,non_irrigated,40.5
31001,NE,Adams,80,SOUTH,2014,all,55.9
31001,NE,Adams,80,SOUTH,2014,irrigated,59.1
31001,NE,Adams,80,SOUTH,2014,non_irrigated,37.9
31001,NE,Adams,80,SOUTH,2015,all,66.0
31001,NE,Adams,80,SOUTH,2015,irrigated,69.7
31001,NE,Adams,80,SOUTH,2015,non_irrigated,44.3
31001,NE,Adams,80,SOUTH,2016,all,65.2
31001,NE,Adams,80,SOUTH,2016,irrigated,69.8
31001,NE,Adams,80,SOUTH,2016,non_irrigated,41.9
31001,NE,Adams,80,SOUTH,2017,all,66.2
31001,NE,Adams,80,SOUTH,2018,all,66.0
31001,NE,Adams,80,SOUTH,2019,all,62.4
31001,NE,Adams,80,SOUTH,2020,all,63.0
31001,NE,Adams,80,SOUTH,2021,all,71.1
31001,NE,Adams,80,SOUTH,2022,all,62.7
31001,NE,Adams,80,SOUTH,2023,all,62.0
31001,NE,Adams,80,SOUTH,2024,all,67.7
31003,NE,Antelope,30,NORTHEAST,2000,all,42.1
31003,NE,Antelope,30,NORTHEAST,2000,irrigated,53.0
31003,NE,Antelope,30,NORTHEAST,2000,non_irrigated,20.0
31003,NE,Antelope,30,NORTHEAST,2001,all,46.8
31003,NE,Antelope,30,NORTHEAST,2001,irrigated,52.0
31003,NE,Antelope,30,NORTHEAST,2001,non_irrigated,35.0
31003,NE,Antelope,30,NORTHEAST,2002,all,43.5
31003,NE,Antelope,30,NORTHEAST,2002,irrigated,52.0
31003,NE,Antelope,30,NORTHEAST,2002,non_irrigated,24.0
31003,NE,Antelope,30,NORTHEAST,2003,all,46.3
31003,NE,Antelope,30,NORTHEAST,2003,irrigated,55.0
31003,NE,Antelope,30,NORTHEAST,2003,non_irrigated,27.0
31003,NE,Antelope,30,NORTHEAST,2004,all,45.4
31003,NE,Antelope,30,NORTHEAST,2004,irrigated,52.0
31003,NE,Antelope,30,NORTHEAST,2004,non_irrigated,29.0
31003,NE,Antelope,30,NORTHEAST,2005,all,50.9
31003,NE,Antelope,30,NORTHEAST,2005,irrigated,57.0
31003,NE,Antelope,30,NORTHEAST,2005,non_irrigated,32.0
31003,NE,Antelope,30,NORTHEAST,2006,all,51.0
31003,NE,Antelope,30,NORTHEAST,2006,irrigated,58.0
31003,NE,Antelope,30,NORTHEAST,2006,non_irrigated,30.0
31003,NE,Antelope,30,NORTHEAST,2007,all,50.3
31003,NE,Antelope,30,NORTHEAST,2007,irrigated,54.0
31003,NE,Antelope,30,NORTHEAST,2007,non_irrigated,39.0
31003,NE,Antelope,30,NORTHEAST,2008,all,52.0
31003,NE,Antelope,30,NORTHEAST,2008,irrigated,57.0
31003,NE,Antelope,30,NORTHEAST,2008,non_irrigated,35.0
31003,NE,Antelope,30,NORTHEAST,2009,all,57.5
31003,NE,Antelope,30,NORTHEAST,2009,irrigated,61.0
31003,NE,Antelope,30,NORTHEAST,2009,non_irrigated,44.0
31003,NE,Antelope,30,NORTHEAST,2010,all,56.3
31003,NE,Antelope,30,NORTHEAST,2010,irrigated,60.0
31003,NE,Antelope,30,NORTHEAST,2010,non_irrigated,41.6
31003,NE,Antelope,30,NORTHEAST,2011,all,53.4
31003,NE,Antelope,30,NORTHEAST,2011,irrigated,56.5
31003,NE,Antelope,30,NORTHEAST,2011,non_irrigated,41.7
31003,NE,Antelope,30,NORTHEAST,2012,all,52.5
31003,NE,Antelope,30,NORTHEAST,2012,irrigated,61.2
31003,NE,Antelope,30,NORTHEAST,2012,non_irrigated,17.8
31003,NE,Antelope,30,NORTHEAST,2013,all,56.1
31003,NE,Antelope,30,NORTHEAST,2013,irrigated,60.6
31003,NE,Antelope,30,NORTHEAST,2013,non_irrigated,38.0
31003,NE,Antelope,30,NORTHEAST,2014,all,57.7
31003,NE,Antelope,30,NORTHEAST,2014,irrigated,59.0
31003,NE,Antelope,30,NORTHEAST,2014,non_irrigated,51.7
31003,NE,Antelope,30,NORTHEAST,2015,all,61.7
31003,NE,Antelope,30,NORTHEAST,2015,irrigated,63.5
31003,NE,Antelope,30,NORTHEAST,2015,non_irrigated,53.4
31003,NE,Antelope,30,NORTHEAST,2016,all,63.7
31003,NE,Antelope,30,NORTHEAST,2016,irrigated,66.7
31003,NE,Antelope,30,NORTHEAST,2016,non_irrigated,50.7
31003,NE,Antelope,30,NORTHEAST,2017,all,60.1
31003,NE,Antelope,30,NORTHEAST,2017,irrigated,63.6
31003,NE,Antelope,30,NORTHEAST,2017,non_irrigated,44.0
31003,NE,Antelope,30,NORTHEAST,2018,all,59.6
31003,NE,Antelope,30,NORTHEAST,2020,all,64.4
31003,NE,Antelope,30,NORTHEAST,2023,all,59.6
31003,NE,Antelope,30,NORTHEAST,2024,all,61.5
31011,NE,Boone,30,NORTHEAST,2000,all,37.4
31011,NE,Boone,30,NORTHEAST,2000,irrigated,48.0
31011,NE,Boone,30,NORTHEAST,2000,non_irrigated,22.0
31011,NE,Boone,30,NORTHEAST,2001,all,46.3
31011,NE,Boone,30,NORTHEAST,2001,irrigated,52.0
31011,NE,Boone,30,NORTHEAST,2001,non_irrigated,37.0
31011,NE,Boone,30,NORTHEAST,2002,all,40.3
31011,NE,Boone,30,NORTHEAST,2002,irrigated,49.0
31011,NE,Boone,30,NORTHEAST,2002,non_irrigated,26.0
31011,NE,Boone,30,NORTHEAST,2003,all,41.5
31011,NE,Boone,30,NORTHEAST,2003,irrigated,50.0
31011,NE,Boone,30,NORTHEAST,2003,non_irrigated,27.0
31011,NE,Boone,30,NORTHEAST,2004,all,42.1
31011,NE,Boone,30,NORTHEAST,2004,irrigated,48.0
31011,NE,Boone,30,NORTHEAST,2004,non_irrigated,32.0
31011,NE,Boone,30,NORTHEAST,2005,all,52.2
31011,NE,Boone,30,NORTHEAST,2005,irrigated,57.0
31011,NE,Boone,30,NORTHEAST,2005,non_irrigated,43.0
31011,NE,Boone,30,NORTHEAST,2006,all,52.5
31011,NE,Boone,30,NORTHEAST,2006,irrigated,57.0
31011,NE,Boone,30,NORTHEAST,2006,non_irrigated,44.0
31011,NE,Boone,30,NORTHEAST,2007,all,50.2
31011,NE,Boone,30,NORTHEAST,2007,irrigated,52.0
31011,NE,Boone,30,NORTHEAST,2007,non_irrigated,47.0
31011,NE,Boone,30,NORTHEAST,2008,all,49.5
31011,NE,Boone,30,NORTHEAST,2008,irrigated,53.0
31011,NE,Boone,30,NORTHEAST,2008,non_irrigated,43.0
31011,NE,Boone,30,NORTHEAST,2009,all,57.0
31011,NE,Boone,30,NORTHEAST,2009,irrigated,60.0
31011,NE,Boone,30,NORTHEAST,2009,non_irrigated,52.0
31011,NE,Boone,30,NORTHEAST,2010,all,54.9
31011,NE,Boone,30,NORTHEAST,2010,irrigated,58.2
31011,NE,Boone,30,NORTHEAST,2010,non_irrigated,48.3
31011,NE,Boone,30,NORTHEAST,2011,all,54.4
31011,NE,Boone,30,NORTHEAST,2011,irrigated,56.7
31011,NE,Boone,30,NORTHEAST,2011,non_irrigated,50.3
31011,NE,Boone,30,NORTHEAST,2012,all,43.9
31011,NE,Boone,30,NORTHEAST,2012,irrigated,56.6
31011,NE,Boone,30,NORTHEAST,2012,non_irrigated,18.7
31011,NE,Boone,30,NORTHEAST,2013,all,58.1
31011,NE,Boone,30,NORTHEAST,2013,irrigated,63.4
31011,NE,Boone,30,NORTHEAST,2013,non_irrigated,47.6
31011,NE,Boone,30,NORTHEAST,2014,all,57.8
31011,NE,Boone,30,NORTHEAST,2014,irrigated,59.5
31011,NE,Boone,30,NORTHEAST,2014,non_irrigated,54.1
31011,NE,Boone,30,NORTHEAST,2015,all,58.5
31011,NE,Boone,30,NORTHEAST,2015,irrigated,62.3
31011,NE,Boone,30,NORTHEAST,2015,non_irrigated,50.8
31011,NE,Boone,30,NORTHEAST,2016,all,66.1
31011,NE,Boone,30,NORTHEAST,2016,irrigated,68.5
31011,NE,Boone,30,NORTHEAST,2016,non_irrigated,61.1
31011,NE,Boone,30,NORTHEAST,2017,all,61.8
31011,NE,Boone,30,NORTHEAST,2017,irrigated,65.1
31011,NE,Boone,30,NORTHEAST,2017,non_irrigated,55.2
31011,NE,Boone,30,NORTHEAST,2018,all,64.0
31011,NE,Boone,30,NORTHEAST,2018,irrigated,64.8
31011,NE,Boone,30,NORTHEAST,2018,non_irrigated,62.4
31011,NE,Boone,30,NORTHEAST,2020,all,64.1
31011,NE,Boone,30,NORTHEAST,2022,all,55.4
31011,NE,Boone,30,NORTHEAST,2023,all,52.3
31015,NE,Boyd,20,NORTH,2000,all,23.1
31015,NE,Boyd,20,NORTH,2000,irrigated,50.0
31015,NE,Boyd,20,NORTH,2000,non_irrigated,20.0
31015,NE,Boyd,20,NORTH,2001,all,29.9
31015,NE,Boyd,20,NORTH,2001,irrigated,49.0
31015,NE,Boyd,20,NORTH,2001,non_irrigated,28.0
31015,NE,Boyd,20,NORTH,2002,all,18.3
31015,NE,Boyd,20,NORTH,2002,irrigated,53.0
31015,NE,Boyd,20,NORTH,2002,non_irrigated,14.0
31015,NE,Boyd,20,NORTH,2003,all,17.4
31015,NE,Boyd,20,NORTH,2003,irrigated,54.0
31015,NE,Boyd,20,NORTH,2003,non_irrigated,14.0
31015,NE,Boyd,20,NORTH,2004,all,18.4
31015,NE,Boyd,20,NORTH,2004,irrigated,52.0
31015,NE,Boyd,20,NORTH,2004,non_irrigated,14.0
31015,NE,Boyd,20,NORTH,2005,all,27.0
31015,NE,Boyd,20,NORTH,2005,irrigated,58.0
31015,NE,Boyd,20,NORTH,2005,non_irrigated,22.0
31015,NE,Boyd,20,NORTH,2006,all,34.0
31015,NE,Boyd,20,NORTH,2006,irrigated,55.0
31015,NE,Boyd,20,NORTH,2006,non_irrigated,31.0
31015,NE,Boyd,20,NORTH,2007,all,35.2
31015,NE,Boyd,20,NORTH,2007,irrigated,56.0
31015,NE,Boyd,20,NORTH,2007,non_irrigated,33.0
31015,NE,Boyd,20,NORTH,2008,all,37.5
31015,NE,Boyd,20,NORTH,2008,irrigated,54.0
31015,NE,Boyd,20,NORTH,2008,non_irrigated,36.0
31015,NE,Boyd,20,NORTH,2009,all,48.0
31015,NE,Boyd,20,NORTH,2009,irrigated,57.0
31015,NE,Boyd,20,NORTH,2009,non_irrigated,47.0
31015,NE,Boyd,20,NORTH,2010,all,48.3
31015,NE,Boyd,20,NORTH,2010,irrigated,52.0
31015,NE,Boyd,20,NORTH,2010,non_irrigated,48.0
31015,NE,Boyd,20,NORTH,2011,all,44.1
31015,NE,Boyd,20,NORTH,2011,irrigated,59.1
31015,NE,Boyd,20,NORTH,2011,non_irrigated,43.3
31015,NE,Boyd,20,NORTH,2012,all,17.3
31015,NE,Boyd,20,NORTH,2012,irrigated,59.8
31015,NE,Boyd,20,NORTH,2012,non_irrigated,14.0
31015,NE,Boyd,20,NORTH,2013,all,45.3
31015,NE,Boyd,20,NORTH,2014,all,49.6
31015,NE,Boyd,20,NORTH,2015,all,50.5
31015,NE,Boyd,20,NORTH,2017,all,56.7
31015,NE,Boyd,20,NORTH,2018,all,60.9
31015,NE,Boyd,20,NORTH,2020,all,46.7
31015,NE,Boyd,20,NORTH,2021,all,42.0
31015,NE,Boyd,20,NORTH,2022,all,30.0
31015,NE,Boyd,20,NORTH,2023,all,44.6
31015,NE,Boyd,20,NORTH,2024,all,47.2
31015,NE,Boyd,20,NORTH,2025,all,47.8
31017,NE,Brown,20,NORTH,2000,all,49.7
31017,NE,Brown,20,NORTH,2000,irrigated,52.0
31017,NE,Brown,20,NORTH,2000,non_irrigated,10.0
31017,NE,Brown,20,NORTH,2001,all,51.6
31017,NE,Brown,20,NORTH,2001,irrigated,52.0
31017,NE,Brown,20,NORTH,2002,all,49.7
31017,NE,Brown,20,NORTH,2002,irrigated,50.0
31017,NE,Brown,20,NORTH,2003,all,50.5
31017,NE,Brown,20,NORTH,2003,irrigated,51.0
31017,NE,Brown,20,NORTH,2004,all,47.3
31017,NE,Brown,20,NORTH,2004,irrigated,48.0
31017,NE,Brown,20,NORTH,2005,all,56.8
31017,NE,Brown,20,NORTH,2005,irrigated,57.0
31017,NE,Brown,20,NORTH,2006,all,50.7
31017,NE,Brown,20,NORTH,2006,irrigated,51.0
31017,NE,Brown,20,NORTH,2007,all,48.3
31017,NE,Brown,20,NORTH,2008,all,44.5
31017,NE,Brown,20,NORTH,2009,all,47.5
31017,NE,Brown,20,NORTH,2010,all,50.9
31017,NE,Brown,20,NORTH,2010,irrigated,52.0
31017,NE,Brown,20,NORTH,2010,non_irrigated,26.0
31017,NE,Brown,20,NORTH,2011,all,50.9
31017,NE,Brown,20,NORTH,2012,all,56.0
31017,NE,Brown,20,NORTH,2013,all,50.7
31017,NE,Brown,20,NORTH,2014,all,58.7
31017,NE,Brown,20,NORTH,2016,all,60.4
31017,NE,Brown,20,NORTH,2017,all,61.1
31017,NE,Brown,20,NORTH,2019,all,56.0
31017,NE,Brown,20,NORTH,2021,all,74.6
31017,NE,Brown,20,NORTH,2024,all,64.9
31019,NE,Buffalo,50,CENTRAL,2000,all,42.4
31019,NE,Buffalo,50,CENTRAL,2000,irrigated,51.0
31019,NE,Buffalo,50,CENTRAL,2000,non_irrigated,15.0
31019,NE,Buffalo,50,CENTRAL,2001,all,51.5
31019,NE,Buffalo,50,CENTRAL,2001,irrigated,57.0
31019,NE,Buffalo,50,CENTRAL,2001,non_irrigated,30.0
31019,NE,Buffalo,50,CENTRAL,2002,all,47.0
31019,NE,Buffalo,50,CENTRAL,2002,irrigated,50.0
31019,NE,Buffalo,50,CENTRAL,2002,non_irrigated,17.0
31019,NE,Buffalo,50,CENTRAL,2003,all,51.1
31019,NE,Buffalo,50,CENTRAL,2003,irrigated,58.0
31019,NE,Buffalo,50,CENTRAL,2003,non_irrigated,17.0
31019,NE,Buffalo,50,CENTRAL,2004,all,48.6
31019,NE,Buffalo,50,CENTRAL,2004,irrigated,55.0
31019,NE,Buffalo,50,CENTRAL,2004,non_irrigated,18.0
31019,NE,Buffalo,50,CENTRAL,2005,all,54.5
31019,NE,Buffalo,50,CENTRAL,2005,irrigated,61.0
31019,NE,Buffalo,50,CENTRAL,2005,non_irrigated,26.0
31019,NE,Buffalo,50,CENTRAL,2006,all,58.1
31019,NE,Buffalo,50,CENTRAL,2006,irrigated,63.0
31019,NE,Buffalo,50,CENTRAL,2006,non_irrigated,34.0
31019,NE,Buffalo,50,CENTRAL,2007,all,55.8
31019,NE,Buffalo,50,CENTRAL,2007,irrigated,58.0
31019,NE,Buffalo,50,CENTRAL,2007,non_irrigated,48.0
31019,NE,Buffalo,50,CENTRAL,2008,all,51.5
31019,NE,Buffalo,50,CENTRAL,2008,irrigated,55.0
31019,NE,Buffalo,50,CENTRAL,2008,non_irrigated,38.0
31019,NE,Buffalo,50,CENTRAL,2009,all,59.0
31019,NE,Buffalo,50,CENTRAL,2009,irrigated,62.0
31019,NE,Buffalo,50,CENTRAL,2009,non_irrigated,47.0
31019,NE,Buffalo,50,CENTRAL,2010,all,61.8
31019,NE,Buffalo,50,CENTRAL,2010,irrigated,64.0
31019,NE,Buffalo,50,CENTRAL,2010,non_irrigated,52.8
31019,NE,Buffalo,50,CENTRAL,2011,all,62.5
31019,NE,Buffalo,50,CENTRAL,2011,irrigated,65.7
31019,NE,Buffalo,50,CENTRAL,2011,non_irrigated,51.0
31019,NE,Buffalo,50,CENTRAL,2012,all,55.1
31019,NE,Buffalo,50,CENTRAL,2012,irrigated,65.5
31019,NE,Buffalo,50,CENTRAL,2012,non_irrigated,12.5
31019,NE,Buffalo,50,CENTRAL,2013,all,57.3
31019,NE,Buffalo,50,CENTRAL,2013,irrigated,66.2
31019,NE,Buffalo,50,CENTRAL,2013,non_irrigated,26.0
31019,NE,Buffalo,50,CENTRAL,2014,all,58.9
31019,NE,Buffalo,50,CENTRAL,2014,irrigated,64.1
31019,NE,Buffalo,50,CENTRAL,2014,non_irrigated,37.8
31019,NE,Buffalo,50,CENTRAL,2015,all,64.7
31019,NE,Buffalo,50,CENTRAL,2015,irrigated,69.1
31019,NE,Buffalo,50,CENTRAL,2015,non_irrigated,46.1
31019,NE,Buffalo,50,CENTRAL,2016,all,67.4
31019,NE,Buffalo,50,CENTRAL,2016,irrigated,72.3
31019,NE,Buffalo,50,CENTRAL,2016,non_irrigated,47.1
31019,NE,Buffalo,50,CENTRAL,2017,all,67.4
31019,NE,Buffalo,50,CENTRAL,2017,irrigated,71.6
31019,NE,Buffalo,50,CENTRAL,2017,non_irrigated,49.9
31019,NE,Buffalo,50,CENTRAL,2018,all,69.6
31019,NE,Buffalo,50,CENTRAL,2020,all,64.8
31019,NE,Buffalo,50,CENTRAL,2022,all,51.5
31019,NE,Buffalo,50,CENTRAL,2023,all,55.5
31019,NE,Buffalo,50,CENTRAL,2024,all,65.2
31019,NE,Buffalo,50,CENTRAL,2025,all,72.3
31021,NE,Burt,30,NORTHEAST,2000,all,37.4
31021,NE,Burt,30,NORTHEAST,2000,irrigated,43.0
31021,NE,Burt,30,NORTHEAST,2000,non_irrigated,35.8
31021,NE,Burt,30,NORTHEAST,2001,all,43.7
31021,NE,Burt,30,NORTHEAST,2001,irrigated,46.0
31021,NE,Burt,30,NORTHEAST,2001,non_irrigated,43.0
31021,NE,Burt,30,NORTHEAST,2002,all,36.8
31021,NE,Burt,30,NORTHEAST,2002,irrigated,43.0
31021,NE,Burt,30,NORTHEAST,2002,non_irrigated,35.0
31021,NE,Burt,30,NORTHEAST,2003,all,38.6
31021,NE,Burt,30,NORTHEAST,2003,irrigated,44.0
31021,NE,Burt,30,NORTHEAST,2003,non_irrigated,37.0
31021,NE,Burt,30,NORTHEAST,2004,all,40.8
31021,NE,Burt,30,NORTHEAST,2004,irrigated,47.0
31021,NE,Burt,30,NORTHEAST,2004,non_irrigated,39.0
31021,NE,Burt,30,NORTHEAST,2005,all,43.0
31021,NE,Burt,30,NORTHEAST,2005,irrigated,47.0
31021,NE,Burt,30,NORTHEAST,2005,non_irrigated,42.0
31021,NE,Burt,30,NORTHEAST,2006,all,47.8
31021,NE,Burt,30,NORTHEAST,2006,irrigated,55.0
31021,NE,Burt,30,NORTHEAST,2006,non_irrigated,46.0
31021,NE,Burt,30,NORTHEAST,2007,all,52.4
31021,NE,Burt,30,NORTHEAST,2007,irrigated,54.0
31021,NE,Burt,30,NORTHEAST,2007,non_irrigated,52.0
31021,NE,Burt,30,NORTHEAST,2008,all,39.5
31021,NE,Burt,30,NORTHEAST,2008,irrigated,50.0
31021,NE,Burt,30,NORTHEAST,2008,non_irrigated,37.0
31021,NE,Burt,30,NORTHEAST,2009,all,53.5
31021,NE,Burt,30,NORTHEAST,2009,irrigated,56.0
31021,NE,Burt,30,NORTHEAST,2009,non_irrigated,53.0
31021,NE,Burt,30,NORTHEAST,2010,all,51.1
31021,NE,Burt,30,NORTHEAST,2010,irrigated,52.7
31021,NE,Burt,30,NORTHEAST,2010,non_irrigated,50.7
31021,NE,Burt,30,NORTHEAST,2011,all,48.4
31021,NE,Burt,30,NORTHEAST,2012,all,33.9
31021,NE,Burt,30,NORTHEAST,2012,irrigated,50.2
31021,NE,Burt,30,NORTHEAST,2012,non_irrigated,29.9
31021,NE,Burt,30,NORTHEAST,2013,all,56.7
31021,NE,Burt,30,NORTHEAST,2013,irrigated,60.6
31021,NE,Burt,30,NORTHEAST,2013,non_irrigated,55.7
31021,NE,Burt,30,NORTHEAST,2014,all,46.7
31021,NE,Burt,30,NORTHEAST,2014,irrigated,48.2
31021,NE,Burt,30,NORTHEAST,2014,non_irrigated,46.3
31021,NE,Burt,30,NORTHEAST,2015,all,56.3
31021,NE,Burt,30,NORTHEAST,2016,all,60.2
31021,NE,Burt,30,NORTHEAST,2017,all,55.6
31021,NE,Burt,30,NORTHEAST,2018,all,55.4
31021,NE,Burt,30,NORTHEAST,2019,all,53.5
31021,NE,Burt,30,NORTHEAST,2020,all,52.1
31021,NE,Burt,30,NORTHEAST,2021,all,64.7
31021,NE,Burt,30,NORTHEAST,2022,all,43.3
31021,NE,Burt,30,NORTHEAST,2023,all,48.0
31021,NE,Burt,30,NORTHEAST,2024,all,56.9
31021,NE,Burt,30,NORTHEAST,2025,all,66.2
31023,NE,Butler,60,EAST,2000,all,37.5
31023,NE,Butler,60,EAST,2000,irrigated,50.0
31023,NE,Butler,60,EAST,2000,non_irrigated,30.5
31023,NE,Butler,60,EAST,2001,all,41.9
31023,NE,Butler,60,EAST,2001,irrigated,53.0
31023,NE,Butler,60,EAST,2001,non_irrigated,35.0
31023,NE,Butler,60,EAST,2002,all,34.5
31023,NE,Butler,60,EAST,2002,irrigated,48.0
31023,NE,Butler,60,EAST,2002,non_irrigated,26.0
31023,NE,Butler,60,EAST,2003,all,34.8
31023,NE,Butler,60,EAST,2003,irrigated,52.0
31023,NE,Butler,60,EAST,2003,non_irrigated,24.0
31023,NE,Butler,60,EAST,2004,all,46.0
31023,NE,Butler,60,EAST,2004,irrigated,55.0
31023,NE,Butler,60,EAST,2004,non_irrigated,40.0
31023,NE,Butler,60,EAST,2005,all,48.5
31023,NE,Butler,60,EAST,2005,irrigated,61.0
31023,NE,Butler,60,EAST,2005,non_irrigated,40.0
31023,NE,Butler,60,EAST,2006,all,46.1
31023,NE,Butler,60,EAST,2006,irrigated,58.0
31023,NE,Butler,60,EAST,2006,non_irrigated,38.0
31023,NE,Butler,60,EAST,2007,all,53.6
31023,NE,Butler,60,EAST,2007,irrigated,60.0
31023,NE,Butler,60,EAST,2007,non_irrigated,50.0
31023,NE,Butler,60,EAST,2008,all,45.5
31023,NE,Butler,60,EAST,2008,irrigated,56.0
31023,NE,Butler,60,EAST,2008,non_irrigated,39.0
31023,NE,Butler,60,EAST,2009,all,54.0
31023,NE,Butler,60,EAST,2009,irrigated,60.0
31023,NE,Butler,60,EAST,2009,non_irrigated,50.0
31023,NE,Butler,60,EAST,2010,all,54.2
31023,NE,Butler,60,EAST,2010,irrigated,59.9
31023,NE,Butler,60,EAST,2010,non_irrigated,50.4
31023,NE,Butler,60,EAST,2011,all,55.8
31023,NE,Butler,60,EAST,2011,irrigated,60.2
31023,NE,Butler,60,EAST,2011,non_irrigated,53.0
31023,NE,Butler,60,EAST,2012,all,39.9
31023,NE,Butler,60,EAST,2012,irrigated,59.4
31023,NE,Butler,60,EAST,2012,non_irrigated,27.0
31023,NE,Butler,60,EAST,2013,all,53.0
31023,NE,Butler,60,EAST,2013,irrigated,60.6
31023,NE,Butler,60,EAST,2013,non_irrigated,48.0
31023,NE,Butler,60,EAST,2014,all,55.7
31023,NE,Butler,60,EAST,2015,all,61.1
31023,NE,Butler,60,EAST,2015,irrigated,65.6
31023,NE,Butler,60,EAST,2015,non_irrigated,57.7
31023,NE,Butler,60,EAST,2016,all,59.8
31023,NE,Butler,60,EAST,2016,irrigated,65.5
31023,NE,Butler,60,EAST,2016,non_irrigated,55.6
31023,NE,Butler,60,EAST,2017,all,56.8
31023,NE,Butler,60,EAST,2017,irrigated,61.9
31023,NE,Butler,60,EAST,2017,non_irrigated,52.7
31023,NE,Butler,60,EAST,2018,all,56.0
31023,NE,Butler,60,EAST,2019,all,55.3
31023,NE,Butler,60,EAST,2020,all,57.7
31023,NE,Butler,60,EAST,2021,all,62.2
31023,NE,Butler,60,EAST,2022,all,43.7
31023,NE,Butler,60,EAST,2023,all,45.0
31023,NE,Butler,60,EAST,2024,all,54.3
31023,NE,Butler,60,EAST,2025,all,69.0
31025,NE,Cass,60,EAST,2000,all,35.1
31025,NE,Cass,60,EAST,2000,irrigated,45.0
31025,NE,Cass,60,EAST,2000,non_irrigated,35.0
31025,NE,Cass,60,EAST,2001,all,40.0
31025,NE,Cass,60,EAST,2001,irrigated,50.0
31025,NE,Cass,60,EAST,2001,non_irrigated,40.0
31025,NE,Cass,60,EAST,2002,all,34.1
31025,NE,Cass,60,EAST,2002,irrigated,48.0
31025,NE,Cass,60,EAST,2002,non_irrigated,34.0
31025,NE,Cass,60,EAST,2003,all,33.1
31025,NE,Cass,60,EAST,2003,irrigated,51.0
31025,NE,Cass,60,EAST,2003,non_irrigated,33.0
31025,NE,Cass,60,EAST,2004,all,48.1
31025,NE,Cass,60,EAST,2004,irrigated,54.0
31025,NE,Cass,60,EAST,2004,non_irrigated,48.1
31025,NE,Cass,60,EAST,2005,all,47.1
31025,NE,Cass,60,EAST,2005,irrigated,64.0
31025,NE,Cass,60,EAST,2005,non_irrigated,47.0
31025,NE,Cass,60,EAST,2006,all,49.1
31025,NE,Cass,60,EAST,2006,irrigated,57.0
31025,NE,Cass,60,EAST,2006,non_irrigated,49.0
31025,NE,Cass,60,EAST,2007,all,50.1
31025,NE,Cass,60,EAST,2007,irrigated,59.0
31025,NE,Cass,60,EAST,2007,non_irrigated,50.0
31025,NE,Cass,60,EAST,2008,all,41.0
31025,NE,Cass,60,EAST,2009,all,52.0
31025,NE,Cass,60,EAST,2009,irrigated,56.0
31025,NE,Cass,60,EAST,2009,non_irrigated,52.0
31025,NE,Cass,60,EAST,2010,all,48.1
31025,NE,Cass,60,EAST,2011,all,52.2
31025,NE,Cass,60,EAST,2012,all,29.3
31025,NE,Cass,60,EAST,2013,all,46.5
31025,NE,Cass,60,EAST,2013,irrigated,61.3
31025,NE,Cass,60,EAST,2013,non_irrigated,46.3
31025,NE,Cass,60,EAST,2014,all,49.7
31025,NE,Cass,60,EAST,2015,all,53.7
31025,NE,Cass,60,EAST,2016,all,57.7
31025,NE,Cass,60,EAST,2017,all,52.1
31025,NE,Cass,60,EAST,2018,all,55.7
31025,NE,Cass,60,EAST,2019,all,52.5
31025,NE,Cass,60,EAST,2020,all,52.3
31025,NE,Cass,60,EAST,2022,all,38.9
31025,NE,Cass,60,EAST,2023,all,58.6
31025,NE,Cass,60,EAST,2024,all,54.6
31025,NE,Cass,60,EAST,2025,all,65.6
31027,NE,Cedar,30,NORTHEAST,2000,all,37.7
31027,NE,Cedar,30,NORTHEAST,2000,irrigated,45.0
31027,NE,Cedar,30,NORTHEAST,2000,non_irrigated,35.0
31027,NE,Cedar,30,NORTHEAST,2001,all,44.3
31027,NE,Cedar,30,NORTHEAST,2001,irrigated,50.0
31027,NE,Cedar,30,NORTHEAST,2001,non_irrigated,42.0
31027,NE,Cedar,30,NORTHEAST,2002,all,37.4
31027,NE,Cedar,30,NORTHEAST,2002,irrigated,46.0
31027,NE,Cedar,30,NORTHEAST,2002,non_irrigated,34.0
31027,NE,Cedar,30,NORTHEAST,2003,all,33.0
31027,NE,Cedar,30,NORTHEAST,2003,irrigated,45.0
31027,NE,Cedar,30,NORTHEAST,2003,non_irrigated,28.0
31027,NE,Cedar,30,NORTHEAST,2004,all,41.3
31027,NE,Cedar,30,NORTHEAST,2004,irrigated,49.0
31027,NE,Cedar,30,NORTHEAST,2004,non_irrigated,38.0
31027,NE,Cedar,30,NORTHEAST,2005,all,47.1
31027,NE,Cedar,30,NORTHEAST,2005,irrigated,54.0
31027,NE,Cedar,30,NORTHEAST,2005,non_irrigated,44.0
31027,NE,Cedar,30,NORTHEAST,2006,all,41.3
31027,NE,Cedar,30,NORTHEAST,2006,irrigated,50.0
31027,NE,Cedar,30,NORTHEAST,2006,non_irrigated,37.0
31027,NE,Cedar,30,NORTHEAST,2007,all,42.8
31027,NE,Cedar,30,NORTHEAST,2007,irrigated,50.0
31027,NE,Cedar,30,NORTHEAST,2007,non_irrigated,40.0
31027,NE,Cedar,30,NORTHEAST,2008,all,42.0
31027,NE,Cedar,30,NORTHEAST,2008,irrigated,53.0
31027,NE,Cedar,30,NORTHEAST,2008,non_irrigated,37.0
31027,NE,Cedar,30,NORTHEAST,2009,all,51.0
31027,NE,Cedar,30,NORTHEAST,2009,irrigated,57.0
31027,NE,Cedar,30,NORTHEAST,2009,non_irrigated,48.0
31027,NE,Cedar,30,NORTHEAST,2010,all,55.1
31027,NE,Cedar,30,NORTHEAST,2010,irrigated,57.0
31027,NE,Cedar,30,NORTHEAST,2010,non_irrigated,53.9
31027,NE,Cedar,30,NORTHEAST,2011,all,50.2
31027,NE,Cedar,30,NORTHEAST,2011,irrigated,55.0
31027,NE,Cedar,30,NORTHEAST,2011,non_irrigated,47.6
31027,NE,Cedar,30,NORTHEAST,2012,all,30.9
31027,NE,Cedar,30,NORTHEAST,2012,irrigated,51.5
31027,NE,Cedar,30,NORTHEAST,2012,non_irrigated,17.9
31027,NE,Cedar,30,NORTHEAST,2013,all,56.0
31027,NE,Cedar,30,NORTHEAST,2013,irrigated,62.1
31027,NE,Cedar,30,NORTHEAST,2013,non_irrigated,51.8
31027,NE,Cedar,30,NORTHEAST,2014,all,54.5
31027,NE,Cedar,30,NORTHEAST,2014,irrigated,56.3
31027,NE,Cedar,30,NORTHEAST,2014,non_irrigated,53.1
31027,NE,Cedar,30,NORTHEAST,2015,all,59.0
31027,NE,Cedar,30,NORTHEAST,2015,irrigated,62.4
31027,NE,Cedar,30,NORTHEAST,2015,non_irrigated,56.3
31027,NE,Cedar,30,NORTHEAST,2016,all,58.3
31027,NE,Cedar,30,NORTHEAST,2016,irrigated,63.5
31027,NE,Cedar,30,NORTHEAST,2016,non_irrigated,54.3
31027,NE,Cedar,30,NORTHEAST,2017,all,55.9
31027,NE,Cedar,30,NORTHEAST,2017,irrigated,63.2
31027,NE,Cedar,30,NORTHEAST,2017,non_irrigated,49.9
31027,NE,Cedar,30,NORTHEAST,2018,all,60.0
31027,NE,Cedar,30,NORTHEAST,2018,irrigated,63.6
31027,NE,Cedar,30,NORTHEAST,2018,non_irrigated,57.0
31027,NE,Cedar,30,NORTHEAST,2019,all,60.4
31027,NE,Cedar,30,NORTHEAST,2020,all,57.1
31027,NE,Cedar,30,NORTHEAST,2021,all,61.3
31027,NE,Cedar,30,NORTHEAST,2022,all,53.2
31027,NE,Cedar,30,NORTHEAST,2023,all,57.3
31029,NE,Chase,70,SOUTHWEST,2000,all,51.6
31029,NE,Chase,70,SOUTHWEST,2000,irrigated,54.0
31029,NE,Chase,70,SOUTHWEST,2001,all,57.2
31029,NE,Chase,70,SOUTHWEST,2001,irrigated,58.0
31029,NE,Chase,70,SOUTHWEST,2002,all,57.0
31029,NE,Chase,70,SOUTHWEST,2002,irrigated,57.0
31029,NE,Chase,70,SOUTHWEST,2003,all,57.0
31029,NE,Chase,70,SOUTHWEST,2003,irrigated,59.0
31029,NE,Chase,70,SOUTHWEST,2004,all,53.3
31029,NE,Chase,70,SOUTHWEST,2004,irrigated,54.0
31029,NE,Chase,70,SOUTHWEST,2005,all,57.5
31029,NE,Chase,70,SOUTHWEST,2005,irrigated,58.0
31029,NE,Chase,70,SOUTHWEST,2006,all,58.7
31029,NE,Chase,70,SOUTHWEST,2006,irrigated,61.0
31029,NE,Chase,70,SOUTHWEST,2007,all,55.0
31029,NE,Chase,70,SOUTHWEST,2007,irrigated,55.0
31029,NE,Chase,70,SOUTHWEST,2008,all,58.5
31029,NE,Chase,70,SOUTHWEST,2009,all,49.0
31029,NE,Chase,70,SOUTHWEST,2009,irrigated,49.0
31029,NE,Chase,70,SOUTHWEST,2010,all,61.5
31029,NE,Chase,70,SOUTHWEST,2011,all,45.8
31029,NE,Chase,70,SOUTHWEST,2012,all,61.9
31029,NE,Chase,70,SOUTHWEST,2014,all,64.4
31029,NE,Chase,70,SOUTHWEST,2016,all,63.7
31029,NE,Chase,70,SOUTHWEST,2020,all,68.9
31029,NE,Chase,70,SOUTHWEST,2021,all,66.7
31029,NE,Chase,70,SOUTHWEST,2023,all,56.3
31029,NE,Chase,70,SOUTHWEST,2024,all,56.1
31031,NE,Cherry,20,NORTH,2000,all,45.0
31031,NE,Cherry,20,NORTH,2000,irrigated,45.0
31031,NE,Cherry,20,NORTH,2001,all,45.0
31031,NE,Cherry,20,NORTH,2001,irrigated,47.0
31031,NE,Cherry,20,NORTH,2002,all,49.0
31031,NE,Cherry,20,NORTH,2002,irrigated,49.0
31031,NE,Cherry,20,NORTH,2004,all,32.8
31031,NE,Cherry,20,NORTH,2004,irrigated,35.0
31031,NE,Cherry,20,NORTH,2006,all,55.0
31031,NE,Cherry,20,NORTH,2006,irrigated,55.0
31031,NE,Cherry,20,NORTH,2009,all,38.5
31033,NE,Cheyenne,10,NORTHWEST,2000,all,28.2
31033,NE,Cheyenne,10,NORTHWEST,2000,irrigated,32.0
31033,NE,Cheyenne,10,NORTHWEST,2001,all,42.0
31033,NE,Cheyenne,10,NORTHWEST,2001,irrigated,42.0
31033,NE,Cheyenne,10,NORTHWEST,2002,all,27.0
31033,NE,Cheyenne,10,NORTHWEST,2002,irrigated,27.0
31033,NE,Cheyenne,10,NORTHWEST,2004,all,15.0
31033,NE,Cheyenne,10,NORTHWEST,2004,irrigated,15.0
31033,NE,Cheyenne,10,NORTHWEST,2005,all,40.0
31033,NE,Cheyenne,10,NORTHWEST,2005,irrigated,40.0
31033,NE,Cheyenne,10,NORTHWEST,2011,all,40.4
31033,NE,Cheyenne,10,NORTHWEST,2013,all,38.6
31033,NE,Cheyenne,10,NORTHWEST,2015,all,34.9
31033,NE,Cheyenne,10,NORTHWEST,2016,all,46.9
31035,NE,Clay,90,SOUTHEAST,2000,all,44.7
31035,NE,Clay,90,SOUTHEAST,2000,irrigated,51.5
31035,NE,Clay,90,SOUTHEAST,2000,non_irrigated,26.0
31035,NE,Clay,90,SOUTHEAST,2001,all,49.7
31035,NE,Clay,90,SOUTHEAST,2001,irrigated,54.0
31035,NE,Clay,90,SOUTHEAST,2001,non_irrigated,37.0
31035,NE,Clay,90,SOUTHEAST,2002,all,45.6
31035,NE,Clay,90,SOUTHEAST,2002,irrigated,55.0
31035,NE,Clay,90,SOUTHEAST,2002,non_irrigated,16.0
31035,NE,Clay,90,SOUTHEAST,2003,all,48.7
31035,NE,Clay,90,SOUTHEAST,2003,irrigated,57.0
31035,NE,Clay,90,SOUTHEAST,2003,non_irrigated,23.0
31035,NE,Clay,90,SOUTHEAST,2004,all,49.8
31035,NE,Clay,90,SOUTHEAST,2004,irrigated,55.0
31035,NE,Clay,90,SOUTHEAST,2004,non_irrigated,33.0
31035,NE,Clay,90,SOUTHEAST,2005,all,60.4
31035,NE,Clay,90,SOUTHEAST,2005,irrigated,65.0
31035,NE,Clay,90,SOUTHEAST,2005,non_irrigated,44.0
31035,NE,Clay,90,SOUTHEAST,2006,all,56.0
31035,NE,Clay,90,SOUTHEAST,2006,irrigated,62.0
31035,NE,Clay,90,SOUTHEAST,2006,non_irrigated,36.0
31035,NE,Clay,90,SOUTHEAST,2007,all,50.1
31035,NE,Clay,90,SOUTHEAST,2007,irrigated,52.0
31035,NE,Clay,90,SOUTHEAST,2007,non_irrigated,45.0
31035,NE,Clay,90,SOUTHEAST,2008,all,59.5
31035,NE,Clay,90,SOUTHEAST,2008,irrigated,62.0
31035,NE,Clay,90,SOUTHEAST,2008,non_irrigated,51.0
31035,NE,Clay,90,SOUTHEAST,2009,all,55.0
31035,NE,Clay,90,SOUTHEAST,2009,irrigated,60.0
31035,NE,Clay,90,SOUTHEAST,2009,non_irrigated,38.0
31035,NE,Clay,90,SOUTHEAST,2010,all,59.2
31035,NE,Clay,90,SOUTHEAST,2010,irrigated,63.1
31035,NE,Clay,90,SOUTHEAST,2010,non_irrigated,46.0
31035,NE,Clay,90,SOUTHEAST,2011,all,65.3
31035,NE,Clay,90,SOUTHEAST,2011,irrigated,68.1
31035,NE,Clay,90,SOUTHEAST,2011,non_irrigated,55.2
31035,NE,Clay,90,SOUTHEAST,2012,all,54.6
31035,NE,Clay,90,SOUTHEAST,2012,irrigated,63.5
31035,NE,Clay,90,SOUTHEAST,2012,non_irrigated,22.7
31035,NE,Clay,90,SOUTHEAST,2013,all,43.6
31035,NE,Clay,90,SOUTHEAST,2013,irrigated,47.3
31035,NE,Clay,90,SOUTHEAST,2013,non_irrigated,31.0
31035,NE,Clay,90,SOUTHEAST,2014,all,60.5
31035,NE,Clay,90,SOUTHEAST,2014,irrigated,64.0
31035,NE,Clay,90,SOUTHEAST,2014,non_irrigated,46.4
31035,NE,Clay,90,SOUTHEAST,2015,all,64.5
31035,NE,Clay,90,SOUTHEAST,2015,irrigated,68.5
31035,NE,Clay,90,SOUTHEAST,2015,non_irrigated,47.7
31035,NE,Clay,90,SOUTHEAST,2016,all,65.7
31035,NE,Clay,90,SOUTHEAST,2016,irrigated,69.7
31035,NE,Clay,90,SOUTHEAST,2016,non_irrigated,49.2
31035,NE,Clay,90,SOUTHEAST,2017,all,65.6
31035,NE,Clay,90,SOUTHEAST,2017,irrigated,68.2
31035,NE,Clay,90,SOUTHEAST,2017,non_irrigated,54.4
31035,NE,Clay,90,SOUTHEAST,2018,all,65.0
31035,NE,Clay,90,SOUTHEAST,2018,irrigated,67.9
31035,NE,Clay,90,SOUTHEAST,2018,non_irrigated,51.2
31035,NE,Clay,90,SOUTHEAST,2020,all,69.9
31035,NE,Clay,90,SOUTHEAST,2021,all,70.0
31035,NE,Clay,90,SOUTHEAST,2022,all,59.9
31035,NE,Clay,90,SOUTHEAST,2023,all,55.8
31035,NE,Clay,90,SOUTHEAST,2024,all,63.0
31035,NE,Clay,90,SOUTHEAST,2025,all,74.9
31037,NE,Colfax,60,EAST,2000,all,36.1
31037,NE,Colfax,60,EAST,2000,irrigated,45.0
31037,NE,Colfax,60,EAST,2000,non_irrigated,33.0
31037,NE,Colfax,60,EAST,2001,all,44.0
31037,NE,Colfax,60,EAST,2001,irrigated,49.0
31037,NE,Colfax,60,EAST,2001,non_irrigated,42.0
31037,NE,Colfax,60,EAST,2002,all,33.3
31037,NE,Colfax,60,EAST,2002,irrigated,45.0
31037,NE,Colfax,60,EAST,2002,non_irrigated,29.0
31037,NE,Colfax,60,EAST,2003,all,39.0
31037,NE,Colfax,60,EAST,2003,irrigated,54.0
31037,NE,Colfax,60,EAST,2003,non_irrigated,33.0
31037,NE,Colfax,60,EAST,2004,all,44.9
31037,NE,Colfax,60,EAST,2004,irrigated,54.0
31037,NE,Colfax,60,EAST,2004,non_irrigated,41.0
31037,NE,Colfax,60,EAST,2005,all,45.5
31037,NE,Colfax,60,EAST,2005,irrigated,58.0
31037,NE,Colfax,60,EAST,2005,non_irrigated,40.0
31037,NE,Colfax,60,EAST,2006,all,48.2
31037,NE,Colfax,60,EAST,2006,irrigated,53.0
31037,NE,Colfax,60,EAST,2006,non_irrigated,46.0
31037,NE,Colfax,60,EAST,2007,all,52.4
31037,NE,Colfax,60,EAST,2007,irrigated,56.0
31037,NE,Colfax,60,EAST,2007,non_irrigated,51.0
31037,NE,Colfax,60,EAST,2008,all,43.5
31037,NE,Colfax,60,EAST,2008,irrigated,54.0
31037,NE,Colfax,60,EAST,2008,non_irrigated,39.0
31037,NE,Colfax,60,EAST,2009,all,55.0
31037,NE,Colfax,60,EAST,2009,irrigated,57.0
31037,NE,Colfax,60,EAST,2009,non_irrigated,54.0
31037,NE,Colfax,60,EAST,2010,all,51.8
31037,NE,Colfax,60,EAST,2010,irrigated,60.0
31037,NE,Colfax,60,EAST,2010,non_irrigated,47.9
31037,NE,Colfax,60,EAST,2011,all,52.8
31037,NE,Colfax,60,EAST,2011,irrigated,59.0
31037,NE,Colfax,60,EAST,2011,non_irrigated,50.1
31037,NE,Colfax,60,EAST,2012,all,31.7
31037,NE,Colfax,60,EAST,2012,irrigated,53.2
31037,NE,Colfax,60,EAST,2012,non_irrigated,21.8
31037,NE,Colfax,60,EAST,2013,all,54.5
31037,NE,Colfax,60,EAST,2013,irrigated,62.1
31037,NE,Colfax,60,EAST,2013,non_irrigated,51.0
31037,NE,Colfax,60,EAST,2014,all,55.9
31037,NE,Colfax,60,EAST,2015,all,62.0
31037,NE,Colfax,60,EAST,2015,irrigated,66.6
31037,NE,Colfax,60,EAST,2015,non_irrigated,59.8
31037,NE,Colfax,60,EAST,2016,all,62.8
31037,NE,Colfax,60,EAST,2016,irrigated,64.2
31037,NE,Colfax,60,EAST,2016,non_irrigated,62.2
31037,NE,Colfax,60,EAST,2017,all,55.0
31037,NE,Colfax,60,EAST,2017,irrigated,59.7
31037,NE,Colfax,60,EAST,2017,non_irrigated,52.6
31037,NE,Colfax,60,EAST,2018,all,55.4
31037,NE,Colfax,60,EAST,2019,all,60.1
31037,NE,Colfax,60,EAST,2020,all,53.1
31037,NE,Colfax,60,EAST,2021,all,68.7
31037,NE,Colfax,60,EAST,2022,all,43.2
31037,NE,Colfax,60,EAST,2023,all,44.1
31037,NE,Colfax,60,EAST,2024,all,57.6
31039,NE,Cuming,30,NORTHEAST,2000,all,34.3
31039,NE,Cuming,30,NORTHEAST,2000,irrigated,44.0
31039,NE,Cuming,30,NORTHEAST,2000,non_irrigated,33.0
31039,NE,Cuming,30,NORTHEAST,2001,all,46.5
31039,NE,Cuming,30,NORTHEAST,2001,irrigated,50.0
31039,NE,Cuming,30,NORTHEAST,2001,non_irrigated,46.0
31039,NE,Cuming,30,NORTHEAST,2002,all,37.7
31039,NE,Cuming,30,NORTHEAST,2002,irrigated,50.0
31039,NE,Cuming,30,NORTHEAST,2002,non_irrigated,36.0
31039,NE,Cuming,30,NORTHEAST,2003,all,39.8
31039,NE,Cuming,30,NORTHEAST,2003,irrigated,53.0
31039,NE,Cuming,30,NORTHEAST,2003,non_irrigated,38.0
31039,NE,Cuming,30,NORTHEAST,2004,all,42.3
31039,NE,Cuming,30,NORTHEAST,2004,irrigated,51.0
31039,NE,Cuming,30,NORTHEAST,2004,non_irrigated,41.0
31039,NE,Cuming,30,NORTHEAST,2005,all,50.2
31039,NE,Cuming,30,NORTHEAST,2005,irrigated,58.0
31039,NE,Cuming,30,NORTHEAST,2005,non_irrigated,49.0
31039,NE,Cuming,30,NORTHEAST,2006,all,51.8
31039,NE,Cuming,30,NORTHEAST,2006,irrigated,56.0
31039,NE,Cuming,30,NORTHEAST,2006,non_irrigated,51.0
31039,NE,Cuming,30,NORTHEAST,2007,all,54.3
31039,NE,Cuming,30,NORTHEAST,2007,irrigated,56.0
31039,NE,Cuming,30,NORTHEAST,2007,non_irrigated,54.0
31039,NE,Cuming,30,NORTHEAST,2008,all,39.0
31039,NE,Cuming,30,NORTHEAST,2008,irrigated,51.0
31039,NE,Cuming,30,NORTHEAST,2008,non_irrigated,37.0
31039,NE,Cuming,30,NORTHEAST,2009,all,57.0
31039,NE,Cuming,30,NORTHEAST,2009,irrigated,62.0
31039,NE,Cuming,30,NORTHEAST,2009,non_irrigated,56.0
31039,NE,Cuming,30,NORTHEAST,2010,all,55.7
31039,NE,Cuming,30,NORTHEAST,2011,all,52.8
31039,NE,Cuming,30,NORTHEAST,2011,irrigated,58.1
31039,NE,Cuming,30,NORTHEAST,2011,non_irrigated,52.0
31039,NE,Cuming,30,NORTHEAST,2012,all,30.1
31039,NE,Cuming,30,NORTHEAST,2013,all,60.8
31039,NE,Cuming,30,NORTHEAST,2014,all,51.8
31039,NE,Cuming,30,NORTHEAST,2015,all,59.6
31039,NE,Cuming,30,NORTHEAST,2015,irrigated,64.9
31039,NE,Cuming,30,NORTHEAST,2015,non_irrigated,58.7
31039,NE,Cuming,30,NORTHEAST,2016,all,62.3
31039,NE,Cuming,30,NORTHEAST,2016,irrigated,62.7
31039,NE,Cuming,30,NORTHEAST,2016,non_irrigated,62.2
31039,NE,Cuming,30,NORTHEAST,2017,all,60.6
31039,NE,Cuming,30,NORTHEAST,2018,all,58.6
31039,NE,Cuming,30,NORTHEAST,2019,all,62.2
31039,NE,Cuming,30,NORTHEAST,2020,all,51.7
31039,NE,Cuming,30,NORTHEAST,2021,all,66.7
31039,NE,Cuming,30,NORTHEAST,2022,all,46.8
31039,NE,Cuming,30,NORTHEAST,2023,all,42.4
31039,NE,Cuming,30,NORTHEAST,2024,all,58.0
31039,NE,Cuming,30,NORTHEAST,2025,all,69.0
31041,NE,Custer,50,CENTRAL,2000,all,32.7
31041,NE,Custer,50,CENTRAL,2000,irrigated,43.0
31041,NE,Custer,50,CENTRAL,2000,non_irrigated,15.0
31041,NE,Custer,50,CENTRAL,2001,all,45.2
31041,NE,Custer,50,CENTRAL,2001,irrigated,53.0
31041,NE,Custer,50,CENTRAL,2001,non_irrigated,32.0
31041,NE,Custer,50,CENTRAL,2002,all,45.8
31041,NE,Custer,50,CENTRAL,2002,irrigated,49.0
31041,NE,Custer,50,CENTRAL,2002,non_irrigated,11.0
31041,NE,Custer,50,CENTRAL,2003,all,41.8
31041,NE,Custer,50,CENTRAL,2003,irrigated,54.0
31041,NE,Custer,50,CENTRAL,2003,non_irrigated,13.0
31041,NE,Custer,50,CENTRAL,2004,all,42.3
31041,NE,Custer,50,CENTRAL,2004,irrigated,51.0
31041,NE,Custer,50,CENTRAL,2004,non_irrigated,21.0
31041,NE,Custer,50,CENTRAL,2005,all,50.9
31041,NE,Custer,50,CENTRAL,2005,irrigated,59.0
31041,NE,Custer,50,CENTRAL,2005,non_irrigated,30.0
31041,NE,Custer,50,CENTRAL,2006,all,50.7
31041,NE,Custer,50,CENTRAL,2006,irrigated,60.0
31041,NE,Custer,50,CENTRAL,2006,non_irrigated,19.0
31041,NE,Custer,50,CENTRAL,2007,all,52.3
31041,NE,Custer,50,CENTRAL,2007,irrigated,57.0
31041,NE,Custer,50,CENTRAL,2007,non_irrigated,40.0
31041,NE,Custer,50,CENTRAL,2008,all,49.5
31041,NE,Custer,50,CENTRAL,2008,irrigated,54.0
31041,NE,Custer,50,CENTRAL,2008,non_irrigated,37.0
31041,NE,Custer,50,CENTRAL,2009,all,55.0
31041,NE,Custer,50,CENTRAL,2009,irrigated,58.0
31041,NE,Custer,50,CENTRAL,2009,non_irrigated,46.0
31041,NE,Custer,50,CENTRAL,2010,all,55.8
31041,NE,Custer,50,CENTRAL,2010,irrigated,59.0
31041,NE,Custer,50,CENTRAL,2010,non_irrigated,46.2
31041,NE,Custer,50,CENTRAL,2011,all,54.4
31041,NE,Custer,50,CENTRAL,2011,irrigated,58.6
31041,NE,Custer,50,CENTRAL,2011,non_irrigated,41.8
31041,NE,Custer,50,CENTRAL,2012,all,49.5
31041,NE,Custer,50,CENTRAL,2012,irrigated,62.2
31041,NE,Custer,50,CENTRAL,2012,non_irrigated,11.2
31041,NE,Custer,50,CENTRAL,2013,all,57.1
31041,NE,Custer,50,CENTRAL,2013,irrigated,64.5
31041,NE,Custer,50,CENTRAL,2013,non_irrigated,35.0
31041,NE,Custer,50,CENTRAL,2014,all,50.1
31041,NE,Custer,50,CENTRAL,2014,irrigated,56.0
31041,NE,Custer,50,CENTRAL,2014,non_irrigated,29.4
31041,NE,Custer,50,CENTRAL,2015,all,61.3
31041,NE,Custer,50,CENTRAL,2015,irrigated,65.3
31041,NE,Custer,50,CENTRAL,2015,non_irrigated,47.3
31041,NE,Custer,50,CENTRAL,2016,all,63.6
31041,NE,Custer,50,CENTRAL,2016,irrigated,68.3
31041,NE,Custer,50,CENTRAL,2016,non_irrigated,47.3
31041,NE,Custer,50,CENTRAL,2017,all,46.8
31041,NE,Custer,50,CENTRAL,2018,all,63.4
31041,NE,Custer,50,CENTRAL,2020,all,61.9
31041,NE,Custer,50,CENTRAL,2023,all,53.1
31041,NE,Custer,50,CENTRAL,2024,all,57.1
31043,NE,Dakota,30,NORTHEAST,2000,all,38.6
31043,NE,Dakota,30,NORTHEAST,2000,irrigated,49.0
31043,NE,Dakota,30,NORTHEAST,2000,non_irrigated,37.0
31043,NE,Dakota,30,NORTHEAST,2001,all,45.0
31043,NE,Dakota,30,NORTHEAST,2001,irrigated,50.0
31043,NE,Dakota,30,NORTHEAST,2001,non_irrigated,44.0
31043,NE,Dakota,30,NORTHEAST,2002,all,38.6
31043,NE,Dakota,30,NORTHEAST,2002,irrigated,42.0
31043,NE,Dakota,30,NORTHEAST,2002,non_irrigated,38.0
31043,NE,Dakota,30,NORTHEAST,2003,all,33.2
31043,NE,Dakota,30,NORTHEAST,2003,irrigated,44.0
31043,NE,Dakota,30,NORTHEAST,2003,non_irrigated,31.0
31043,NE,Dakota,30,NORTHEAST,2004,all,40.7
31043,NE,Dakota,30,NORTHEAST,2004,irrigated,48.0
31043,NE,Dakota,30,NORTHEAST,2004,non_irrigated,39.0
31043,NE,Dakota,30,NORTHEAST,2005,all,46.5
31043,NE,Dakota,30,NORTHEAST,2005,irrigated,53.0
31043,NE,Dakota,30,NORTHEAST,2005,non_irrigated,45.0
31043,NE,Dakota,30,NORTHEAST,2006,all,51.5
31043,NE,Dakota,30,NORTHEAST,2006,irrigated,58.0
31043,NE,Dakota,30,NORTHEAST,2006,non_irrigated,50.0
31043,NE,Dakota,30,NORTHEAST,2007,all,47.1
31043,NE,Dakota,30,NORTHEAST,2007,irrigated,48.0
31043,NE,Dakota,30,NORTHEAST,2007,non_irrigated,47.0
31043,NE,Dakota,30,NORTHEAST,2008,all,44.5
31043,NE,Dakota,30,NORTHEAST,2009,all,51.0
31043,NE,Dakota,30,NORTHEAST,2010,all,53.3
31043,NE,Dakota,30,NORTHEAST,2011,all,41.9
31043,NE,Dakota,30,NORTHEAST,2012,all,28.7
31043,NE,Dakota,30,NORTHEAST,2013,all,54.1
31043,NE,Dakota,30,NORTHEAST,2013,irrigated,61.7
31043,NE,Dakota,30,NORTHEAST,2013,non_irrigated,52.7
31043,NE,Dakota,30,NORTHEAST,2014,all,54.6
31043,NE,Dakota,30,NORTHEAST,2014,irrigated,63.6
31043,NE,Dakota,30,NORTHEAST,2014,non_irrigated,53.0
31043,NE,Dakota,30,NORTHEAST,2016,all,58.8
31043,NE,Dakota,30,NORTHEAST,2020,all,58.3
31043,NE,Dakota,30,NORTHEAST,2021,all,58.6
31043,NE,Dakota,30,NORTHEAST,2022,all,49.4
31043,NE,Dakota,30,NORTHEAST,2023,all,52.7
31047,NE,Dawson,50,CENTRAL,2000,all,46.4
31047,NE,Dawson,50,CENTRAL,2000,irrigated,49.0
31047,NE,Dawson,50,CENTRAL,2000,non_irrigated,14.0
31047,NE,Dawson,50,CENTRAL,2001,all,50.0
31047,NE,Dawson,50,CENTRAL,2001,irrigated,51.0
31047,NE,Dawson,50,CENTRAL,2001,non_irrigated,29.0
31047,NE,Dawson,50,CENTRAL,2002,all,46.4
31047,NE,Dawson,50,CENTRAL,2002,irrigated,47.0
31047,NE,Dawson,50,CENTRAL,2002,non_irrigated,16.0
31047,NE,Dawson,50,CENTRAL,2003,all,52.0
31047,NE,Dawson,50,CENTRAL,2003,irrigated,54.0
31047,NE,Dawson,50,CENTRAL,2003,non_irrigated,13.0
31047,NE,Dawson,50,CENTRAL,2004,all,49.3
31047,NE,Dawson,50,CENTRAL,2004,irrigated,51.0
31047,NE,Dawson,50,CENTRAL,2004,non_irrigated,23.0
31047,NE,Dawson,50,CENTRAL,2005,all,53.2
31047,NE,Dawson,50,CENTRAL,2005,irrigated,54.0
31047,NE,Dawson,50,CENTRAL,2005,non_irrigated,29.0
31047,NE,Dawson,50,CENTRAL,2006,all,61.0
31047,NE,Dawson,50,CENTRAL,2006,irrigated,63.0
31047,NE,Dawson,50,CENTRAL,2006,non_irrigated,21.0
31047,NE,Dawson,50,CENTRAL,2007,all,58.2
31047,NE,Dawson,50,CENTRAL,2007,irrigated,59.0
31047,NE,Dawson,50,CENTRAL,2007,non_irrigated,42.0
31047,NE,Dawson,50,CENTRAL,2008,all,55.0
31047,NE,Dawson,50,CENTRAL,2008,irrigated,56.0
31047,NE,Dawson,50,CENTRAL,2008,non_irrigated,40.0
31047,NE,Dawson,50,CENTRAL,2009,all,65.0
31047,NE,Dawson,50,CENTRAL,2009,irrigated,66.0
31047,NE,Dawson,50,CENTRAL,2009,non_irrigated,48.0
31047,NE,Dawson,50,CENTRAL,2010,all,61.1
31047,NE,Dawson,50,CENTRAL,2010,irrigated,62.1
31047,NE,Dawson,50,CENTRAL,2010,non_irrigated,47.3
31047,NE,Dawson,50,CENTRAL,2011,all,62.4
31047,NE,Dawson,50,CENTRAL,2011,irrigated,63.7
31047,NE,Dawson,50,CENTRAL,2011,non_irrigated,45.9
31047,NE,Dawson,50,CENTRAL,2012,all,61.3
31047,NE,Dawson,50,CENTRAL,2012,irrigated,64.7
31047,NE,Dawson,50,CENTRAL,2012,non_irrigated,12.9
31047,NE,Dawson,50,CENTRAL,2013,all,60.7
31047,NE,Dawson,50,CENTRAL,2014,all,62.5
31047,NE,Dawson,50,CENTRAL,2015,all,72.2
31047,NE,Dawson,50,CENTRAL,2016,all,70.7
31047,NE,Dawson,50,CENTRAL,2017,all,66.8
31047,NE,Dawson,50,CENTRAL,2018,all,72.2
31047,NE,Dawson,50,CENTRAL,2019,all,66.8
31047,NE,Dawson,50,CENTRAL,2020,all,67.2
31047,NE,Dawson,50,CENTRAL,2021,all,73.8
31047,NE,Dawson,50,CENTRAL,2022,all,60.9
31047,NE,Dawson,50,CENTRAL,2023,all,63.6
31047,NE,Dawson,50,CENTRAL,2024,all,67.0
31049,NE,Deuel,10,NORTHWEST,2001,all,35.8
31049,NE,Deuel,10,NORTHWEST,2001,irrigated,39.0
31049,NE,Deuel,10,NORTHWEST,2004,all,38.0
31049,NE,Deuel,10,NORTHWEST,2004,irrigated,38.0
31049,NE,Deuel,10,NORTHWEST,2020,all,27.6
31051,NE,Dixon,30,NORTHEAST,2000,all,37.0
31051,NE,Dixon,30,NORTHEAST,2000,irrigated,45.0
31051,NE,Dixon,30,NORTHEAST,2000,non_irrigated,36.0
31051,NE,Dixon,30,NORTHEAST,2001,all,43.0
31051,NE,Dixon,30,NORTHEAST,2001,irrigated,50.0
31051,NE,Dixon,30,NORTHEAST,2001,non_irrigated,42.0
31051,NE,Dixon,30,NORTHEAST,2002,all,38.6
31051,NE,Dixon,30,NORTHEAST,2002,irrigated,43.0
31051,NE,Dixon,30,NORTHEAST,2002,non_irrigated,38.0
31051,NE,Dixon,30,NORTHEAST,2003,all,31.3
31051,NE,Dixon,30,NORTHEAST,2003,irrigated,40.0
31051,NE,Dixon,30,NORTHEAST,2003,non_irrigated,30.0
31051,NE,Dixon,30,NORTHEAST,2004,all,37.3
31051,NE,Dixon,30,NORTHEAST,2004,irrigated,47.0
31051,NE,Dixon,30,NORTHEAST,2004,non_irrigated,36.0
31051,NE,Dixon,30,NORTHEAST,2005,all,46.9
31051,NE,Dixon,30,NORTHEAST,2005,irrigated,53.0
31051,NE,Dixon,30,NORTHEAST,2005,non_irrigated,46.0
31051,NE,Dixon,30,NORTHEAST,2006,all,47.7
31051,NE,Dixon,30,NORTHEAST,2006,irrigated,52.0
31051,NE,Dixon,30,NORTHEAST,2006,non_irrigated,47.0
31051,NE,Dixon,30,NORTHEAST,2007,all,45.7
31051,NE,Dixon,30,NORTHEAST,2007,irrigated,51.0
31051,NE,Dixon,30,NORTHEAST,2007,non_irrigated,45.0
31051,NE,Dixon,30,NORTHEAST,2008,all,41.0
31051,NE,Dixon,30,NORTHEAST,2008,irrigated,50.0
31051,NE,Dixon,30,NORTHEAST,2008,non_irrigated,40.0
31051,NE,Dixon,30,NORTHEAST,2009,all,49.0
31051,NE,Dixon,30,NORTHEAST,2010,all,53.9
31051,NE,Dixon,30,NORTHEAST,2011,all,38.7
31051,NE,Dixon,30,NORTHEAST,2012,all,25.1
31051,NE,Dixon,30,NORTHEAST,2013,all,54.2
31051,NE,Dixon,30,NORTHEAST,2014,all,53.1
31051,NE,Dixon,30,NORTHEAST,2015,all,59.5
31051,NE,Dixon,30,NORTHEAST,2016,all,59.6
31051,NE,Dixon,30,NORTHEAST,2017,all,55.8
31051,NE,Dixon,30,NORTHEAST,2020,all,56.1
31051,NE,Dixon,30,NORTHEAST,2025,all,63.9
31053,NE,Dodge,60,EAST,2000,all,41.3
31053,NE,Dodge,60,EAST,2000,irrigated,46.0
31053,NE,Dodge,60,EAST,2000,non_irrigated,39.0
31053,NE,Dodge,60,EAST,2001,all,45.8
31053,NE,Dodge,60,EAST,2001,irrigated,49.0
31053,NE,Dodge,60,EAST,2001,non_irrigated,44.0
31053,NE,Dodge,60,EAST,2002,all,39.2
31053,NE,Dodge,60,EAST,2002,irrigated,47.0
31053,NE,Dodge,60,EAST,2002,non_irrigated,35.0
31053,NE,Dodge,60,EAST,2003,all,37.7
31053,NE,Dodge,60,EAST,2003,irrigated,48.0
31053,NE,Dodge,60,EAST,2003,non_irrigated,32.0
31053,NE,Dodge,60,EAST,2004,all,45.6
31053,NE,Dodge,60,EAST,2004,irrigated,52.0
31053,NE,Dodge,60,EAST,2004,non_irrigated,42.0
31053,NE,Dodge,60,EAST,2005,all,46.9
31053,NE,Dodge,60,EAST,2005,irrigated,54.0
31053,NE,Dodge,60,EAST,2005,non_irrigated,43.0
31053,NE,Dodge,60,EAST,2006,all,51.1
31053,NE,Dodge,60,EAST,2006,irrigated,58.0
31053,NE,Dodge,60,EAST,2006,non_irrigated,47.0
31053,NE,Dodge,60,EAST,2007,all,53.0
31053,NE,Dodge,60,EAST,2007,irrigated,53.0
31053,NE,Dodge,60,EAST,2007,non_irrigated,53.0
31053,NE,Dodge,60,EAST,2008,all,41.5
31053,NE,Dodge,60,EAST,2008,irrigated,50.0
31053,NE,Dodge,60,EAST,2008,non_irrigated,36.0
31053,NE,Dodge,60,EAST,2009,all,58.0
31053,NE,Dodge,60,EAST,2009,irrigated,60.0
31053,NE,Dodge,60,EAST,2009,non_irrigated,57.0
31053,NE,Dodge,60,EAST,2010,all,52.8
31053,NE,Dodge,60,EAST,2010,irrigated,55.4
31053,NE,Dodge,60,EAST,2010,non_irrigated,51.1
31053,NE,Dodge,60,EAST,2011,all,52.7
31053,NE,Dodge,60,EAST,2011,irrigated,55.1
31053,NE,Dodge,60,EAST,2011,non_irrigated,51.3
31053,NE,Dodge,60,EAST,2012,all,38.9
31053,NE,Dodge,60,EAST,2012,irrigated,55.3
31053,NE,Dodge,60,EAST,2012,non_irrigated,29.3
31053,NE,Dodge,60,EAST,2013,all,54.1
31053,NE,Dodge,60,EAST,2013,irrigated,58.3
31053,NE,Dodge,60,EAST,2013,non_irrigated,51.9
31053,NE,Dodge,60,EAST,2014,all,51.1
31053,NE,Dodge,60,EAST,2014,irrigated,55.3
31053,NE,Dodge,60,EAST,2014,non_irrigated,48.5
31053,NE,Dodge,60,EAST,2015,all,60.3
31053,NE,Dodge,60,EAST,2016,all,59.7
31053,NE,Dodge,60,EAST,2017,all,60.7
31053,NE,Dodge,60,EAST,2018,all,57.3
31053,NE,Dodge,60,EAST,2018,irrigated,59.1
31053,NE,Dodge,60,EAST,2018,non_irrigated,56.0
31053,NE,Dodge,60,EAST,2019,all,63.4
31053,NE,Dodge,60,EAST,2020,all,53.8
31053,NE,Dodge,60,EAST,2021,all,64.0
31053,NE,Dodge,60,EAST,2022,all,45.7
31053,NE,Dodge,60,EAST,2023,all,51.1
31055,NE,Douglas,60,EAST,2000,all,41.0
31055,NE,Douglas,60,EAST,2000,irrigated,48.0
31055,NE,Douglas,60,EAST,2000,non_irrigated,40.0
31055,NE,Douglas,60,EAST,2001,all,45.7
31055,NE,Douglas,60,EAST,2001,irrigated,50.0
31055,NE,Douglas,60,EAST,2001,non_irrigated,45.0
31055,NE,Douglas,60,EAST,2002,all,35.1
31055,NE,Douglas,60,EAST,2002,irrigated,41.0
31055,NE,Douglas,60,EAST,2002,non_irrigated,34.0
31055,NE,Douglas,60,EAST,2003,all,31.6
31055,NE,Douglas,60,EAST,2003,irrigated,42.0
31055,NE,Douglas,60,EAST,2003,non_irrigated,30.0
31055,NE,Douglas,60,EAST,2004,all,44.8
31055,NE,Douglas,60,EAST,2004,irrigated,48.0
31055,NE,Douglas,60,EAST,2004,non_irrigated,44.0
31055,NE,Douglas,60,EAST,2005,all,45.7
31055,NE,Douglas,60,EAST,2005,irrigated,51.0
31055,NE,Douglas,60,EAST,2005,non_irrigated,45.0
31055,NE,Douglas,60,EAST,2006,all,43.5
31055,NE,Douglas,60,EAST,2006,irrigated,51.0
31055,NE,Douglas,60,EAST,2006,non_irrigated,42.0
31055,NE,Douglas,60,EAST,2007,all,52.9
31055,NE,Douglas,60,EAST,2007,irrigated,52.0
31055,NE,Douglas,60,EAST,2007,non_irrigated,53.0
31055,NE,Douglas,60,EAST,2008,all,35.0
31055,NE,Douglas,60,EAST,2008,irrigated,42.0
31055,NE,Douglas,60,EAST,2008,non_irrigated,33.0
31055,NE,Douglas,60,EAST,2009,all,54.5
31055,NE,Douglas,60,EAST,2009,irrigated,61.0
31055,NE,Douglas,60,EAST,2009,non_irrigated,53.0
31055,NE,Douglas,60,EAST,2010,all,48.8
31055,NE,Douglas,60,EAST,2010,irrigated,48.0
31055,NE,Douglas,60,EAST,2010,non_irrigated,49.0
31055,NE,Douglas,60,EAST,2011,all,49.2
31055,NE,Douglas,60,EAST,2011,irrigated,52.0
31055,NE,Douglas,60,EAST,2011,non_irrigated,48.6
31055,NE,Douglas,60,EAST,2012,all,30.4
31055,NE,Douglas,60,EAST,2012,irrigated,48.0
31055,NE,Douglas,60,EAST,2012,non_irrigated,26.8
31055,NE,Douglas,60,EAST,2013,all,47.7
31055,NE,Douglas,60,EAST,2013,irrigated,61.6
31055,NE,Douglas,60,EAST,2013,non_irrigated,45.2
31055,NE,Douglas,60,EAST,2014,all,52.3
31055,NE,Douglas,60,EAST,2014,irrigated,58.5
31055,NE,Douglas,60,EAST,2014,non_irrigated,50.8
31055,NE,Douglas,60,EAST,2015,all,56.1
31055,NE,Douglas,60,EAST,2015,irrigated,57.5
31055,NE,Douglas,60,EAST,2015,non_irrigated,55.7
31055,NE,Douglas,60,EAST,2016,all,61.2
31055,NE,Douglas,60,EAST,2016,irrigated,66.0
31055,NE,Douglas,60,EAST,2016,non_irrigated,60.1
31055,NE,Douglas,60,EAST,2017,all,54.2
31055,NE,Douglas,60,EAST,2017,irrigated,61.7
31055,NE,Douglas,60,EAST,2017,non_irrigated,52.0
31055,NE,Douglas,60,EAST,2018,all,59.6
31055,NE,Douglas,60,EAST,2018,irrigated,63.0
31055,NE,Douglas,60,EAST,2018,non_irrigated,58.4
31055,NE,Douglas,60,EAST,2019,all,53.4
31055,NE,Douglas,60,EAST,2020,all,52.6
31055,NE,Douglas,60,EAST,2021,all,59.0
31055,NE,Douglas,60,EAST,2022,all,43.0
31055,NE,Douglas,60,EAST,2023,all,41.4
31055,NE,Douglas,60,EAST,2024,all,58.4
31055,NE,Douglas,60,EAST,2025,all,61.8
31057,NE,Dundy,70,SOUTHWEST,2000,all,30.0
31057,NE,Dundy,70,SOUTHWEST,2000,irrigated,31.0
31057,NE,Dundy,70,SOUTHWEST,2001,all,54.0
31057,NE,Dundy,70,SOUTHWEST,2001,irrigated,54.0
31057,NE,Dundy,70,SOUTHWEST,2002,all,57.0
31057,NE,Dundy,70,SOUTHWEST,2002,irrigated,57.0
31057,NE,Dundy,70,SOUTHWEST,2003,all,52.0
31057,NE,Dundy,70,SOUTHWEST,2003,irrigated,52.0
31057,NE,Dundy,70,SOUTHWEST,2004,all,52.0
31057,NE,Dundy,70,SOUTHWEST,2004,irrigated,52.0
31057,NE,Dundy,70,SOUTHWEST,2005,all,55.0
31057,NE,Dundy,70,SOUTHWEST,2005,irrigated,55.0
31057,NE,Dundy,70,SOUTHWEST,2006,all,64.1
31057,NE,Dundy,70,SOUTHWEST,2006,irrigated,65.0
31057,NE,Dundy,70,SOUTHWEST,2007,all,60.0
31057,NE,Dundy,70,SOUTHWEST,2009,all,59.0
31057,NE,Dundy,70,SOUTHWEST,2010,all,66.1
31057,NE,Dundy,70,SOUTHWEST,2012,all,62.8
31057,NE,Dundy,70,SOUTHWEST,2014,all,68.8
31057,NE,Dundy,70,SOUTHWEST,2016,all,61.9
31057,NE,Dundy,70,SOUTHWEST,2020,all,52.8
31059,NE,Fillmore,90,SOUTHEAST,2000,all,42.5
31059,NE,Fillmore,90,SOUTHEAST,2000,irrigated,51.0
31059,NE,Fillmore,90,SOUTHEAST,2000,non_irrigated,27.8
31059,NE,Fillmore,90,SOUTHEAST,2001,all,48.1
31059,NE,Fillmore,90,SOUTHEAST,2001,irrigated,55.0
31059,NE,Fillmore,90,SOUTHEAST,2001,non_irrigated,34.0
31059,NE,Fillmore,90,SOUTHEAST,2002,all,42.3
31059,NE,Fillmore,90,SOUTHEAST,2002,irrigated,53.0
31059,NE,Fillmore,90,SOUTHEAST,2002,non_irrigated,20.0
31059,NE,Fillmore,90,SOUTHEAST,2003,all,45.9
31059,NE,Fillmore,90,SOUTHEAST,2003,irrigated,57.0
31059,NE,Fillmore,90,SOUTHEAST,2003,non_irrigated,21.0
31059,NE,Fillmore,90,SOUTHEAST,2004,all,50.0
31059,NE,Fillmore,90,SOUTHEAST,2004,irrigated,55.0
31059,NE,Fillmore,90,SOUTHEAST,2004,non_irrigated,39.0
31059,NE,Fillmore,90,SOUTHEAST,2005,all,58.0
31059,NE,Fillmore,90,SOUTHEAST,2005,irrigated,64.0
31059,NE,Fillmore,90,SOUTHEAST,2005,non_irrigated,43.0
31059,NE,Fillmore,90,SOUTHEAST,2006,all,50.8
31059,NE,Fillmore,90,SOUTHEAST,2006,irrigated,58.0
31059,NE,Fillmore,90,SOUTHEAST,2006,non_irrigated,33.0
31059,NE,Fillmore,90,SOUTHEAST,2007,all,52.0
31059,NE,Fillmore,90,SOUTHEAST,2007,irrigated,55.0
31059,NE,Fillmore,90,SOUTHEAST,2007,non_irrigated,46.0
31059,NE,Fillmore,90,SOUTHEAST,2008,all,56.5
31059,NE,Fillmore,90,SOUTHEAST,2008,irrigated,61.0
31059,NE,Fillmore,90,SOUTHEAST,2008,non_irrigated,46.0
31059,NE,Fillmore,90,SOUTHEAST,2009,all,55.0
31059,NE,Fillmore,90,SOUTHEAST,2009,irrigated,62.0
31059,NE,Fillmore,90,SOUTHEAST,2009,non_irrigated,39.0
31059,NE,Fillmore,90,SOUTHEAST,2010,all,54.8
31059,NE,Fillmore,90,SOUTHEAST,2010,irrigated,61.7
31059,NE,Fillmore,90,SOUTHEAST,2010,non_irrigated,37.9
31059,NE,Fillmore,90,SOUTHEAST,2011,all,63.8
31059,NE,Fillmore,90,SOUTHEAST,2011,irrigated,68.9
31059,NE,Fillmore,90,SOUTHEAST,2011,non_irrigated,51.3
31059,NE,Fillmore,90,SOUTHEAST,2012,all,52.4
31059,NE,Fillmore,90,SOUTHEAST,2012,irrigated,65.1
31059,NE,Fillmore,90,SOUTHEAST,2012,non_irrigated,22.1
31059,NE,Fillmore,90,SOUTHEAST,2013,all,57.7
31059,NE,Fillmore,90,SOUTHEAST,2013,irrigated,65.2
31059,NE,Fillmore,90,SOUTHEAST,2013,non_irrigated,38.1
31059,NE,Fillmore,90,SOUTHEAST,2014,all,61.4
31059,NE,Fillmore,90,SOUTHEAST,2014,irrigated,65.4
31059,NE,Fillmore,90,SOUTHEAST,2014,non_irrigated,49.7
31059,NE,Fillmore,90,SOUTHEAST,2015,all,62.3
31059,NE,Fillmore,90,SOUTHEAST,2015,irrigated,66.8
31059,NE,Fillmore,90,SOUTHEAST,2015,non_irrigated,48.8
31059,NE,Fillmore,90,SOUTHEAST,2016,all,66.1
31059,NE,Fillmore,90,SOUTHEAST,2016,irrigated,71.3
31059,NE,Fillmore,90,SOUTHEAST,2016,non_irrigated,50.9
31059,NE,Fillmore,90,SOUTHEAST,2017,all,64.3
31059,NE,Fillmore,90,SOUTHEAST,2017,irrigated,69.7
31059,NE,Fillmore,90,SOUTHEAST,2017,non_irrigated,48.3
31059,NE,Fillmore,90,SOUTHEAST,2018,all,61.8
31059,NE,Fillmore,90,SOUTHEAST,2019,all,62.5
31059,NE,Fillmore,90,SOUTHEAST,2020,all,68.3
31059,NE,Fillmore,90,SOUTHEAST,2022,all,64.2
31059,NE,Fillmore,90,SOUTHEAST,2023,all,57.7
31059,NE,Fillmore,90,SOUTHEAST,2024,all,68.0
31059,NE,Fillmore,90,SOUTHEAST,2025,all,71.0
31061,NE,Franklin,80,SOUTH,2000,all,45.7
31061,NE,Franklin,80,SOUTH,2000,irrigated,53.0
31061,NE,Franklin,80,SOUTH,2000,non_irrigated,22.0
31061,NE,Franklin,80,SOUTH,2001,all,49.8
31061,NE,Franklin,80,SOUTH,2001,irrigated,55.0
31061,NE,Franklin,80,SOUTH,2001,non_irrigated,34.0
31061,NE,Franklin,80,SOUTH,2002,all,45.2
31061,NE,Franklin,80,SOUTH,2002,irrigated,52.0
31061,NE,Franklin,80,SOUTH,2002,non_irrigated,13.0
31061,NE,Franklin,80,SOUTH,2003,all,50.2
31061,NE,Franklin,80,SOUTH,2003,irrigated,58.0
31061,NE,Franklin,80,SOUTH,2003,non_irrigated,15.0
31061,NE,Franklin,80,SOUTH,2004,all,49.9
31061,NE,Franklin,80,SOUTH,2004,irrigated,55.0
31061,NE,Franklin,80,SOUTH,2004,non_irrigated,29.0
31061,NE,Franklin,80,SOUTH,2005,all,55.2
31061,NE,Franklin,80,SOUTH,2005,irrigated,60.0
31061,NE,Franklin,80,SOUTH,2005,non_irrigated,39.0
31061,NE,Franklin,80,SOUTH,2006,all,54.3
31061,NE,Franklin,80,SOUTH,2006,irrigated,59.0
31061,NE,Franklin,80,SOUTH,2006,non_irrigated,38.0
31061,NE,Franklin,80,SOUTH,2007,all,55.4
31061,NE,Franklin,80,SOUTH,2007,irrigated,59.0
31061,NE,Franklin,80,SOUTH,2007,non_irrigated,46.0
31061,NE,Franklin,80,SOUTH,2008,all,55.0
31061,NE,Franklin,80,SOUTH,2008,irrigated,58.0
31061,NE,Franklin,80,SOUTH,2008,non_irrigated,46.0
31061,NE,Franklin,80,SOUTH,2009,all,58.0
31061,NE,Franklin,80,SOUTH,2009,irrigated,64.0
31061,NE,Franklin,80,SOUTH,2009,non_irrigated,45.0
31061,NE,Franklin,80,SOUTH,2010,all,57.0
31061,NE,Franklin,80,SOUTH,2010,irrigated,60.0
31061,NE,Franklin,80,SOUTH,2010,non_irrigated,49.6
31061,NE,Franklin,80,SOUTH,2011,all,60.1
31061,NE,Franklin,80,SOUTH,2012,all,49.0
31061,NE,Franklin,80,SOUTH,2012,irrigated,60.6
31061,NE,Franklin,80,SOUTH,2012,non_irrigated,26.7
31061,NE,Franklin,80,SOUTH,2013,all,47.2
31061,NE,Franklin,80,SOUTH,2014,all,53.8
31061,NE,Franklin,80,SOUTH,2014,irrigated,61.7
31061,NE,Franklin,80,SOUTH,2014,non_irrigated,37.1
31061,NE,Franklin,80,SOUTH,2015,all,57.0
31061,NE,Franklin,80,SOUTH,2015,irrigated,67.6
31061,NE,Franklin,80,SOUTH,2015,non_irrigated,36.2
31061,NE,Franklin,80,SOUTH,2016,all,60.7
31061,NE,Franklin,80,SOUTH,2016,irrigated,69.5
31061,NE,Franklin,80,SOUTH,2016,non_irrigated,43.5
31061,NE,Franklin,80,SOUTH,2020,all,59.7
31061,NE,Franklin,80,SOUTH,2021,all,71.4
31061,NE,Franklin,80,SOUTH,2022,all,47.2
31061,NE,Franklin,80,SOUTH,2023,all,51.6
31061,NE,Franklin,80,SOUTH,2024,all,64.2
31061,NE,Franklin,80,SOUTH,2025,all,66.2
31063,NE,Frontier,70,SOUTHWEST,2000,all,38.2
31063,NE,Frontier,70,SOUTHWEST,2000,irrigated,40.0
31063,NE,Frontier,70,SOUTHWEST,2000,non_irrigated,17.0
31063,NE,Frontier,70,SOUTHWEST,2001,all,53.9
31063,NE,Frontier,70,SOUTHWEST,2001,irrigated,56.0
31063,NE,Frontier,70,SOUTHWEST,2001,non_irrigated,20.0
31063,NE,Frontier,70,SOUTHWEST,2002,all,43.2
31063,NE,Frontier,70,SOUTHWEST,2002,irrigated,44.0
31063,NE,Frontier,70,SOUTHWEST,2002,non_irrigated,8.0
31063,NE,Frontier,70,SOUTHWEST,2003,all,49.6
31063,NE,Frontier,70,SOUTHWEST,2003,irrigated,52.0
31063,NE,Frontier,70,SOUTHWEST,2003,non_irrigated,13.0
31063,NE,Frontier,70,SOUTHWEST,2004,all,42.3
31063,NE,Frontier,70,SOUTHWEST,2004,irrigated,47.0
31063,NE,Frontier,70,SOUTHWEST,2004,non_irrigated,11.0
31063,NE,Frontier,70,SOUTHWEST,2005,all,52.8
31063,NE,Frontier,70,SOUTHWEST,2005,irrigated,57.0
31063,NE,Frontier,70,SOUTHWEST,2005,non_irrigated,20.0
31063,NE,Frontier,70,SOUTHWEST,2006,all,51.4
31063,NE,Frontier,70,SOUTHWEST,2006,irrigated,54.0
31063,NE,Frontier,70,SOUTHWEST,2006,non_irrigated,16.0
31063,NE,Frontier,70,SOUTHWEST,2007,all,58.0
31063,NE,Frontier,70,SOUTHWEST,2007,irrigated,59.0
31063,NE,Frontier,70,SOUTHWEST,2007,non_irrigated,45.0
31063,NE,Frontier,70,SOUTHWEST,2008,all,46.0
31063,NE,Frontier,70,SOUTHWEST,2008,irrigated,52.0
31063,NE,Frontier,70,SOUTHWEST,2008,non_irrigated,27.0
31063,NE,Frontier,70,SOUTHWEST,2009,all,58.0
31063,NE,Frontier,70,SOUTHWEST,2010,all,53.0
31063,NE,Frontier,70,SOUTHWEST,2011,all,51.4
31063,NE,Frontier,70,SOUTHWEST,2012,all,40.3
31063,NE,Frontier,70,SOUTHWEST,2013,all,45.1
31063,NE,Frontier,70,SOUTHWEST,2015,all,57.3
31063,NE,Frontier,70,SOUTHWEST,2016,all,59.1
31063,NE,Frontier,70,SOUTHWEST,2020,all,56.1
31063,NE,Frontier,70,SOUTHWEST,2023,all,54.7
31065,NE,Furnas,80,SOUTH,2000,all,40.4
31065,NE,Furnas,80,SOUTH,2000,irrigated,46.0
31065,NE,Furnas,80,SOUTH,2000,non_irrigated,12.0
31065,NE,Furnas,80,SOUTH,2001,all,50.3
31065,NE,Furnas,80,SOUTH,2001,irrigated,54.0
31065,NE,Furnas,80,SOUTH,2001,non_irrigated,32.0
31065,NE,Furnas,80,SOUTH,2002,all,41.3
31065,NE,Furnas,80,SOUTH,2002,irrigated,44.0
31065,NE,Furnas,80,SOUTH,2002,non_irrigated,14.0
31065,NE,Furnas,80,SOUTH,2003,all,46.9
31065,NE,Furnas,80,SOUTH,2003,irrigated,52.0
31065,NE,Furnas,80,SOUTH,2003,non_irrigated,17.0
31065,NE,Furnas,80,SOUTH,2004,all,43.6
31065,NE,Furnas,80,SOUTH,2004,irrigated,51.0
31065,NE,Furnas,80,SOUTH,2004,non_irrigated,18.0
31065,NE,Furnas,80,SOUTH,2005,all,49.4
31065,NE,Furnas,80,SOUTH,2005,irrigated,55.0
31065,NE,Furnas,80,SOUTH,2005,non_irrigated,21.0
31065,NE,Furnas,80,SOUTH,2006,all,48.5
31065,NE,Furnas,80,SOUTH,2006,irrigated,54.0
31065,NE,Furnas,80,SOUTH,2006,non_irrigated,24.0
31065,NE,Furnas,80,SOUTH,2007,all,50.2
31065,NE,Furnas,80,SOUTH,2007,irrigated,56.0
31065,NE,Furnas,80,SOUTH,2007,non_irrigated,34.0
31065,NE,Furnas,80,SOUTH,2008,all,49.5
31065,NE,Furnas,80,SOUTH,2008,irrigated,55.0
31065,NE,Furnas,80,SOUTH,2008,non_irrigated,32.0
31065,NE,Furnas,80,SOUTH,2009,all,59.0
31065,NE,Furnas,80,SOUTH,2009,irrigated,65.0
31065,NE,Furnas,80,SOUTH,2009,non_irrigated,47.0
31065,NE,Furnas,80,SOUTH,2010,all,53.8
31065,NE,Furnas,80,SOUTH,2010,irrigated,64.3
31065,NE,Furnas,80,SOUTH,2010,non_irrigated,39.0
31065,NE,Furnas,80,SOUTH,2011,all,55.6
31065,NE,Furnas,80,SOUTH,2011,irrigated,66.7
31065,NE,Furnas,80,SOUTH,2011,non_irrigated,38.4
31065,NE,Furnas,80,SOUTH,2012,all,37.4
31065,NE,Furnas,80,SOUTH,2012,irrigated,57.7
31065,NE,Furnas,80,SOUTH,2012,non_irrigated,9.1
31065,NE,Furnas,80,SOUTH,2013,all,35.2
31065,NE,Furnas,80,SOUTH,2014,all,47.8
31065,NE,Furnas,80,SOUTH,2014,irrigated,59.3
31065,NE,Furnas,80,SOUTH,2014,non_irrigated,34.8
31065,NE,Furnas,80,SOUTH,2015,all,57.8
31065,NE,Furnas,80,SOUTH,2015,irrigated,69.2
31065,NE,Furnas,80,SOUTH,2015,non_irrigated,41.6
31065,NE,Furnas,80,SOUTH,2016,all,57.1
31065,NE,Furnas,80,SOUTH,2016,irrigated,70.1
31065,NE,Furnas,80,SOUTH,2016,non_irrigated,42.8
31065,NE,Furnas,80,SOUTH,2017,all,50.9
31065,NE,Furnas,80,SOUTH,2020,all,47.3
31065,NE,Furnas,80,SOUTH,2021,all,51.6
31065,NE,Furnas,80,SOUTH,2022,all,37.5
31065,NE,Furnas,80,SOUTH,2023,all,42.3
31065,NE,Furnas,80,SOUTH,2024,all,64.4
31065,NE,Furnas,80,SOUTH,2025,all,57.1
31067,NE,Gage,90,SOUTHEAST,2000,all,25.2
31067,NE,Gage,90,SOUTHEAST,2000,irrigated,46.0
31067,NE,Gage,90,SOUTHEAST,2000,non_irrigated,21.0
31067,NE,Gage,90,SOUTHEAST,2001,all,39.8
31067,NE,Gage,90,SOUTHEAST,2001,irrigated,48.0
31067,NE,Gage,90,SOUTHEAST,2001,non_irrigated,38.0
31067,NE,Gage,90,SOUTHEAST,2002,all,28.1
31067,NE,Gage,90,SOUTHEAST,2002,irrigated,48.0
31067,NE,Gage,90,SOUTHEAST,2002,non_irrigated,24.0
31067,NE,Gage,90,SOUTHEAST,2003,all,31.7
31067,NE,Gage,90,SOUTHEAST,2003,irrigated,49.0
31067,NE,Gage,90,SOUTHEAST,2003,non_irrigated,28.0
31067,NE,Gage,90,SOUTHEAST,2004,all,44.2
31067,NE,Gage,90,SOUTHEAST,2004,irrigated,54.0
31067,NE,Gage,90,SOUTHEAST,2004,non_irrigated,42.0
31067,NE,Gage,90,SOUTHEAST,2005,all,47.0
31067,NE,Gage,90,SOUTHEAST,2005,irrigated,55.0
31067,NE,Gage,90,SOUTHEAST,2005,non_irrigated,45.0
31067,NE,Gage,90,SOUTHEAST,2006,all,45.9
31067,NE,Gage,90,SOUTHEAST,2006,irrigated,54.0
31067,NE,Gage,90,SOUTHEAST,2006,non_irrigated,44.0
31067,NE,Gage,90,SOUTHEAST,2007,all,40.6
31067,NE,Gage,90,SOUTHEAST,2007,irrigated,52.0
31067,NE,Gage,90,SOUTHEAST,2007,non_irrigated,38.0
31067,NE,Gage,90,SOUTHEAST,2008,all,38.0
31067,NE,Gage,90,SOUTHEAST,2008,irrigated,50.0
31067,NE,Gage,90,SOUTHEAST,2008,non_irrigated,35.0
31067,NE,Gage,90,SOUTHEAST,2009,all,46.5
31067,NE,Gage,90,SOUTHEAST,2009,irrigated,58.0
31067,NE,Gage,90,SOUTHEAST,2009,non_irrigated,44.0
31067,NE,Gage,90,SOUTHEAST,2010,all,42.0
31067,NE,Gage,90,SOUTHEAST,2010,irrigated,52.5
31067,NE,Gage,90,SOUTHEAST,2010,non_irrigated,39.5
31067,NE,Gage,90,SOUTHEAST,2011,all,46.5
31067,NE,Gage,90,SOUTHEAST,2011,irrigated,57.1
31067,NE,Gage,90,SOUTHEAST,2011,non_irrigated,44.0
31067,NE,Gage,90,SOUTHEAST,2012,all,32.6
31067,NE,Gage,90,SOUTHEAST,2013,all,52.0
31067,NE,Gage,90,SOUTHEAST,2013,irrigated,63.0
31067,NE,Gage,90,SOUTHEAST,2013,non_irrigated,49.4
31067,NE,Gage,90,SOUTHEAST,2014,all,47.8
31067,NE,Gage,90,SOUTHEAST,2014,irrigated,61.3
31067,NE,Gage,90,SOUTHEAST,2014,non_irrigated,44.4
31067,NE,Gage,90,SOUTHEAST,2015,all,46.8
31067,NE,Gage,90,SOUTHEAST,2015,irrigated,60.4
31067,NE,Gage,90,SOUTHEAST,2015,non_irrigated,43.2
31067,NE,Gage,90,SOUTHEAST,2016,all,53.2
31067,NE,Gage,90,SOUTHEAST,2016,irrigated,64.6
31067,NE,Gage,90,SOUTHEAST,2016,non_irrigated,50.4
31067,NE,Gage,90,SOUTHEAST,2017,all,47.5
31067,NE,Gage,90,SOUTHEAST,2018,all,51.1
31067,NE,Gage,90,SOUTHEAST,2019,all,56.0
31067,NE,Gage,90,SOUTHEAST,2020,all,48.2
31067,NE,Gage,90,SOUTHEAST,2021,all,51.2
31067,NE,Gage,90,SOUTHEAST,2022,all,36.5
31067,NE,Gage,90,SOUTHEAST,2023,all,45.4
31067,NE,Gage,90,SOUTHEAST,2024,all,41.1
31067,NE,Gage,90,SOUTHEAST,2025,all,59.1
31069,NE,Garden,10,NORTHWEST,2000,all,45.0
31069,NE,Garden,10,NORTHWEST,2000,irrigated,45.0
31069,NE,Garden,10,NORTHWEST,2001,all,49.0
31069,NE,Garden,10,NORTHWEST,2001,irrigated,49.0
31069,NE,Garden,10,NORTHWEST,2002,all,22.0
31069,NE,Garden,10,NORTHWEST,2002,irrigated,22.0
31069,NE,Garden,10,NORTHWEST,2004,all,30.0
31069,NE,Garden,10,NORTHWEST,2004,irrigated,30.0
31069,NE,Garden,10,NORTHWEST,2005,all,33.0
31069,NE,Garden,10,NORTHWEST,2005,irrigated,33.0
31069,NE,Garden,10,NORTHWEST,2006,all,48.0
31069,NE,Garden,10,NORTHWEST,2006,irrigated,48.0
31069,NE,Garden,10,NORTHWEST,2007,all,43.0
31069,NE,Garden,10,NORTHWEST,2007,irrigated,43.0
31069,NE,Garden,10,NORTHWEST,2010,all,37.0
31069,NE,Garden,10,NORTHWEST,2011,all,47.9
31069,NE,Garden,10,NORTHWEST,2012,all,52.0
31069,NE,Garden,10,NORTHWEST,2013,all,55.3
31069,NE,Garden,10,NORTHWEST,2014,all,56.3
31071,NE,Garfield,20,NORTH,2000,all,35.5
31071,NE,Garfield,20,NORTH,2000,irrigated,38.0
31071,NE,Garfield,20,NORTH,2000,non_irrigated,19.0
31071,NE,Garfield,20,NORTH,2001,all,46.8
31071,NE,Garfield,20,NORTH,2001,irrigated,50.0
31071,NE,Garfield,20,NORTH,2002,all,40.1
31071,NE,Garfield,20,NORTH,2002,irrigated,44.0
31071,NE,Garfield,20,NORTH,2002,non_irrigated,17.0
31071,NE,Garfield,20,NORTH,2003,all,39.2
31071,NE,Garfield,20,NORTH,2003,irrigated,46.0
31071,NE,Garfield,20,NORTH,2004,all,40.9
31071,NE,Garfield,20,NORTH,2004,irrigated,46.0
31071,NE,Garfield,20,NORTH,2005,all,44.2
31071,NE,Garfield,20,NORTH,2005,irrigated,47.0
31071,NE,Garfield,20,NORTH,2006,all,46.8
31071,NE,Garfield,20,NORTH,2006,irrigated,51.0
31071,NE,Garfield,20,NORTH,2007,all,40.3
31071,NE,Garfield,20,NORTH,2008,all,40.5
31071,NE,Garfield,20,NORTH,2009,all,55.5
31071,NE,Garfield,20,NORTH,2011,all,49.9
31071,NE,Garfield,20,NORTH,2011,irrigated,53.8
31071,NE,Garfield,20,NORTH,2011,non_irrigated,31.0
31071,NE,Garfield,20,NORTH,2012,all,41.8
31071,NE,Garfield,20,NORTH,2013,all,45.7
31071,NE,Garfield,20,NORTH,2015,all,59.1
31071,NE,Garfield,20,NORTH,2018,all,61.7
31071,NE,Garfield,20,NORTH,2020,all,57.0
31071,NE,Garfield,20,NORTH,2021,all,58.5
31071,NE,Garfield,20,NORTH,2022,all,59.5
31073,NE,Gosper,80,SOUTH,2000,all,50.2
31073,NE,Gosper,80,SOUTH,2000,irrigated,54.0
31073,NE,Gosper,80,SOUTH,2000,non_irrigated,20.0
31073,NE,Gosper,80,SOUTH,2001,all,54.1
31073,NE,Gosper,80,SOUTH,2001,irrigated,56.0
31073,NE,Gosper,80,SOUTH,2001,non_irrigated,35.0
31073,NE,Gosper,80,SOUTH,2002,all,49.1
31073,NE,Gosper,80,SOUTH,2002,irrigated,51.0
31073,NE,Gosper,80,SOUTH,2002,non_irrigated,13.0
31073,NE,Gosper,80,SOUTH,2003,all,55.2
31073,NE,Gosper,80,SOUTH,2003,irrigated,57.0
31073,NE,Gosper,80,SOUTH,2003,non_irrigated,21.0
31073,NE,Gosper,80,SOUTH,2004,all,50.4
31073,NE,Gosper,80,SOUTH,2004,irrigated,53.0
31073,NE,Gosper,80,SOUTH,2004,non_irrigated,16.0
31073,NE,Gosper,80,SOUTH,2005,all,55.9
31073,NE,Gosper,80,SOUTH,2005,irrigated,58.0
31073,NE,Gosper,80,SOUTH,2005,non_irrigated,29.0
31073,NE,Gosper,80,SOUTH,2006,all,60.2
31073,NE,Gosper,80,SOUTH,2006,irrigated,62.0
31073,NE,Gosper,80,SOUTH,2006,non_irrigated,32.0
31073,NE,Gosper,80,SOUTH,2007,all,56.5
31073,NE,Gosper,80,SOUTH,2007,irrigated,58.0
31073,NE,Gosper,80,SOUTH,2007,non_irrigated,41.0
31073,NE,Gosper,80,SOUTH,2008,all,54.0
31073,NE,Gosper,80,SOUTH,2008,irrigated,57.0
31073,NE,Gosper,80,SOUTH,2008,non_irrigated,34.0
31073,NE,Gosper,80,SOUTH,2009,all,62.5
31073,NE,Gosper,80,SOUTH,2009,irrigated,65.0
31073,NE,Gosper,80,SOUTH,2009,non_irrigated,49.0
31073,NE,Gosper,80,SOUTH,2010,all,57.8
31073,NE,Gosper,80,SOUTH,2010,irrigated,62.5
31073,NE,Gosper,80,SOUTH,2010,non_irrigated,39.1
31073,NE,Gosper,80,SOUTH,2011,all,62.0
31073,NE,Gosper,80,SOUTH,2012,all,50.7
31073,NE,Gosper,80,SOUTH,2012,irrigated,65.1
31073,NE,Gosper,80,SOUTH,2012,non_irrigated,7.8
31073,NE,Gosper,80,SOUTH,2013,all,54.9
31073,NE,Gosper,80,SOUTH,2013,irrigated,66.0
31073,NE,Gosper,80,SOUTH,2013,non_irrigated,6.3
31073,NE,Gosper,80,SOUTH,2014,all,57.8
31073,NE,Gosper,80,SOUTH,2015,all,63.6
31073,NE,Gosper,80,SOUTH,2016,all,67.2
31073,NE,Gosper,80,SOUTH,2018,all,66.8
31073,NE,Gosper,80,SOUTH,2018,irrigated,74.2
31073,NE,Gosper,80,SOUTH,2018,non_irrigated,46.4
31073,NE,Gosper,80,SOUTH,2019,all,65.4
31073,NE,Gosper,80,SOUTH,2020,all,70.2
31073,NE,Gosper,80,SOUTH,2021,all,75.5
31073,NE,Gosper,80,SOUTH,2023,all,59.8
31077,NE,Greeley,50,CENTRAL,2000,all,38.6
31077,NE,Greeley,50,CENTRAL,2000,irrigated,48.0
31077,NE,Greeley,50,CENTRAL,2000,non_irrigated,15.0
31077,NE,Greeley,50,CENTRAL,2001,all,43.4
31077,NE,Greeley,50,CENTRAL,2001,irrigated,51.0
31077,NE,Greeley,50,CENTRAL,2001,non_irrigated,24.0
31077,NE,Greeley,50,CENTRAL,2002,all,39.8
31077,NE,Greeley,50,CENTRAL,2002,irrigated,47.0
31077,NE,Greeley,50,CENTRAL,2002,non_irrigated,12.0
31077,NE,Greeley,50,CENTRAL,2003,all,43.4
31077,NE,Greeley,50,CENTRAL,2003,irrigated,51.0
31077,NE,Greeley,50,CENTRAL,2003,non_irrigated,19.0
31077,NE,Greeley,50,CENTRAL,2004,all,39.0
31077,NE,Greeley,50,CENTRAL,2004,irrigated,44.0
31077,NE,Greeley,50,CENTRAL,2004,non_irrigated,24.0
31077,NE,Greeley,50,CENTRAL,2005,all,49.7
31077,NE,Greeley,50,CENTRAL,2005,irrigated,56.0
31077,NE,Greeley,50,CENTRAL,2005,non_irrigated,27.0
31077,NE,Greeley,50,CENTRAL,2006,all,49.2
31077,NE,Greeley,50,CENTRAL,2006,irrigated,55.0
31077,NE,Greeley,50,CENTRAL,2006,non_irrigated,26.0
31077,NE,Greeley,50,CENTRAL,2007,all,51.2
31077,NE,Greeley,50,CENTRAL,2007,irrigated,53.0
31077,NE,Greeley,50,CENTRAL,2007,non_irrigated,45.0
31077,NE,Greeley,50,CENTRAL,2008,all,49.5
31077,NE,Greeley,50,CENTRAL,2008,irrigated,53.0
31077,NE,Greeley,50,CENTRAL,2008,non_irrigated,36.0
31077,NE,Greeley,50,CENTRAL,2009,all,59.0
31077,NE,Greeley,50,CENTRAL,2009,irrigated,61.0
31077,NE,Greeley,50,CENTRAL,2009,non_irrigated,51.0
31077,NE,Greeley,50,CENTRAL,2010,all,50.1
31077,NE,Greeley,50,CENTRAL,2010,irrigated,53.5
31077,NE,Greeley,50,CENTRAL,2010,non_irrigated,37.0
31077,NE,Greeley,50,CENTRAL,2011,all,54.2
31077,NE,Greeley,50,CENTRAL,2011,irrigated,56.6
31077,NE,Greeley,50,CENTRAL,2011,non_irrigated,44.3
31077,NE,Greeley,50,CENTRAL,2012,all,49.0
31077,NE,Greeley,50,CENTRAL,2014,all,52.5
31077,NE,Greeley,50,CENTRAL,2014,irrigated,54.2
31077,NE,Greeley,50,CENTRAL,2014,non_irrigated,46.3
31077,NE,Greeley,50,CENTRAL,2015,all,58.0
31077,NE,Greeley,50,CENTRAL,2016,all,62.8
31077,NE,Greeley,50,CENTRAL,2017,all,58.8
31077,NE,Greeley,50,CENTRAL,2018,all,59.7
31077,NE,Greeley,50,CENTRAL,2018,irrigated,62.3
31077,NE,Greeley,50,CENTRAL,2018,non_irrigated,49.5
31077,NE,Greeley,50,CENTRAL,2020,all,63.0
31077,NE,Greeley,50,CENTRAL,2021,all,64.2
31077,NE,Greeley,50,CENTRAL,2022,all,51.8
31077,NE,Greeley,50,CENTRAL,2023,all,53.4
31077,NE,Greeley,50,CENTRAL,2024,all,56.4
31079,NE,Hall,50,CENTRAL,2000,all,45.4
31079,NE,Hall,50,CENTRAL,2000,irrigated,49.0
31079,NE,Hall,50,CENTRAL,2000,non_irrigated,24.0
31079,NE,Hall,50,CENTRAL,2001,all,52.2
31079,NE,Hall,50,CENTRAL,2001,irrigated,56.0
31079,NE,Hall,50,CENTRAL,2001,non_irrigated,30.0
31079,NE,Hall,50,CENTRAL,2002,all,50.8
31079,NE,Hall,50,CENTRAL,2002,irrigated,55.0
31079,NE,Hall,50,CENTRAL,2002,non_irrigated,13.0
31079,NE,Hall,50,CENTRAL,2003,all,48.4
31079,NE,Hall,50,CENTRAL,2003,irrigated,52.0
31079,NE,Hall,50,CENTRAL,2003,non_irrigated,21.0
31079,NE,Hall,50,CENTRAL,2004,all,52.4
31079,NE,Hall,50,CENTRAL,2004,irrigated,56.0
31079,NE,Hall,50,CENTRAL,2004,non_irrigated,24.0
31079,NE,Hall,50,CENTRAL,2005,all,58.0
31079,NE,Hall,50,CENTRAL,2005,irrigated,61.0
31079,NE,Hall,50,CENTRAL,2005,non_irrigated,31.0
31079,NE,Hall,50,CENTRAL,2006,all,58.3
31079,NE,Hall,50,CENTRAL,2006,irrigated,61.0
31079,NE,Hall,50,CENTRAL,2006,non_irrigated,35.0
31079,NE,Hall,50,CENTRAL,2007,all,58.8
31079,NE,Hall,50,CENTRAL,2007,irrigated,60.0
31079,NE,Hall,50,CENTRAL,2007,non_irrigated,51.0
31079,NE,Hall,50,CENTRAL,2008,all,53.0
31079,NE,Hall,50,CENTRAL,2008,irrigated,56.0
31079,NE,Hall,50,CENTRAL,2008,non_irrigated,33.0
31079,NE,Hall,50,CENTRAL,2009,all,54.5
31079,NE,Hall,50,CENTRAL,2009,irrigated,56.0
31079,NE,Hall,50,CENTRAL,2009,non_irrigated,42.0
31079,NE,Hall,50,CENTRAL,2010,all,60.1
31079,NE,Hall,50,CENTRAL,2010,irrigated,62.0
31079,NE,Hall,50,CENTRAL,2010,non_irrigated,45.6
31079,NE,Hall,50,CENTRAL,2011,all,63.1
31079,NE,Hall,50,CENTRAL,2011,irrigated,65.2
31079,NE,Hall,50,CENTRAL,2011,non_irrigated,50.6
31079,NE,Hall,50,CENTRAL,2012,all,56.0
31079,NE,Hall,50,CENTRAL,2013,all,61.9
31079,NE,Hall,50,CENTRAL,2014,all,63.2
31079,NE,Hall,50,CENTRAL,2015,all,66.5
31079,NE,Hall,50,CENTRAL,2016,all,67.8
31079,NE,Hall,50,CENTRAL,2017,all,64.8
31079,NE,Hall,50,CENTRAL,2018,all,66.5
31079,NE,Hall,50,CENTRAL,2019,all,53.5
31079,NE,Hall,50,CENTRAL,2020,all,71.6
31079,NE,Hall,50,CENTRAL,2022,all,64.1
31079,NE,Hall,50,CENTRAL,2023,all,62.9
31079,NE,Hall,50,CENTRAL,2024,all,63.5
31079,NE,Hall,50,CENTRAL,2025,all,75.4
31081,NE,Hamilton,60,EAST,2000,all,52.3
31081,NE,Hamilton,60,EAST,2000,irrigated,56.0
31081,NE,Hamilton,60,EAST,2000,non_irrigated,28.0
31081,NE,Hamilton,60,EAST,2001,all,53.7
31081,NE,Hamilton,60,EAST,2001,irrigated,56.0
31081,NE,Hamilton,60,EAST,2001,non_irrigated,37.0
31081,NE,Hamilton,60,EAST,2002,all,53.9
31081,NE,Hamilton,60,EAST,2002,irrigated,58.0
31081,NE,Hamilton,60,EAST,2002,non_irrigated,24.0
31081,NE,Hamilton,60,EAST,2003,all,51.6
31081,NE,Hamilton,60,EAST,2003,irrigated,57.0
31081,NE,Hamilton,60,EAST,2003,non_irrigated,18.0
31081,NE,Hamilton,60,EAST,2004,all,55.5
31081,NE,Hamilton,60,EAST,2004,irrigated,58.0
31081,NE,Hamilton,60,EAST,2004,non_irrigated,34.0
31081,NE,Hamilton,60,EAST,2005,all,63.6
31081,NE,Hamilton,60,EAST,2005,irrigated,66.0
31081,NE,Hamilton,60,EAST,2005,non_irrigated,45.0
31081,NE,Hamilton,60,EAST,2006,all,59.2
31081,NE,Hamilton,60,EAST,2006,irrigated,61.0
31081,NE,Hamilton,60,EAST,2006,non_irrigated,45.0
31081,NE,Hamilton,60,EAST,2007,all,58.3
31081,NE,Hamilton,60,EAST,2007,irrigated,59.0
31081,NE,Hamilton,60,EAST,2007,non_irrigated,53.0
31081,NE,Hamilton,60,EAST,2008,all,59.0
31081,NE,Hamilton,60,EAST,2008,irrigated,61.0
31081,NE,Hamilton,60,EAST,2008,non_irrigated,46.0
31081,NE,Hamilton,60,EAST,2009,all,62.0
31081,NE,Hamilton,60,EAST,2009,irrigated,64.0
31081,NE,Hamilton,60,EAST,2009,non_irrigated,47.0
31081,NE,Hamilton,60,EAST,2010,all,64.2
31081,NE,Hamilton,60,EAST,2010,irrigated,66.0
31081,NE,Hamilton,60,EAST,2010,non_irrigated,49.6
31081,NE,Hamilton,60,EAST,2011,all,68.5
31081,NE,Hamilton,60,EAST,2011,irrigated,70.3
31081,NE,Hamilton,60,EAST,2011,non_irrigated,53.2
31081,NE,Hamilton,60,EAST,2012,all,61.3
31081,NE,Hamilton,60,EAST,2012,irrigated,66.8
31081,NE,Hamilton,60,EAST,2012,non_irrigated,17.7
31081,NE,Hamilton,60,EAST,2013,all,61.5
31081,NE,Hamilton,60,EAST,2013,irrigated,64.9
31081,NE,Hamilton,60,EAST,2013,non_irrigated,36.1
31081,NE,Hamilton,60,EAST,2014,all,62.7
31081,NE,Hamilton,60,EAST,2015,all,63.6
31081,NE,Hamilton,60,EAST,2016,all,70.8
31081,NE,Hamilton,60,EAST,2016,irrigated,72.0
31081,NE,Hamilton,60,EAST,2016,non_irrigated,59.7
31081,NE,Hamilton,60,EAST,2017,all,67.7
31081,NE,Hamilton,60,EAST,2018,all,63.5
31081,NE,Hamilton,60,EAST,2019,all,64.9
31081,NE,Hamilton,60,EAST,2020,all,70.9
31081,NE,Hamilton,60,EAST,2022,all,66.9
31081,NE,Hamilton,60,EAST,2023,all,58.8
31081,NE,Hamilton,60,EAST,2024,all,67.7
31081,NE,Hamilton,60,EAST,2025,all,74.9
31083,NE,Harlan,80,SOUTH,2000,all,46.6
31083,NE,Harlan,80,SOUTH,2000,irrigated,52.0
31083,NE,Harlan,80,SOUTH,2000,non_irrigated,14.0
31083,NE,Harlan,80,SOUTH,2001,all,53.7
31083,NE,Harlan,80,SOUTH,2001,irrigated,56.0
31083,NE,Harlan,80,SOUTH,2001,non_irrigated,36.0
31083,NE,Harlan,80,SOUTH,2002,all,44.2
31083,NE,Harlan,80,SOUTH,2002,irrigated,47.0
31083,NE,Harlan,80,SOUTH,2002,non_irrigated,15.0
31083,NE,Harlan,80,SOUTH,2003,all,52.1
31083,NE,Harlan,80,SOUTH,2003,irrigated,55.0
31083,NE,Harlan,80,SOUTH,2003,non_irrigated,21.0
31083,NE,Harlan,80,SOUTH,2004,all,49.8
31083,NE,Harlan,80,SOUTH,2004,irrigated,54.0
31083,NE,Harlan,80,SOUTH,2004,non_irrigated,22.0
31083,NE,Harlan,80,SOUTH,2005,all,56.0
31083,NE,Harlan,80,SOUTH,2005,irrigated,59.0
31083,NE,Harlan,80,SOUTH,2005,non_irrigated,36.0
31083,NE,Harlan,80,SOUTH,2006,all,55.0
31083,NE,Harlan,80,SOUTH,2006,irrigated,58.0
31083,NE,Harlan,80,SOUTH,2006,non_irrigated,37.0
31083,NE,Harlan,80,SOUTH,2007,all,57.3
31083,NE,Harlan,80,SOUTH,2007,irrigated,61.0
31083,NE,Harlan,80,SOUTH,2007,non_irrigated,43.0
31083,NE,Harlan,80,SOUTH,2008,all,55.0
31083,NE,Harlan,80,SOUTH,2008,irrigated,58.0
31083,NE,Harlan,80,SOUTH,2008,non_irrigated,42.0
31083,NE,Harlan,80,SOUTH,2009,all,59.0
31083,NE,Harlan,80,SOUTH,2009,irrigated,62.0
31083,NE,Harlan,80,SOUTH,2009,non_irrigated,51.0
31083,NE,Harlan,80,SOUTH,2010,all,57.5
31083,NE,Harlan,80,SOUTH,2010,irrigated,61.0
31083,NE,Harlan,80,SOUTH,2010,non_irrigated,47.0
31083,NE,Harlan,80,SOUTH,2011,all,63.1
31083,NE,Harlan,80,SOUTH,2011,irrigated,67.1
31083,NE,Harlan,80,SOUTH,2011,non_irrigated,53.0
31083,NE,Harlan,80,SOUTH,2012,all,48.0
31083,NE,Harlan,80,SOUTH,2012,irrigated,62.3
31083,NE,Harlan,80,SOUTH,2012,non_irrigated,20.0
31083,NE,Harlan,80,SOUTH,2013,all,41.7
31083,NE,Harlan,80,SOUTH,2013,irrigated,53.0
31083,NE,Harlan,80,SOUTH,2013,non_irrigated,12.8
31083,NE,Harlan,80,SOUTH,2014,all,54.3
31083,NE,Harlan,80,SOUTH,2015,all,61.0
31083,NE,Harlan,80,SOUTH,2015,irrigated,69.4
31083,NE,Harlan,80,SOUTH,2015,non_irrigated,42.7
31083,NE,Harlan,80,SOUTH,2016,all,65.4
31083,NE,Harlan,80,SOUTH,2016,irrigated,73.1
31083,NE,Harlan,80,SOUTH,2016,non_irrigated,48.8
31083,NE,Harlan,80,SOUTH,2018,all,66.2
31083,NE,Harlan,80,SOUTH,2020,all,58.8
31083,NE,Harlan,80,SOUTH,2021,all,71.7
31083,NE,Harlan,80,SOUTH,2022,all,60.3
31083,NE,Harlan,80,SOUTH,2023,all,53.2
31083,NE,Harlan,80,SOUTH,2025,all,64.4
31085,NE,Hayes,70,SOUTHWEST,2000,all,35.0
31085,NE,Hayes,70,SOUTHWEST,2000,irrigated,42.0
31085,NE,Hayes,70,SOUTHWEST,2000,non_irrigated,6.0
31085,NE,Hayes,70,SOUTHWEST,2001,all,54.7
31085,NE,Hayes,70,SOUTHWEST,2001,irrigated,57.0
31085,NE,Hayes,70,SOUTHWEST,2002,all,49.5
31085,NE,Hayes,70,SOUTHWEST,2002,irrigated,51.0
31085,NE,Hayes,70,SOUTHWEST,2003,all,51.1
31085,NE,Hayes,70,SOUTHWEST,2003,irrigated,56.0
31085,NE,Hayes,70,SOUTHWEST,2003,non_irrigated,13.0
31085,NE,Hayes,70,SOUTHWEST,2004,all,45.0
31085,NE,Hayes,70,SOUTHWEST,2004,irrigated,45.0
31085,NE,Hayes,70,SOUTHWEST,2005,all,55.0
31085,NE,Hayes,70,SOUTHWEST,2005,irrigated,55.0
31085,NE,Hayes,70,SOUTHWEST,2006,all,59.9
31085,NE,Hayes,70,SOUTHWEST,2006,irrigated,61.0
31085,NE,Hayes,70,SOUTHWEST,2007,all,58.0
31085,NE,Hayes,70,SOUTHWEST,2007,irrigated,58.0
31085,NE,Hayes,70,SOUTHWEST,2008,all,56.5
31085,NE,Hayes,70,SOUTHWEST,2009,all,60.0
31085,NE,Hayes,70,SOUTHWEST,2010,all,51.5
31085,NE,Hayes,70,SOUTHWEST,2011,all,50.2
31085,NE,Hayes,70,SOUTHWEST,2012,all,54.9
31085,NE,Hayes,70,SOUTHWEST,2014,all,65.6
31087,NE,Hitchcock,70,SOUTHWEST,2000,all,28.1
31087,NE,Hitchcock,70,SOUTHWEST,2000,irrigated,31.0
31087,NE,Hitchcock,70,SOUTHWEST,2000,non_irrigated,10.0
31087,NE,Hitchcock,70,SOUTHWEST,2001,all,48.0
31087,NE,Hitchcock,70,SOUTHWEST,2001,irrigated,49.0
31087,NE,Hitchcock,70,SOUTHWEST,2002,all,44.0
31087,NE,Hitchcock,70,SOUTHWEST,2002,irrigated,44.0
31087,NE,Hitchcock,70,SOUTHWEST,2003,all,44.8
31087,NE,Hitchcock,70,SOUTHWEST,2003,irrigated,48.0
31087,NE,Hitchcock,70,SOUTHWEST,2004,all,50.0
31087,NE,Hitchcock,70,SOUTHWEST,2004,irrigated,52.0
31087,NE,Hitchcock,70,SOUTHWEST,2005,all,56.3
31087,NE,Hitchcock,70,SOUTHWEST,2005,irrigated,57.0
31087,NE,Hitchcock,70,SOUTHWEST,2006,all,57.4
31087,NE,Hitchcock,70,SOUTHWEST,2006,irrigated,59.0
31087,NE,Hitchcock,70,SOUTHWEST,2007,all,49.9
31087,NE,Hitchcock,70,SOUTHWEST,2009,all,62.0
31087,NE,Hitchcock,70,SOUTHWEST,2010,all,57.0
31087,NE,Hitchcock,70,SOUTHWEST,2012,all,43.3
31087,NE,Hitchcock,70,SOUTHWEST,2013,all,35.5
31087,NE,Hitchcock,70,SOUTHWEST,2023,all,47.5
31089,NE,Holt,20,NORTH,2000,all,51.3
31089,NE,Holt,20,NORTH,2000,irrigated,53.8
31089,NE,Holt,20,NORTH,2000,non_irrigated,24.0
31089,NE,Holt,20,NORTH,2001,all,44.6
31089,NE,Holt,20,NORTH,2001,irrigated,46.0
31089,NE,Holt,20,NORTH,2001,non_irrigated,31.0
31089,NE,Holt,20,NORTH,2002,all,49.1
31089,NE,Holt,20,NORTH,2002,irrigated,52.0
31089,NE,Holt,20,NORTH,2002,non_irrigated,17.0
31089,NE,Holt,20,NORTH,2003,all,48.8
31089,NE,Holt,20,NORTH,2003,irrigated,52.0
31089,NE,Holt,20,NORTH,2003,non_irrigated,15.0
31089,NE,Holt,20,NORTH,2004,all,51.6
31089,NE,Holt,20,NORTH,2004,irrigated,54.0
31089,NE,Holt,20,NORTH,2004,non_irrigated,21.0
31089,NE,Holt,20,NORTH,2005,all,53.3
31089,NE,Holt,20,NORTH,2005,irrigated,55.0
31089,NE,Holt,20,NORTH,2005,non_irrigated,28.0
31089,NE,Holt,20,NORTH,2006,all,55.9
31089,NE,Holt,20,NORTH,2006,irrigated,58.0
31089,NE,Holt,20,NORTH,2006,non_irrigated,29.0
31089,NE,Holt,20,NORTH,2007,all,45.8
31089,NE,Holt,20,NORTH,2007,irrigated,48.0
31089,NE,Holt,20,NORTH,2007,non_irrigated,26.0
31089,NE,Holt,20,NORTH,2008,all,51.0
31089,NE,Holt,20,NORTH,2008,irrigated,53.0
31089,NE,Holt,20,NORTH,2008,non_irrigated,30.0
31089,NE,Holt,20,NORTH,2009,all,57.0
31089,NE,Holt,20,NORTH,2009,irrigated,59.0
31089,NE,Holt,20,NORTH,2009,non_irrigated,37.0
31089,NE,Holt,20,NORTH,2010,all,45.7
31089,NE,Holt,20,NORTH,2010,irrigated,47.0
31089,NE,Holt,20,NORTH,2010,non_irrigated,35.1
31089,NE,Holt,20,NORTH,2011,all,55.8
31089,NE,Holt,20,NORTH,2011,irrigated,58.7
31089,NE,Holt,20,NORTH,2011,non_irrigated,33.1
31089,NE,Holt,20,NORTH,2012,all,54.6
31089,NE,Holt,20,NORTH,2012,irrigated,59.7
31089,NE,Holt,20,NORTH,2012,non_irrigated,10.5
31089,NE,Holt,20,NORTH,2013,all,59.5
31089,NE,Holt,20,NORTH,2014,all,53.9
31089,NE,Holt,20,NORTH,2015,all,66.9
31089,NE,Holt,20,NORTH,2016,all,63.3
31089,NE,Holt,20,NORTH,2017,all,61.5
31089,NE,Holt,20,NORTH,2018,all,62.9
31089,NE,Holt,20,NORTH,2019,all,60.0
31089,NE,Holt,20,NORTH,2020,all,59.1
31089,NE,Holt,20,NORTH,2022,all,58.5
31089,NE,Holt,20,NORTH,2023,all,65.0
31089,NE,Holt,20,NORTH,2024,all,63.8
31093,NE,Howard,50,CENTRAL,2000,all,37.9
31093,NE,Howard,50,CENTRAL,2000,irrigated,42.0
31093,NE,Howard,50,CENTRAL,2000,non_irrigated,23.0
31093,NE,Howard,50,CENTRAL,2001,all,49.0
31093,NE,Howard,50,CENTRAL,2001,irrigated,53.0
31093,NE,Howard,50,CENTRAL,2001,non_irrigated,32.0
31093,NE,Howard,50,CENTRAL,2002,all,39.8
31093,NE,Howard,50,CENTRAL,2002,irrigated,43.0
31093,NE,Howard,50,CENTRAL,2002,non_irrigated,11.0
31093,NE,Howard,50,CENTRAL,2003,all,44.7
31093,NE,Howard,50,CENTRAL,2003,irrigated,50.0
31093,NE,Howard,50,CENTRAL,2003,non_irrigated,19.0
31093,NE,Howard,50,CENTRAL,2004,all,43.9
31093,NE,Howard,50,CENTRAL,2004,irrigated,48.0
31093,NE,Howard,50,CENTRAL,2004,non_irrigated,21.0
31093,NE,Howard,50,CENTRAL,2005,all,54.2
31093,NE,Howard,50,CENTRAL,2005,irrigated,58.0
31093,NE,Howard,50,CENTRAL,2005,non_irrigated,32.0
31093,NE,Howard,50,CENTRAL,2006,all,56.8
31093,NE,Howard,50,CENTRAL,2006,irrigated,60.0
31093,NE,Howard,50,CENTRAL,2006,non_irrigated,37.0
31093,NE,Howard,50,CENTRAL,2007,all,51.4
31093,NE,Howard,50,CENTRAL,2007,irrigated,53.0
31093,NE,Howard,50,CENTRAL,2007,non_irrigated,43.0
31093,NE,Howard,50,CENTRAL,2008,all,51.0
31093,NE,Howard,50,CENTRAL,2008,irrigated,54.0
31093,NE,Howard,50,CENTRAL,2008,non_irrigated,36.0
31093,NE,Howard,50,CENTRAL,2009,all,58.5
31093,NE,Howard,50,CENTRAL,2009,irrigated,60.0
31093,NE,Howard,50,CENTRAL,2009,non_irrigated,47.0
31093,NE,Howard,50,CENTRAL,2010,all,57.8
31093,NE,Howard,50,CENTRAL,2010,irrigated,60.1
31093,NE,Howard,50,CENTRAL,2010,non_irrigated,46.0
31093,NE,Howard,50,CENTRAL,2011,all,57.5
31093,NE,Howard,50,CENTRAL,2011,irrigated,59.2
31093,NE,Howard,50,CENTRAL,2011,non_irrigated,49.4
31093,NE,Howard,50,CENTRAL,2012,all,47.1
31093,NE,Howard,50,CENTRAL,2012,irrigated,53.9
31093,NE,Howard,50,CENTRAL,2012,non_irrigated,12.9
31093,NE,Howard,50,CENTRAL,2013,all,61.0
31093,NE,Howard,50,CENTRAL,2013,irrigated,64.5
31093,NE,Howard,50,CENTRAL,2013,non_irrigated,41.6
31093,NE,Howard,50,CENTRAL,2014,all,53.6
31093,NE,Howard,50,CENTRAL,2015,all,58.4
31093,NE,Howard,50,CENTRAL,2016,all,65.9
31093,NE,Howard,50,CENTRAL,2016,irrigated,68.2
31093,NE,Howard,50,CENTRAL,2016,non_irrigated,53.8
31093,NE,Howard,50,CENTRAL,2018,all,53.2
31093,NE,Howard,50,CENTRAL,2019,all,59.9
31093,NE,Howard,50,CENTRAL,2020,all,62.9
31093,NE,Howard,50,CENTRAL,2021,all,70.3
31093,NE,Howard,50,CENTRAL,2022,all,51.1
31093,NE,Howard,50,CENTRAL,2023,all,59.9
31093,NE,Howard,50,CENTRAL,2024,all,61.7
31093,NE,Howard,50,CENTRAL,2025,all,67.2
31095,NE,Jefferson,90,SOUTHEAST,2000,all,28.7
31095,NE,Jefferson,90,SOUTHEAST,2000,irrigated,44.0
31095,NE,Jefferson,90,SOUTHEAST,2000,non_irrigated,21.0
31095,NE,Jefferson,90,SOUTHEAST,2001,all,40.3
31095,NE,Jefferson,90,SOUTHEAST,2001,irrigated,48.0
31095,NE,Jefferson,90,SOUTHEAST,2001,non_irrigated,36.0
31095,NE,Jefferson,90,SOUTHEAST,2002,all,31.6
31095,NE,Jefferson,90,SOUTHEAST,2002,irrigated,46.0
31095,NE,Jefferson,90,SOUTHEAST,2002,non_irrigated,23.0
31095,NE,Jefferson,90,SOUTHEAST,2003,all,38.3
31095,NE,Jefferson,90,SOUTHEAST,2003,irrigated,53.0
31095,NE,Jefferson,90,SOUTHEAST,2003,non_irrigated,29.0
31095,NE,Jefferson,90,SOUTHEAST,2004,all,43.8
31095,NE,Jefferson,90,SOUTHEAST,2004,irrigated,54.0
31095,NE,Jefferson,90,SOUTHEAST,2004,non_irrigated,37.0
31095,NE,Jefferson,90,SOUTHEAST,2005,all,50.7
31095,NE,Jefferson,90,SOUTHEAST,2005,irrigated,59.0
31095,NE,Jefferson,90,SOUTHEAST,2005,non_irrigated,45.0
31095,NE,Jefferson,90,SOUTHEAST,2006,all,47.9
31095,NE,Jefferson,90,SOUTHEAST,2006,irrigated,56.0
31095,NE,Jefferson,90,SOUTHEAST,2006,non_irrigated,42.0
31095,NE,Jefferson,90,SOUTHEAST,2007,all,49.5
31095,NE,Jefferson,90,SOUTHEAST,2007,irrigated,57.0
31095,NE,Jefferson,90,SOUTHEAST,2007,non_irrigated,45.0
31095,NE,Jefferson,90,SOUTHEAST,2008,all,48.5
31095,NE,Jefferson,90,SOUTHEAST,2008,irrigated,55.0
31095,NE,Jefferson,90,SOUTHEAST,2008,non_irrigated,44.0
31095,NE,Jefferson,90,SOUTHEAST,2009,all,48.0
31095,NE,Jefferson,90,SOUTHEAST,2009,irrigated,57.0
31095,NE,Jefferson,90,SOUTHEAST,2009,non_irrigated,42.0
31095,NE,Jefferson,90,SOUTHEAST,2010,all,43.3
31095,NE,Jefferson,90,SOUTHEAST,2010,irrigated,52.0
31095,NE,Jefferson,90,SOUTHEAST,2010,non_irrigated,37.1
31095,NE,Jefferson,90,SOUTHEAST,2011,all,51.3
31095,NE,Jefferson,90,SOUTHEAST,2011,irrigated,60.0
31095,NE,Jefferson,90,SOUTHEAST,2011,non_irrigated,45.7
31095,NE,Jefferson,90,SOUTHEAST,2012,all,38.3
31095,NE,Jefferson,90,SOUTHEAST,2012,irrigated,56.3
31095,NE,Jefferson,90,SOUTHEAST,2012,non_irrigated,25.4
31095,NE,Jefferson,90,SOUTHEAST,2013,all,52.4
31095,NE,Jefferson,90,SOUTHEAST,2013,irrigated,58.8
31095,NE,Jefferson,90,SOUTHEAST,2013,non_irrigated,47.6
31095,NE,Jefferson,90,SOUTHEAST,2014,all,51.0
31095,NE,Jefferson,90,SOUTHEAST,2014,irrigated,61.2
31095,NE,Jefferson,90,SOUTHEAST,2014,non_irrigated,42.7
31095,NE,Jefferson,90,SOUTHEAST,2015,all,50.3
31095,NE,Jefferson,90,SOUTHEAST,2015,irrigated,62.2
31095,NE,Jefferson,90,SOUTHEAST,2015,non_irrigated,40.4
31095,NE,Jefferson,90,SOUTHEAST,2016,all,58.3
31095,NE,Jefferson,90,SOUTHEAST,2017,all,49.7
31095,NE,Jefferson,90,SOUTHEAST,2018,all,54.9
31095,NE,Jefferson,90,SOUTHEAST,2019,all,60.9
31095,NE,Jefferson,90,SOUTHEAST,2020,all,58.7
31095,NE,Jefferson,90,SOUTHEAST,2022,all,49.9
31095,NE,Jefferson,90,SOUTHEAST,2023,all,38.0
31095,NE,Jefferson,90,SOUTHEAST,2024,all,47.8
31097,NE,Johnson,90,SOUTHEAST,2000,all,23.5
31097,NE,Johnson,90,SOUTHEAST,2000,irrigated,40.0
31097,NE,Johnson,90,SOUTHEAST,2000,non_irrigated,21.0
31097,NE,Johnson,90,SOUTHEAST,2001,all,40.0
31097,NE,Johnson,90,SOUTHEAST,2001,irrigated,48.0
31097,NE,Johnson,90,SOUTHEAST,2001,non_irrigated,39.0
31097,NE,Johnson,90,SOUTHEAST,2002,all,22.5
31097,NE,Johnson,90,SOUTHEAST,2002,irrigated,47.0
31097,NE,Johnson,90,SOUTHEAST,2002,non_irrigated,19.0
31097,NE,Johnson,90,SOUTHEAST,2003,all,35.3
31097,NE,Johnson,90,SOUTHEAST,2003,irrigated,52.0
31097,NE,Johnson,90,SOUTHEAST,2003,non_irrigated,33.0
31097,NE,Johnson,90,SOUTHEAST,2004,all,45.0
31097,NE,Johnson,90,SOUTHEAST,2004,irrigated,56.0
31097,NE,Johnson,90,SOUTHEAST,2004,non_irrigated,43.0
31097,NE,Johnson,90,SOUTHEAST,2005,all,39.8
31097,NE,Johnson,90,SOUTHEAST,2005,irrigated,52.0
31097,NE,Johnson,90,SOUTHEAST,2005,non_irrigated,38.0
31097,NE,Johnson,90,SOUTHEAST,2006,all,36.5
31097,NE,Johnson,90,SOUTHEAST,2006,irrigated,51.0
31097,NE,Johnson,90,SOUTHEAST,2006,non_irrigated,34.0
31097,NE,Johnson,90,SOUTHEAST,2007,all,44.5
31097,NE,Johnson,90,SOUTHEAST,2007,irrigated,56.0
31097,NE,Johnson,90,SOUTHEAST,2007,non_irrigated,43.0
31097,NE,Johnson,90,SOUTHEAST,2008,all,32.5
31097,NE,Johnson,90,SOUTHEAST,2008,irrigated,47.0
31097,NE,Johnson,90,SOUTHEAST,2008,non_irrigated,30.0
31097,NE,Johnson,90,SOUTHEAST,2009,all,47.0
31097,NE,Johnson,90,SOUTHEAST,2009,irrigated,59.0
31097,NE,Johnson,90,SOUTHEAST,2009,non_irrigated,45.0
31097,NE,Johnson,90,SOUTHEAST,2010,all,44.4
31097,NE,Johnson,90,SOUTHEAST,2011,all,44.8
31097,NE,Johnson,90,SOUTHEAST,2011,irrigated,56.3
31097,NE,Johnson,90,SOUTHEAST,2011,non_irrigated,43.0
31097,NE,Johnson,90,SOUTHEAST,2012,all,30.5
31097,NE,Johnson,90,SOUTHEAST,2012,irrigated,56.9
31097,NE,Johnson,90,SOUTHEAST,2012,non_irrigated,26.0
31097,NE,Johnson,90,SOUTHEAST,2013,all,45.2
31097,NE,Johnson,90,SOUTHEAST,2013,irrigated,60.8
31097,NE,Johnson,90,SOUTHEAST,2013,non_irrigated,42.5
31097,NE,Johnson,90,SOUTHEAST,2014,all,45.3
31097,NE,Johnson,90,SOUTHEAST,2014,irrigated,56.0
31097,NE,Johnson,90,SOUTHEAST,2014,non_irrigated,43.2
31097,NE,Johnson,90,SOUTHEAST,2015,all,45.7
31097,NE,Johnson,90,SOUTHEAST,2015,irrigated,59.3
31097,NE,Johnson,90,SOUTHEAST,2015,non_irrigated,43.0
31097,NE,Johnson,90,SOUTHEAST,2016,all,50.5
31097,NE,Johnson,90,SOUTHEAST,2017,all,48.4
31097,NE,Johnson,90,SOUTHEAST,2019,all,49.5
31097,NE,Johnson,90,SOUTHEAST,2020,all,44.4
31097,NE,Johnson,90,SOUTHEAST,2022,all,32.3
31097,NE,Johnson,90,SOUTHEAST,2023,all,48.8
31097,NE,Johnson,90,SOUTHEAST,2024,all,42.3
31097,NE,Johnson,90,SOUTHEAST,2025,all,70.4
31099,NE,Kearney,80,SOUTH,2000,all,52.2
31099,NE,Kearney,80,SOUTH,2000,irrigated,57.0
31099,NE,Kearney,80,SOUTH,2000,non_irrigated,29.0
31099,NE,Kearney,80,SOUTH,2001,all,53.9
31099,NE,Kearney,80,SOUTH,2001,irrigated,57.0
31099,NE,Kearney,80,SOUTH,2001,non_irrigated,37.0
31099,NE,Kearney,80,SOUTH,2002,all,50.6
31099,NE,Kearney,80,SOUTH,2002,irrigated,56.0
31099,NE,Kearney,80,SOUTH,2002,non_irrigated,16.0
31099,NE,Kearney,80,SOUTH,2003,all,52.7
31099,NE,Kearney,80,SOUTH,2003,irrigated,58.0
31099,NE,Kearney,80,SOUTH,2003,non_irrigated,21.0
31099,NE,Kearney,80,SOUTH,2004,all,53.9
31099,NE,Kearney,80,SOUTH,2004,irrigated,58.0
31099,NE,Kearney,80,SOUTH,2004,non_irrigated,27.0
31099,NE,Kearney,80,SOUTH,2005,all,60.0
31099,NE,Kearney,80,SOUTH,2005,irrigated,63.0
31099,NE,Kearney,80,SOUTH,2005,non_irrigated,40.0
31099,NE,Kearney,80,SOUTH,2006,all,56.8
31099,NE,Kearney,80,SOUTH,2006,irrigated,59.0
31099,NE,Kearney,80,SOUTH,2006,non_irrigated,42.0
31099,NE,Kearney,80,SOUTH,2007,all,59.1
31099,NE,Kearney,80,SOUTH,2007,irrigated,61.0
31099,NE,Kearney,80,SOUTH,2007,non_irrigated,50.0
31099,NE,Kearney,80,SOUTH,2008,all,56.5
31099,NE,Kearney,80,SOUTH,2008,irrigated,58.0
31099,NE,Kearney,80,SOUTH,2008,non_irrigated,47.0
31099,NE,Kearney,80,SOUTH,2009,all,62.5
31099,NE,Kearney,80,SOUTH,2009,irrigated,64.0
31099,NE,Kearney,80,SOUTH,2009,non_irrigated,53.0
31099,NE,Kearney,80,SOUTH,2010,all,58.1
31099,NE,Kearney,80,SOUTH,2010,irrigated,60.1
31099,NE,Kearney,80,SOUTH,2010,non_irrigated,47.1
31099,NE,Kearney,80,SOUTH,2011,all,65.3
31099,NE,Kearney,80,SOUTH,2011,irrigated,67.2
31099,NE,Kearney,80,SOUTH,2011,non_irrigated,55.0
31099,NE,Kearney,80,SOUTH,2012,all,62.0
31099,NE,Kearney,80,SOUTH,2012,irrigated,68.8
31099,NE,Kearney,80,SOUTH,2012,non_irrigated,30.5
31099,NE,Kearney,80,SOUTH,2013,all,57.8
31099,NE,Kearney,80,SOUTH,2013,irrigated,62.7
31099,NE,Kearney,80,SOUTH,2013,non_irrigated,33.2
31099,NE,Kearney,80,SOUTH,2014,all,58.4
31099,NE,Kearney,80,SOUTH,2014,irrigated,62.1
31099,NE,Kearney,80,SOUTH,2014,non_irrigated,40.3
31099,NE,Kearney,80,SOUTH,2015,all,65.2
31099,NE,Kearney,80,SOUTH,2015,irrigated,70.3
31099,NE,Kearney,80,SOUTH,2015,non_irrigated,38.1
31099,NE,Kearney,80,SOUTH,2016,all,65.6
31099,NE,Kearney,80,SOUTH,2016,irrigated,70.7
31099,NE,Kearney,80,SOUTH,2016,non_irrigated,43.1
31099,NE,Kearney,80,SOUTH,2017,all,67.8
31099,NE,Kearney,80,SOUTH,2017,irrigated,69.8
31099,NE,Kearney,80,SOUTH,2017,non_irrigated,56.6
31099,NE,Kearney,80,SOUTH,2018,all,63.6
31099,NE,Kearney,80,SOUTH,2019,all,63.5
31099,NE,Kearney,80,SOUTH,2020,all,63.4
31099,NE,Kearney,80,SOUTH,2022,all,57.4
31099,NE,Kearney,80,SOUTH,2023,all,59.5
31099,NE,Kearney,80,SOUTH,2025,all,75.3
31101,NE,Keith,70,SOUTHWEST,2000,all,42.7
31101,NE,Keith,70,SOUTHWEST,2000,irrigated,50.0
31101,NE,Keith,70,SOUTHWEST,2000,non_irrigated,17.0
31101,NE,Keith,70,SOUTHWEST,2001,all,41.1
31101,NE,Keith,70,SOUTHWEST,2001,irrigated,51.0
31101,NE,Keith,70,SOUTHWEST,2001,non_irrigated,20.0
31101,NE,Keith,70,SOUTHWEST,2002,all,55.7
31101,NE,Keith,70,SOUTHWEST,2002,irrigated,58.0
31101,NE,Keith,70,SOUTHWEST,2002,non_irrigated,10.0
31101,NE,Keith,70,SOUTHWEST,2003,all,50.0
31101,NE,Keith,70,SOUTHWEST,2003,irrigated,56.0
31101,NE,Keith,70,SOUTHWEST,2003,non_irrigated,14.0
31101,NE,Keith,70,SOUTHWEST,2004,all,46.9
31101,NE,Keith,70,SOUTHWEST,2004,irrigated,50.0
31101,NE,Keith,70,SOUTHWEST,2004,non_irrigated,18.0
31101,NE,Keith,70,SOUTHWEST,2005,all,57.6
31101,NE,Keith,70,SOUTHWEST,2005,irrigated,58.0
31101,NE,Keith,70,SOUTHWEST,2006,all,62.0
31101,NE,Keith,70,SOUTHWEST,2006,irrigated,62.0
31101,NE,Keith,70,SOUTHWEST,2007,all,62.0
31101,NE,Keith,70,SOUTHWEST,2007,irrigated,62.0
31101,NE,Keith,70,SOUTHWEST,2008,all,58.0
31101,NE,Keith,70,SOUTHWEST,2009,all,60.5
31101,NE,Keith,70,SOUTHWEST,2010,all,58.6
31101,NE,Keith,70,SOUTHWEST,2011,all,49.9
31101,NE,Keith,70,SOUTHWEST,2012,all,58.3
31101,NE,Keith,70,SOUTHWEST,2013,all,57.2
31101,NE,Keith,70,SOUTHWEST,2014,all,65.5
31101,NE,Keith,70,SOUTHWEST,2015,all,61.0
31101,NE,Keith,70,SOUTHWEST,2016,all,62.9
31101,NE,Keith,70,SOUTHWEST,2020,all,59.4
31101,NE,Keith,70,SOUTHWEST,2021,all,61.5
31103,NE,Keya Paha,20,NORTH,2000,all,29.3
31103,NE,Keya Paha,20,NORTH,2000,irrigated,44.0
31103,NE,Keya Paha,20,NORTH,2000,non_irrigated,9.0
31103,NE,Keya Paha,20,NORTH,2001,all,46.2
31103,NE,Keya Paha,20,NORTH,2001,irrigated,51.0
31103,NE,Keya Paha,20,NORTH,2001,non_irrigated,28.0
31103,NE,Keya Paha,20,NORTH,2002,all,39.8
31103,NE,Keya Paha,20,NORTH,2002,irrigated,44.0
31103,NE,Keya Paha,20,NORTH,2002,non_irrigated,18.0
31103,NE,Keya Paha,20,NORTH,2003,all,46.1
31103,NE,Keya Paha,20,NORTH,2003,irrigated,50.0
31103,NE,Keya Paha,20,NORTH,2003,non_irrigated,17.0
31103,NE,Keya Paha,20,NORTH,2004,all,36.0
31103,NE,Keya Paha,20,NORTH,2004,irrigated,46.0
31103,NE,Keya Paha,20,NORTH,2004,non_irrigated,12.0
31103,NE,Keya Paha,20,NORTH,2005,all,50.2
31103,NE,Keya Paha,20,NORTH,2005,irrigated,54.0
31103,NE,Keya Paha,20,NORTH,2005,non_irrigated,19.0
31103,NE,Keya Paha,20,NORTH,2006,all,48.1
31103,NE,Keya Paha,20,NORTH,2006,irrigated,50.0
31103,NE,Keya Paha,20,NORTH,2007,all,45.1
31103,NE,Keya Paha,20,NORTH,2008,all,48.0
31103,NE,Keya Paha,20,NORTH,2010,all,50.2
31103,NE,Keya Paha,20,NORTH,2010,irrigated,56.2
31103,NE,Keya Paha,20,NORTH,2010,non_irrigated,33.0
31103,NE,Keya Paha,20,NORTH,2011,all,46.9
31103,NE,Keya Paha,20,NORTH,2011,irrigated,51.3
31103,NE,Keya Paha,20,NORTH,2011,non_irrigated,35.8
31103,NE,Keya Paha,20,NORTH,2013,all,54.8
31103,NE,Keya Paha,20,NORTH,2013,irrigated,60.6
31103,NE,Keya Paha,20,NORTH,2013,non_irrigated,29.0
31103,NE,Keya Paha,20,NORTH,2015,all,56.6
31103,NE,Keya Paha,20,NORTH,2016,all,56.6
31103,NE,Keya Paha,20,NORTH,2017,all,56.4
31103,NE,Keya Paha,20,NORTH,2018,all,60.8
31103,NE,Keya Paha,20,NORTH,2024,all,52.6
31107,NE,Knox,30,NORTHEAST,2000,all,36.1
31107,NE,Knox,30,NORTHEAST,2000,irrigated,52.0
31107,NE,Knox,30,NORTHEAST,2000,non_irrigated,31.0
31107,NE,Knox,30,NORTHEAST,2001,all,39.9
31107,NE,Knox,30,NORTHEAST,2001,irrigated,49.0
31107,NE,Knox,30,NORTHEAST,2001,non_irrigated,37.0
31107,NE,Knox,30,NORTHEAST,2002,all,34.5
31107,NE,Knox,30,NORTHEAST,2002,irrigated,47.0
31107,NE,Knox,30,NORTHEAST,2002,non_irrigated,30.0
31107,NE,Knox,30,NORTHEAST,2003,all,34.7
31107,NE,Knox,30,NORTHEAST,2003,irrigated,47.0
31107,NE,Knox,30,NORTHEAST,2003,non_irrigated,31.0
31107,NE,Knox,30,NORTHEAST,2004,all,38.6
31107,NE,Knox,30,NORTHEAST,2004,irrigated,52.0
31107,NE,Knox,30,NORTHEAST,2004,non_irrigated,34.0
31107,NE,Knox,30,NORTHEAST,2005,all,44.4
31107,NE,Knox,30,NORTHEAST,2005,irrigated,54.0
31107,NE,Knox,30,NORTHEAST,2005,non_irrigated,41.0
31107,NE,Knox,30,NORTHEAST,2006,all,40.2
31107,NE,Knox,30,NORTHEAST,2006,irrigated,57.0
31107,NE,Knox,30,NORTHEAST,2006,non_irrigated,34.0
31107,NE,Knox,30,NORTHEAST,2007,all,46.8
31107,NE,Knox,30,NORTHEAST,2007,irrigated,53.0
31107,NE,Knox,30,NORTHEAST,2007,non_irrigated,45.0
31107,NE,Knox,30,NORTHEAST,2008,all,36.5
31107,NE,Knox,30,NORTHEAST,2008,irrigated,50.0
31107,NE,Knox,30,NORTHEAST,2008,non_irrigated,32.0
31107,NE,Knox,30,NORTHEAST,2009,all,50.5
31107,NE,Knox,30,NORTHEAST,2009,irrigated,61.0
31107,NE,Knox,30,NORTHEAST,2009,non_irrigated,47.0
31107,NE,Knox,30,NORTHEAST,2010,all,52.6
31107,NE,Knox,30,NORTHEAST,2010,irrigated,61.0
31107,NE,Knox,30,NORTHEAST,2010,non_irrigated,49.0
31107,NE,Knox,30,NORTHEAST,2011,all,48.1
31107,NE,Knox,30,NORTHEAST,2011,irrigated,56.5
31107,NE,Knox,30,NORTHEAST,2011,non_irrigated,45.3
31107,NE,Knox,30,NORTHEAST,2012,all,28.0
31107,NE,Knox,30,NORTHEAST,2012,irrigated,55.8
31107,NE,Knox,30,NORTHEAST,2012,non_irrigated,16.1
31107,NE,Knox,30,NORTHEAST,2013,all,55.7
31107,NE,Knox,30,NORTHEAST,2013,irrigated,59.1
31107,NE,Knox,30,NORTHEAST,2013,non_irrigated,54.2
31107,NE,Knox,30,NORTHEAST,2014,all,55.1
31107,NE,Knox,30,NORTHEAST,2014,irrigated,57.5
31107,NE,Knox,30,NORTHEAST,2014,non_irrigated,54.0
31107,NE,Knox,30,NORTHEAST,2015,all,58.5
31107,NE,Knox,30,NORTHEAST,2016,all,56.3
31107,NE,Knox,30,NORTHEAST,2017,all,50.9
31107,NE,Knox,30,NORTHEAST,2018,all,58.8
31107,NE,Knox,30,NORTHEAST,2021,all,52.7
31107,NE,Knox,30,NORTHEAST,2022,all,40.9
31107,NE,Knox,30,NORTHEAST,2024,all,54.2
31109,NE,Lancaster,60,EAST,2000,all,32.4
31109,NE,Lancaster,60,EAST,2000,irrigated,42.0
31109,NE,Lancaster,60,EAST,2000,non_irrigated,32.0
31109,NE,Lancaster,60,EAST,2001,all,37.6
31109,NE,Lancaster,60,EAST,2001,irrigated,50.0
31109,NE,Lancaster,60,EAST,2001,non_irrigated,37.0
31109,NE,Lancaster,60,EAST,2002,all,30.8
31109,NE,Lancaster,60,EAST,2002,irrigated,47.0
31109,NE,Lancaster,60,EAST,2002,non_irrigated,30.0
31109,NE,Lancaster,60,EAST,2003,all,34.7
31109,NE,Lancaster,60,EAST,2003,irrigated,49.0
31109,NE,Lancaster,60,EAST,2003,non_irrigated,34.0
31109,NE,Lancaster,60,EAST,2004,all,44.5
31109,NE,Lancaster,60,EAST,2004,irrigated,54.0
31109,NE,Lancaster,60,EAST,2004,non_irrigated,44.0
31109,NE,Lancaster,60,EAST,2005,all,43.6
31109,NE,Lancaster,60,EAST,2005,irrigated,54.0
31109,NE,Lancaster,60,EAST,2005,non_irrigated,43.0
31109,NE,Lancaster,60,EAST,2006,all,46.4
31109,NE,Lancaster,60,EAST,2006,irrigated,55.0
31109,NE,Lancaster,60,EAST,2006,non_irrigated,46.0
31109,NE,Lancaster,60,EAST,2007,all,46.3
31109,NE,Lancaster,60,EAST,2007,irrigated,53.0
31109,NE,Lancaster,60,EAST,2007,non_irrigated,46.0
31109,NE,Lancaster,60,EAST,2008,all,39.5
31109,NE,Lancaster,60,EAST,2008,irrigated,49.0
31109,NE,Lancaster,60,EAST,2008,non_irrigated,39.0
31109,NE,Lancaster,60,EAST,2009,all,48.5
31109,NE,Lancaster,60,EAST,2009,irrigated,59.0
31109,NE,Lancaster,60,EAST,2009,non_irrigated,48.0
31109,NE,Lancaster,60,EAST,2010,all,43.6
31109,NE,Lancaster,60,EAST,2010,irrigated,54.0
31109,NE,Lancaster,60,EAST,2010,non_irrigated,43.0
31109,NE,Lancaster,60,EAST,2011,all,47.4
31109,NE,Lancaster,60,EAST,2011,irrigated,57.7
31109,NE,Lancaster,60,EAST,2011,non_irrigated,46.8
31109,NE,Lancaster,60,EAST,2012,all,26.4
31109,NE,Lancaster,60,EAST,2012,irrigated,52.3
31109,NE,Lancaster,60,EAST,2012,non_irrigated,25.0
31109,NE,Lancaster,60,EAST,2013,all,46.0
31109,NE,Lancaster,60,EAST,2013,irrigated,64.3
31109,NE,Lancaster,60,EAST,2013,non_irrigated,44.8
31109,NE,Lancaster,60,EAST,2014,all,45.4
31109,NE,Lancaster,60,EAST,2015,all,51.6
31109,NE,Lancaster,60,EAST,2016,all,51.8
31109,NE,Lancaster,60,EAST,2017,all,48.2
31109,NE,Lancaster,60,EAST,2018,all,48.8
31109,NE,Lancaster,60,EAST,2019,all,52.3
31109,NE,Lancaster,60,EAST,2020,all,49.3
31109,NE,Lancaster,60,EAST,2021,all,55.5
31109,NE,Lancaster,60,EAST,2022,all,33.7
31109,NE,Lancaster,60,EAST,2023,all,39.9
31109,NE,Lancaster,60,EAST,2024,all,43.8
31111,NE,Lincoln,70,SOUTHWEST,2000,all,43.3
31111,NE,Lincoln,70,SOUTHWEST,2000,irrigated,48.0
31111,NE,Lincoln,70,SOUTHWEST,2000,non_irrigated,20.0
31111,NE,Lincoln,70,SOUTHWEST,2001,all,47.4
31111,NE,Lincoln,70,SOUTHWEST,2001,irrigated,51.0
31111,NE,Lincoln,70,SOUTHWEST,2001,non_irrigated,22.0
31111,NE,Lincoln,70,SOUTHWEST,2002,all,52.9
31111,NE,Lincoln,70,SOUTHWEST,2002,irrigated,54.0
31111,NE,Lincoln,70,SOUTHWEST,2002,non_irrigated,13.0
31111,NE,Lincoln,70,SOUTHWEST,2003,all,50.9
31111,NE,Lincoln,70,SOUTHWEST,2003,irrigated,55.0
31111,NE,Lincoln,70,SOUTHWEST,2003,non_irrigated,10.0
31111,NE,Lincoln,70,SOUTHWEST,2004,all,51.0
31111,NE,Lincoln,70,SOUTHWEST,2004,irrigated,53.0
31111,NE,Lincoln,70,SOUTHWEST,2004,non_irrigated,21.0
31111,NE,Lincoln,70,SOUTHWEST,2005,all,56.1
31111,NE,Lincoln,70,SOUTHWEST,2005,irrigated,58.0
31111,NE,Lincoln,70,SOUTHWEST,2005,non_irrigated,31.0
31111,NE,Lincoln,70,SOUTHWEST,2006,all,54.1
31111,NE,Lincoln,70,SOUTHWEST,2006,irrigated,56.0
31111,NE,Lincoln,70,SOUTHWEST,2006,non_irrigated,17.0
31111,NE,Lincoln,70,SOUTHWEST,2007,all,47.0
31111,NE,Lincoln,70,SOUTHWEST,2007,irrigated,48.0
31111,NE,Lincoln,70,SOUTHWEST,2007,non_irrigated,35.0
31111,NE,Lincoln,70,SOUTHWEST,2008,all,50.5
31111,NE,Lincoln,70,SOUTHWEST,2009,all,53.5
31111,NE,Lincoln,70,SOUTHWEST,2010,all,54.4
31111,NE,Lincoln,70,SOUTHWEST,2011,all,52.2
31111,NE,Lincoln,70,SOUTHWEST,2012,all,60.4
31111,NE,Lincoln,70,SOUTHWEST,2013,all,58.3
31111,NE,Lincoln,70,SOUTHWEST,2014,all,57.4
31111,NE,Lincoln,70,SOUTHWEST,2015,all,61.3
31111,NE,Lincoln,70,SOUTHWEST,2016,all,59.6
31111,NE,Lincoln,70,SOUTHWEST,2020,all,59.0
31111,NE,Lincoln,70,SOUTHWEST,2021,all,66.7
31111,NE,Lincoln,70,SOUTHWEST,2022,all,63.8
31111,NE,Lincoln,70,SOUTHWEST,2023,all,70.7
31111,NE,Lincoln,70,SOUTHWEST,2024,all,72.3
31111,NE,Lincoln,70,SOUTHWEST,2025,all,69.9
31113,NE,Logan,20,NORTH,2000,all,28.3
31113,NE,Logan,20,NORTH,2000,irrigated,42.0
31113,NE,Logan,20,NORTH,2000,non_irrigated,19.0
31113,NE,Logan,20,NORTH,2001,all,37.6
31113,NE,Logan,20,NORTH,2001,irrigated,53.0
31113,NE,Logan,20,NORTH,2001,non_irrigated,28.0
31113,NE,Logan,20,NORTH,2002,all,43.4
31113,NE,Logan,20,NORTH,2002,irrigated,51.0
31113,NE,Logan,20,NORTH,2002,non_irrigated,17.0
31113,NE,Logan,20,NORTH,2003,all,46.4
31113,NE,Logan,20,NORTH,2003,irrigated,49.0
31113,NE,Logan,20,NORTH,2004,all,37.5
31113,NE,Logan,20,NORTH,2004,irrigated,55.0
31113,NE,Logan,20,NORTH,2004,non_irrigated,20.0
31113,NE,Logan,20,NORTH,2005,all,50.2
31113,NE,Logan,20,NORTH,2005,irrigated,57.0
31113,NE,Logan,20,NORTH,2005,non_irrigated,23.0
31113,NE,Logan,20,NORTH,2006,all,48.8
31113,NE,Logan,20,NORTH,2006,irrigated,55.0
31113,NE,Logan,20,NORTH,2006,non_irrigated,21.0
31113,NE,Logan,20,NORTH,2007,all,56.3
31113,NE,Logan,20,NORTH,2008,all,49.5
31113,NE,Logan,20,NORTH,2009,all,49.5
31113,NE,Logan,20,NORTH,2009,irrigated,54.0
31113,NE,Logan,20,NORTH,2009,non_irrigated,26.0
31113,NE,Logan,20,NORTH,2010,all,52.7
31113,NE,Logan,20,NORTH,2011,all,56.8
31113,NE,Logan,20,NORTH,2011,irrigated,63.0
31113,NE,Logan,20,NORTH,2011,non_irrigated,31.4
31113,NE,Logan,20,NORTH,2013,all,58.7
31113,NE,Logan,20,NORTH,2013,irrigated,69.7
31113,NE,Logan,20,NORTH,2013,non_irrigated,17.9
31113,NE,Logan,20,NORTH,2017,all,57.4
31113,NE,Logan,20,NORTH,2017,irrigated,62.4
31113,NE,Logan,20,NORTH,2017,non_irrigated,34.1
31113,NE,Logan,20,NORTH,2018,all,65.3
31113,NE,Logan,20,NORTH,2019,all,56.1
31113,NE,Logan,20,NORTH,2021,all,66.0
31113,NE,Logan,20,NORTH,2022,all,56.5
31113,NE,Logan,20,NORTH,2023,all,59.2
31113,NE,Logan,20,NORTH,2024,all,65.8
31113,NE,Logan,20,NORTH,2025,all,53.3
31115,NE,Loup,20,NORTH,2000,all,29.0
31115,NE,Loup,20,NORTH,2000,non_irrigated,20.0
31115,NE,Loup,20,NORTH,2001,all,45.5
31115,NE,Loup,20,NORTH,2001,irrigated,53.0
31115,NE,Loup,20,NORTH,2001,non_irrigated,26.0
31115,NE,Loup,20,NORTH,2002,all,40.3
31115,NE,Loup,20,NORTH,2002,irrigated,45.0
31115,NE,Loup,20,NORTH,2003,all,43.4
31115,NE,Loup,20,NORTH,2003,irrigated,48.0
31115,NE,Loup,20,NORTH,2004,all,48.0
31115,NE,Loup,20,NORTH,2004,irrigated,50.0
31115,NE,Loup,20,NORTH,2005,all,55.9
31115,NE,Loup,20,NORTH,2005,irrigated,58.0
31115,NE,Loup,20,NORTH,2006,all,42.4
31115,NE,Loup,20,NORTH,2006,irrigated,49.0
31115,NE,Loup,20,NORTH,2006,non_irrigated,16.0
31115,NE,Loup,20,NORTH,2007,all,48.9
31115,NE,Loup,20,NORTH,2011,all,54.6
31115,NE,Loup,20,NORTH,2012,all,46.3
31115,NE,Loup,20,NORTH,2015,all,61.7
31117,NE,Mcpherson,20,NORTH,2000,all,35.6
31119,NE,Madison,30,NORTHEAST,2000,all,36.1
31119,NE,Madison,30,NORTHEAST,2000,irrigated,44.5
31119,NE,Madison,30,NORTHEAST,2000,non_irrigated,31.0
31119,NE,Madison,30,NORTHEAST,2001,all,42.4
31119,NE,Madison,30,NORTHEAST,2001,irrigated,49.0
31119,NE,Madison,30,NORTHEAST,2001,non_irrigated,38.0
31119,NE,Madison,30,NORTHEAST,2002,all,38.4
31119,NE,Madison,30,NORTHEAST,2002,irrigated,51.0
31119,NE,Madison,30,NORTHEAST,2002,non_irrigated,30.0
31119,NE,Madison,30,NORTHEAST,2003,all,39.0
31119,NE,Madison,30,NORTHEAST,2003,irrigated,49.0
31119,NE,Madison,30,NORTHEAST,2003,non_irrigated,32.0
31119,NE,Madison,30,NORTHEAST,2004,all,39.6
31119,NE,Madison,30,NORTHEAST,2004,irrigated,47.0
31119,NE,Madison,30,NORTHEAST,2004,non_irrigated,34.0
31119,NE,Madison,30,NORTHEAST,2005,all,47.6
31119,NE,Madison,30,NORTHEAST,2005,irrigated,55.0
31119,NE,Madison,30,NORTHEAST,2005,non_irrigated,42.0
31119,NE,Madison,30,NORTHEAST,2006,all,49.8
31119,NE,Madison,30,NORTHEAST,2006,irrigated,56.0
31119,NE,Madison,30,NORTHEAST,2006,non_irrigated,45.0
31119,NE,Madison,30,NORTHEAST,2007,all,50.2
31119,NE,Madison,30,NORTHEAST,2007,irrigated,52.0
31119,NE,Madison,30,NORTHEAST,2007,non_irrigated,49.0
31119,NE,Madison,30,NORTHEAST,2008,all,44.0
31119,NE,Madison,30,NORTHEAST,2008,irrigated,52.0
31119,NE,Madison,30,NORTHEAST,2008,non_irrigated,37.0
31119,NE,Madison,30,NORTHEAST,2009,all,52.0
31119,NE,Madison,30,NORTHEAST,2009,irrigated,58.0
31119,NE,Madison,30,NORTHEAST,2009,non_irrigated,47.0
31119,NE,Madison,30,NORTHEAST,2010,all,53.1
31119,NE,Madison,30,NORTHEAST,2010,irrigated,58.0
31119,NE,Madison,30,NORTHEAST,2010,non_irrigated,48.8
31119,NE,Madison,30,NORTHEAST,2011,all,51.8
31119,NE,Madison,30,NORTHEAST,2012,all,35.2
31119,NE,Madison,30,NORTHEAST,2012,irrigated,54.1
31119,NE,Madison,30,NORTHEAST,2012,non_irrigated,18.0
31119,NE,Madison,30,NORTHEAST,2013,all,52.2
31119,NE,Madison,30,NORTHEAST,2013,irrigated,58.9
31119,NE,Madison,30,NORTHEAST,2013,non_irrigated,46.4
31119,NE,Madison,30,NORTHEAST,2014,all,51.3
31119,NE,Madison,30,NORTHEAST,2014,irrigated,56.5
31119,NE,Madison,30,NORTHEAST,2014,non_irrigated,46.8
31119,NE,Madison,30,NORTHEAST,2015,all,57.8
31119,NE,Madison,30,NORTHEAST,2015,irrigated,61.8
31119,NE,Madison,30,NORTHEAST,2015,non_irrigated,54.3
31119,NE,Madison,30,NORTHEAST,2016,all,59.0
31119,NE,Madison,30,NORTHEAST,2016,irrigated,63.3
31119,NE,Madison,30,NORTHEAST,2016,non_irrigated,55.0
31119,NE,Madison,30,NORTHEAST,2017,all,57.7
31119,NE,Madison,30,NORTHEAST,2017,irrigated,61.2
31119,NE,Madison,30,NORTHEAST,2017,non_irrigated,54.5
31119,NE,Madison,30,NORTHEAST,2018,all,54.4
31119,NE,Madison,30,NORTHEAST,2019,all,57.8
31119,NE,Madison,30,NORTHEAST,2021,all,61.8
31119,NE,Madison,30,NORTHEAST,2022,all,46.0
31119,NE,Madison,30,NORTHEAST,2023,all,46.1
31121,NE,Merrick,60,EAST,2000,all,45.0
31121,NE,Merrick,60,EAST,2000,irrigated,48.0
31121,NE,Merrick,60,EAST,2000,non_irrigated,19.0
31121,NE,Merrick,60,EAST,2001,all,49.7
31121,NE,Merrick,60,EAST,2001,irrigated,52.0
31121,NE,Merrick,60,EAST,2001,non_irrigated,28.0
31121,NE,Merrick,60,EAST,2002,all,45.7
31121,NE,Merrick,60,EAST,2002,irrigated,48.0
31121,NE,Merrick,60,EAST,2002,non_irrigated,16.0
31121,NE,Merrick,60,EAST,2003,all,48.2
31121,NE,Merrick,60,EAST,2003,irrigated,51.0
31121,NE,Merrick,60,EAST,2003,non_irrigated,17.0
31121,NE,Merrick,60,EAST,2004,all,51.1
31121,NE,Merrick,60,EAST,2004,irrigated,53.0
31121,NE,Merrick,60,EAST,2004,non_irrigated,27.0
31121,NE,Merrick,60,EAST,2005,all,55.0
31121,NE,Merrick,60,EAST,2005,irrigated,57.0
31121,NE,Merrick,60,EAST,2005,non_irrigated,28.0
31121,NE,Merrick,60,EAST,2006,all,57.4
31121,NE,Merrick,60,EAST,2006,irrigated,59.0
31121,NE,Merrick,60,EAST,2006,non_irrigated,35.0
31121,NE,Merrick,60,EAST,2007,all,53.3
31121,NE,Merrick,60,EAST,2007,irrigated,55.0
31121,NE,Merrick,60,EAST,2007,non_irrigated,34.0
31121,NE,Merrick,60,EAST,2008,all,50.5
31121,NE,Merrick,60,EAST,2008,irrigated,52.0
31121,NE,Merrick,60,EAST,2008,non_irrigated,33.0
31121,NE,Merrick,60,EAST,2009,all,60.5
31121,NE,Merrick,60,EAST,2009,irrigated,62.0
31121,NE,Merrick,60,EAST,2009,non_irrigated,43.0
31121,NE,Merrick,60,EAST,2010,all,60.3
31121,NE,Merrick,60,EAST,2010,irrigated,62.0
31121,NE,Merrick,60,EAST,2010,non_irrigated,40.2
31121,NE,Merrick,60,EAST,2011,all,56.7
31121,NE,Merrick,60,EAST,2012,all,53.0
31121,NE,Merrick,60,EAST,2012,irrigated,55.9
31121,NE,Merrick,60,EAST,2012,non_irrigated,13.0
31121,NE,Merrick,60,EAST,2013,all,59.9
31121,NE,Merrick,60,EAST,2014,all,57.2
31121,NE,Merrick,60,EAST,2014,irrigated,58.7
31121,NE,Merrick,60,EAST,2014,non_irrigated,35.4
31121,NE,Merrick,60,EAST,2015,all,63.6
31121,NE,Merrick,60,EAST,2015,irrigated,65.0
31121,NE,Merrick,60,EAST,2015,non_irrigated,42.7
31121,NE,Merrick,60,EAST,2016,all,62.2
31121,NE,Merrick,60,EAST,2016,irrigated,64.0
31121,NE,Merrick,60,EAST,2016,non_irrigated,36.0
31121,NE,Merrick,60,EAST,2017,all,63.3
31121,NE,Merrick,60,EAST,2018,all,58.7
31121,NE,Merrick,60,EAST,2018,irrigated,59.1
31121,NE,Merrick,60,EAST,2018,non_irrigated,52.1
31121,NE,Merrick,60,EAST,2020,all,66.7
31121,NE,Merrick,60,EAST,2022,all,51.3
31121,NE,Merrick,60,EAST,2023,all,65.9
31121,NE,Merrick,60,EAST,2025,all,72.4
31125,NE,Nance,60,EAST,2000,all,32.5
31125,NE,Nance,60,EAST,2000,irrigated,48.0
31125,NE,Nance,60,EAST,2000,non_irrigated,17.0
31125,NE,Nance,60,EAST,2001,all,38.7
31125,NE,Nance,60,EAST,2001,irrigated,48.0
31125,NE,Nance,60,EAST,2001,non_irrigated,31.0
31125,NE,Nance,60,EAST,2002,all,34.8
31125,NE,Nance,60,EAST,2002,irrigated,49.0
31125,NE,Nance,60,EAST,2002,non_irrigated,18.0
31125,NE,Nance,60,EAST,2003,all,32.0
31125,NE,Nance,60,EAST,2003,irrigated,50.0
31125,NE,Nance,60,EAST,2003,non_irrigated,14.0
31125,NE,Nance,60,EAST,2004,all,39.2
31125,NE,Nance,60,EAST,2004,irrigated,50.0
31125,NE,Nance,60,EAST,2004,non_irrigated,29.0
31125,NE,Nance,60,EAST,2005,all,49.6
31125,NE,Nance,60,EAST,2005,irrigated,61.0
31125,NE,Nance,60,EAST,2005,non_irrigated,39.0
31125,NE,Nance,60,EAST,2006,all,51.3
31125,NE,Nance,60,EAST,2006,irrigated,58.0
31125,NE,Nance,60,EAST,2006,non_irrigated,45.0
31125,NE,Nance,60,EAST,2007,all,51.8
31125,NE,Nance,60,EAST,2007,irrigated,55.0
31125,NE,Nance,60,EAST,2007,non_irrigated,49.0
31125,NE,Nance,60,EAST,2008,all,49.0
31125,NE,Nance,60,EAST,2008,irrigated,55.0
31125,NE,Nance,60,EAST,2008,non_irrigated,43.0
31125,NE,Nance,60,EAST,2009,all,54.0
31125,NE,Nance,60,EAST,2009,irrigated,57.0
31125,NE,Nance,60,EAST,2009,non_irrigated,51.0
31125,NE,Nance,60,EAST,2010,all,53.2
31125,NE,Nance,60,EAST,2010,irrigated,59.0
31125,NE,Nance,60,EAST,2010,non_irrigated,47.0
31125,NE,Nance,60,EAST,2011,all,53.8
31125,NE,Nance,60,EAST,2011,irrigated,55.6
31125,NE,Nance,60,EAST,2011,non_irrigated,52.1
31125,NE,Nance,60,EAST,2012,all,36.4
31125,NE,Nance,60,EAST,2013,all,53.6
31125,NE,Nance,60,EAST,2014,all,56.1
31125,NE,Nance,60,EAST,2014,irrigated,60.4
31125,NE,Nance,60,EAST,2014,non_irrigated,51.7
31125,NE,Nance,60,EAST,2015,all,61.0
31125,NE,Nance,60,EAST,2015,irrigated,66.1
31125,NE,Nance,60,EAST,2015,non_irrigated,55.4
31125,NE,Nance,60,EAST,2016,all,62.4
31125,NE,Nance,60,EAST,2017,all,58.8
31125,NE,Nance,60,EAST,2017,irrigated,65.3
31125,NE,Nance,60,EAST,2017,non_irrigated,52.0
31125,NE,Nance,60,EAST,2019,all,62.0
31125,NE,Nance,60,EAST,2020,all,58.8
31125,NE,Nance,60,EAST,2021,all,67.5
31125,NE,Nance,60,EAST,2022,all,45.0
31125,NE,Nance,60,EAST,2025,all,64.9
31127,NE,Nemaha,90,SOUTHEAST,2000,all,32.2
31127,NE,Nemaha,90,SOUTHEAST,2000,irrigated,45.0
31127,NE,Nemaha,90,SOUTHEAST,2000,non_irrigated,32.0
31127,NE,Nemaha,90,SOUTHEAST,2001,all,44.2
31127,NE,Nemaha,90,SOUTHEAST,2001,irrigated,52.0
31127,NE,Nemaha,90,SOUTHEAST,2001,non_irrigated,44.0
31127,NE,Nemaha,90,SOUTHEAST,2002,all,22.4
31127,NE,Nemaha,90,SOUTHEAST,2002,irrigated,45.0
31127,NE,Nemaha,90,SOUTHEAST,2002,non_irrigated,22.0
31127,NE,Nemaha,90,SOUTHEAST,2003,all,38.2
31127,NE,Nemaha,90,SOUTHEAST,2003,irrigated,46.0
31127,NE,Nemaha,90,SOUTHEAST,2003,non_irrigated,38.0
31127,NE,Nemaha,90,SOUTHEAST,2004,all,47.2
31127,NE,Nemaha,90,SOUTHEAST,2004,irrigated,58.0
31127,NE,Nemaha,90,SOUTHEAST,2004,non_irrigated,47.0
31127,NE,Nemaha,90,SOUTHEAST,2005,all,45.3
31127,NE,Nemaha,90,SOUTHEAST,2005,irrigated,55.0
31127,NE,Nemaha,90,SOUTHEAST,2005,non_irrigated,45.0
31127,NE,Nemaha,90,SOUTHEAST,2006,all,35.5
31127,NE,Nemaha,90,SOUTHEAST,2006,irrigated,58.0
31127,NE,Nemaha,90,SOUTHEAST,2006,non_irrigated,35.0
31127,NE,Nemaha,90,SOUTHEAST,2007,all,51.3
31127,NE,Nemaha,90,SOUTHEAST,2007,irrigated,62.0
31127,NE,Nemaha,90,SOUTHEAST,2007,non_irrigated,51.0
31127,NE,Nemaha,90,SOUTHEAST,2008,all,36.5
31127,NE,Nemaha,90,SOUTHEAST,2008,irrigated,45.0
31127,NE,Nemaha,90,SOUTHEAST,2008,non_irrigated,36.0
31127,NE,Nemaha,90,SOUTHEAST,2009,all,52.0
31127,NE,Nemaha,90,SOUTHEAST,2009,irrigated,56.0
31127,NE,Nemaha,90,SOUTHEAST,2009,non_irrigated,52.0
31127,NE,Nemaha,90,SOUTHEAST,2010,all,44.3
31127,NE,Nemaha,90,SOUTHEAST,2011,all,47.9
31127,NE,Nemaha,90,SOUTHEAST,2011,irrigated,63.0
31127,NE,Nemaha,90,SOUTHEAST,2011,non_irrigated,47.1
31127,NE,Nemaha,90,SOUTHEAST,2012,all,35.9
31127,NE,Nemaha,90,SOUTHEAST,2012,irrigated,70.0
31127,NE,Nemaha,90,SOUTHEAST,2012,non_irrigated,34.2
31127,NE,Nemaha,90,SOUTHEAST,2013,all,51.1
31127,NE,Nemaha,90,SOUTHEAST,2013,irrigated,64.7
31127,NE,Nemaha,90,SOUTHEAST,2013,non_irrigated,50.2
31127,NE,Nemaha,90,SOUTHEAST,2014,all,47.7
31127,NE,Nemaha,90,SOUTHEAST,2014,irrigated,69.3
31127,NE,Nemaha,90,SOUTHEAST,2014,non_irrigated,46.3
31127,NE,Nemaha,90,SOUTHEAST,2015,all,49.3
31127,NE,Nemaha,90,SOUTHEAST,2016,all,54.9
31127,NE,Nemaha,90,SOUTHEAST,2017,all,54.2
31127,NE,Nemaha,90,SOUTHEAST,2018,all,48.8
31127,NE,Nemaha,90,SOUTHEAST,2019,all,53.0
31127,NE,Nemaha,90,SOUTHEAST,2020,all,52.2
31127,NE,Nemaha,90,SOUTHEAST,2021,all,62.2
31127,NE,Nemaha,90,SOUTHEAST,2022,all,45.7
31127,NE,Nemaha,90,SOUTHEAST,2023,all,54.7
31127,NE,Nemaha,90,SOUTHEAST,2025,all,63.2
31129,NE,Nuckolls,90,SOUTHEAST,2000,all,29.3
31129,NE,Nuckolls,90,SOUTHEAST,2000,irrigated,50.0
31129,NE,Nuckolls,90,SOUTHEAST,2000,non_irrigated,12.0
31129,NE,Nuckolls,90,SOUTHEAST,2001,all,47.4
31129,NE,Nuckolls,90,SOUTHEAST,2001,irrigated,55.0
31129,NE,Nuckolls,90,SOUTHEAST,2001,non_irrigated,40.0
31129,NE,Nuckolls,90,SOUTHEAST,2002,all,31.6
31129,NE,Nuckolls,90,SOUTHEAST,2002,irrigated,53.0
31129,NE,Nuckolls,90,SOUTHEAST,2002,non_irrigated,12.8
31129,NE,Nuckolls,90,SOUTHEAST,2003,all,39.8
31129,NE,Nuckolls,90,SOUTHEAST,2003,irrigated,53.0
31129,NE,Nuckolls,90,SOUTHEAST,2003,non_irrigated,28.0
31129,NE,Nuckolls,90,SOUTHEAST,2004,all,46.2
31129,NE,Nuckolls,90,SOUTHEAST,2004,irrigated,57.0
31129,NE,Nuckolls,90,SOUTHEAST,2004,non_irrigated,37.0
31129,NE,Nuckolls,90,SOUTHEAST,2005,all,50.7
31129,NE,Nuckolls,90,SOUTHEAST,2005,irrigated,60.0
31129,NE,Nuckolls,90,SOUTHEAST,2005,non_irrigated,43.0
31129,NE,Nuckolls,90,SOUTHEAST,2006,all,43.3
31129,NE,Nuckolls,90,SOUTHEAST,2006,irrigated,58.0
31129,NE,Nuckolls,90,SOUTHEAST,2006,non_irrigated,33.0
31129,NE,Nuckolls,90,SOUTHEAST,2007,all,47.4
31129,NE,Nuckolls,90,SOUTHEAST,2007,irrigated,54.0
31129,NE,Nuckolls,90,SOUTHEAST,2007,non_irrigated,44.0
31129,NE,Nuckolls,90,SOUTHEAST,2008,all,54.0
31129,NE,Nuckolls,90,SOUTHEAST,2008,irrigated,59.0
31129,NE,Nuckolls,90,SOUTHEAST,2008,non_irrigated,51.0
31129,NE,Nuckolls,90,SOUTHEAST,2009,all,52.0
31129,NE,Nuckolls,90,SOUTHEAST,2009,irrigated,65.0
31129,NE,Nuckolls,90,SOUTHEAST,2009,non_irrigated,45.0
31129,NE,Nuckolls,90,SOUTHEAST,2010,all,45.6
31129,NE,Nuckolls,90,SOUTHEAST,2010,irrigated,62.6
31129,NE,Nuckolls,90,SOUTHEAST,2010,non_irrigated,36.0
31129,NE,Nuckolls,90,SOUTHEAST,2011,all,57.1
31129,NE,Nuckolls,90,SOUTHEAST,2011,irrigated,65.9
31129,NE,Nuckolls,90,SOUTHEAST,2011,non_irrigated,52.6
31129,NE,Nuckolls,90,SOUTHEAST,2012,all,44.5
31129,NE,Nuckolls,90,SOUTHEAST,2012,irrigated,67.6
31129,NE,Nuckolls,90,SOUTHEAST,2012,non_irrigated,32.1
31129,NE,Nuckolls,90,SOUTHEAST,2013,all,49.7
31129,NE,Nuckolls,90,SOUTHEAST,2013,irrigated,66.5
31129,NE,Nuckolls,90,SOUTHEAST,2013,non_irrigated,42.2
31129,NE,Nuckolls,90,SOUTHEAST,2014,all,53.9
31129,NE,Nuckolls,90,SOUTHEAST,2014,irrigated,66.4
31129,NE,Nuckolls,90,SOUTHEAST,2014,non_irrigated,48.0
31129,NE,Nuckolls,90,SOUTHEAST,2015,all,52.9
31129,NE,Nuckolls,90,SOUTHEAST,2016,all,65.1
31129,NE,Nuckolls,90,SOUTHEAST,2016,irrigated,74.3
31129,NE,Nuckolls,90,SOUTHEAST,2016,non_irrigated,60.6
31129,NE,Nuckolls,90,SOUTHEAST,2017,all,59.5
31129,NE,Nuckolls,90,SOUTHEAST,2017,irrigated,74.1
31129,NE,Nuckolls,90,SOUTHEAST,2017,non_irrigated,52.7
31129,NE,Nuckolls,90,SOUTHEAST,2020,all,63.6
31129,NE,Nuckolls,90,SOUTHEAST,2022,all,50.7
31129,NE,Nuckolls,90,SOUTHEAST,2023,all,43.7
31129,NE,Nuckolls,90,SOUTHEAST,2024,all,56.2
31131,NE,Otoe,90,SOUTHEAST,2000,all,31.1
31131,NE,Otoe,90,SOUTHEAST,2000,irrigated,43.0
31131,NE,Otoe,90,SOUTHEAST,2000,non_irrigated,31.0
31131,NE,Otoe,90,SOUTHEAST,2001,all,38.1
31131,NE,Otoe,90,SOUTHEAST,2001,irrigated,50.0
31131,NE,Otoe,90,SOUTHEAST,2001,non_irrigated,38.0
31131,NE,Otoe,90,SOUTHEAST,2002,all,21.4
31131,NE,Otoe,90,SOUTHEAST,2002,irrigated,42.0
31131,NE,Otoe,90,SOUTHEAST,2002,non_irrigated,21.0
31131,NE,Otoe,90,SOUTHEAST,2003,all,29.4
31131,NE,Otoe,90,SOUTHEAST,2003,irrigated,49.0
31131,NE,Otoe,90,SOUTHEAST,2003,non_irrigated,29.0
31131,NE,Otoe,90,SOUTHEAST,2004,all,46.1
31131,NE,Otoe,90,SOUTHEAST,2004,irrigated,56.0
31131,NE,Otoe,90,SOUTHEAST,2004,non_irrigated,46.0
31131,NE,Otoe,90,SOUTHEAST,2005,all,42.2
31131,NE,Otoe,90,SOUTHEAST,2005,irrigated,56.0
31131,NE,Otoe,90,SOUTHEAST,2005,non_irrigated,42.0
31131,NE,Otoe,90,SOUTHEAST,2006,all,41.2
31131,NE,Otoe,90,SOUTHEAST,2006,irrigated,52.0
31131,NE,Otoe,90,SOUTHEAST,2006,non_irrigated,41.0
31131,NE,Otoe,90,SOUTHEAST,2007,all,47.2
31131,NE,Otoe,90,SOUTHEAST,2007,irrigated,60.0
31131,NE,Otoe,90,SOUTHEAST,2007,non_irrigated,47.0
31131,NE,Otoe,90,SOUTHEAST,2008,all,33.0
31131,NE,Otoe,90,SOUTHEAST,2008,irrigated,42.0
31131,NE,Otoe,90,SOUTHEAST,2008,non_irrigated,33.0
31131,NE,Otoe,90,SOUTHEAST,2009,all,51.0
31131,NE,Otoe,90,SOUTHEAST,2010,all,43.1
31131,NE,Otoe,90,SOUTHEAST,2011,all,45.8
31131,NE,Otoe,90,SOUTHEAST,2011,irrigated,59.0
31131,NE,Otoe,90,SOUTHEAST,2011,non_irrigated,45.6
31131,NE,Otoe,90,SOUTHEAST,2012,all,29.4
31131,NE,Otoe,90,SOUTHEAST,2012,irrigated,49.1
31131,NE,Otoe,90,SOUTHEAST,2012,non_irrigated,29.1
31131,NE,Otoe,90,SOUTHEAST,2013,all,42.2
31131,NE,Otoe,90,SOUTHEAST,2014,all,43.4
31131,NE,Otoe,90,SOUTHEAST,2015,all,49.6
31131,NE,Otoe,90,SOUTHEAST,2016,all,55.1
31131,NE,Otoe,90,SOUTHEAST,2017,all,51.4
31131,NE,Otoe,90,SOUTHEAST,2018,all,44.9
31131,NE,Otoe,90,SOUTHEAST,2019,all,53.4
31131,NE,Otoe,90,SOUTHEAST,2020,all,50.0
31131,NE,Otoe,90,SOUTHEAST,2021,all,58.7
31131,NE,Otoe,90,SOUTHEAST,2022,all,34.7
31131,NE,Otoe,90,SOUTHEAST,2025,all,61.0
31133,NE,Pawnee,90,SOUTHEAST,2000,all,26.4
31133,NE,Pawnee,90,SOUTHEAST,2000,non_irrigated,26.0
31133,NE,Pawnee,90,SOUTHEAST,2001,all,42.3
31133,NE,Pawnee,90,SOUTHEAST,2001,non_irrigated,42.0
31133,NE,Pawnee,90,SOUTHEAST,2002,all,21.4
31133,NE,Pawnee,90,SOUTHEAST,2002,non_irrigated,21.0
31133,NE,Pawnee,90,SOUTHEAST,2003,all,31.3
31133,NE,Pawnee,90,SOUTHEAST,2003,non_irrigated,31.0
31133,NE,Pawnee,90,SOUTHEAST,2004,all,42.4
31133,NE,Pawnee,90,SOUTHEAST,2004,irrigated,58.0
31133,NE,Pawnee,90,SOUTHEAST,2004,non_irrigated,42.0
31133,NE,Pawnee,90,SOUTHEAST,2005,all,45.2
31133,NE,Pawnee,90,SOUTHEAST,2005,irrigated,50.0
31133,NE,Pawnee,90,SOUTHEAST,2005,non_irrigated,45.0
31133,NE,Pawnee,90,SOUTHEAST,2006,all,40.7
31133,NE,Pawnee,90,SOUTHEAST,2006,irrigated,54.0
31133,NE,Pawnee,90,SOUTHEAST,2006,non_irrigated,40.0
31133,NE,Pawnee,90,SOUTHEAST,2007,all,45.1
31133,NE,Pawnee,90,SOUTHEAST,2007,irrigated,50.0
31133,NE,Pawnee,90,SOUTHEAST,2007,non_irrigated,45.0
31133,NE,Pawnee,90,SOUTHEAST,2008,all,33.5
31133,NE,Pawnee,90,SOUTHEAST,2009,all,42.0
31133,NE,Pawnee,90,SOUTHEAST,2010,all,36.9
31133,NE,Pawnee,90,SOUTHEAST,2011,all,43.4
31133,NE,Pawnee,90,SOUTHEAST,2012,all,28.2
31133,NE,Pawnee,90,SOUTHEAST,2013,all,46.7
31133,NE,Pawnee,90,SOUTHEAST,2014,all,44.9
31133,NE,Pawnee,90,SOUTHEAST,2015,all,33.8
31133,NE,Pawnee,90,SOUTHEAST,2016,all,53.5
31133,NE,Pawnee,90,SOUTHEAST,2017,all,36.5
31133,NE,Pawnee,90,SOUTHEAST,2018,all,45.3
31133,NE,Pawnee,90,SOUTHEAST,2019,all,48.7
31133,NE,Pawnee,90,SOUTHEAST,2020,all,41.8
31133,NE,Pawnee,90,SOUTHEAST,2021,all,48.9
31133,NE,Pawnee,90,SOUTHEAST,2022,all,28.2
31133,NE,Pawnee,90,SOUTHEAST,2023,all,50.2
31133,NE,Pawnee,90,SOUTHEAST,2024,all,39.6
31133,NE,Pawnee,90,SOUTHEAST,2025,all,56.6
31135,NE,Perkins,70,SOUTHWEST,2000,all,37.6
31135,NE,Perkins,70,SOUTHWEST,2000,irrigated,51.0
31135,NE,Perkins,70,SOUTHWEST,2000,non_irrigated,6.0
31135,NE,Perkins,70,SOUTHWEST,2001,all,39.1
31135,NE,Perkins,70,SOUTHWEST,2001,irrigated,51.0
31135,NE,Perkins,70,SOUTHWEST,2001,non_irrigated,21.0
31135,NE,Perkins,70,SOUTHWEST,2002,all,43.5
31135,NE,Perkins,70,SOUTHWEST,2002,irrigated,51.0
31135,NE,Perkins,70,SOUTHWEST,2002,non_irrigated,10.0
31135,NE,Perkins,70,SOUTHWEST,2003,all,50.5
31135,NE,Perkins,70,SOUTHWEST,2003,irrigated,58.0
31135,NE,Perkins,70,SOUTHWEST,2003,non_irrigated,15.0
31135,NE,Perkins,70,SOUTHWEST,2004,all,46.7
31135,NE,Perkins,70,SOUTHWEST,2004,irrigated,49.0
31135,NE,Perkins,70,SOUTHWEST,2004,non_irrigated,20.0
31135,NE,Perkins,70,SOUTHWEST,2005,all,53.6
31135,NE,Perkins,70,SOUTHWEST,2005,irrigated,57.0
31135,NE,Perkins,70,SOUTHWEST,2005,non_irrigated,18.0
31135,NE,Perkins,70,SOUTHWEST,2006,all,60.9
31135,NE,Perkins,70,SOUTHWEST,2006,irrigated,63.0
31135,NE,Perkins,70,SOUTHWEST,2006,non_irrigated,19.0
31135,NE,Perkins,70,SOUTHWEST,2007,all,51.1
31135,NE,Perkins,70,SOUTHWEST,2007,irrigated,54.0
31135,NE,Perkins,70,SOUTHWEST,2007,non_irrigated,26.0
31135,NE,Perkins,70,SOUTHWEST,2008,all,54.0
31135,NE,Perkins,70,SOUTHWEST,2009,all,53.5
31135,NE,Perkins,70,SOUTHWEST,2010,all,53.9
31135,NE,Perkins,70,SOUTHWEST,2011,all,51.1
31135,NE,Perkins,70,SOUTHWEST,2012,all,56.4
31135,NE,Perkins,70,SOUTHWEST,2013,all,64.3
31135,NE,Perkins,70,SOUTHWEST,2014,all,64.7
31135,NE,Perkins,70,SOUTHWEST,2015,all,61.9
31135,NE,Perkins,70,SOUTHWEST,2020,all,64.7
31135,NE,Perkins,70,SOUTHWEST,2021,all,56.2
31135,NE,Perkins,70,SOUTHWEST,2022,all,61.3
31135,NE,Perkins,70,SOUTHWEST,2024,all,62.3
31137,NE,Phelps,80,SOUTH,2000,all,54.1
31137,NE,Phelps,80,SOUTH,2000,irrigated,57.3
31137,NE,Phelps,80,SOUTH,2000,non_irrigated,26.0
31137,NE,Phelps,80,SOUTH,2001,all,58.0
31137,NE,Phelps,80,SOUTH,2001,irrigated,59.3
31137,NE,Phelps,80,SOUTH,2001,non_irrigated,40.0
31137,NE,Phelps,80,SOUTH,2002,all,55.8
31137,NE,Phelps,80,SOUTH,2002,irrigated,56.9
31137,NE,Phelps,80,SOUTH,2002,non_irrigated,19.0
31137,NE,Phelps,80,SOUTH,2003,all,58.9
31137,NE,Phelps,80,SOUTH,2003,irrigated,61.1
31137,NE,Phelps,80,SOUTH,2003,non_irrigated,20.0
31137,NE,Phelps,80,SOUTH,2004,all,56.2
31137,NE,Phelps,80,SOUTH,2004,irrigated,58.0
31137,NE,Phelps,80,SOUTH,2004,non_irrigated,24.0
31137,NE,Phelps,80,SOUTH,2005,all,60.3
31137,NE,Phelps,80,SOUTH,2005,irrigated,62.0
31137,NE,Phelps,80,SOUTH,2005,non_irrigated,35.0
31137,NE,Phelps,80,SOUTH,2006,all,59.0
31137,NE,Phelps,80,SOUTH,2006,irrigated,60.3
31137,NE,Phelps,80,SOUTH,2006,non_irrigated,40.0
31137,NE,Phelps,80,SOUTH,2007,all,61.8
31137,NE,Phelps,80,SOUTH,2007,irrigated,63.0
31137,NE,Phelps,80,SOUTH,2007,non_irrigated,48.0
31137,NE,Phelps,80,SOUTH,2008,all,59.0
31137,NE,Phelps,80,SOUTH,2008,irrigated,60.0
31137,NE,Phelps,80,SOUTH,2008,non_irrigated,48.0
31137,NE,Phelps,80,SOUTH,2009,all,63.0
31137,NE,Phelps,80,SOUTH,2009,irrigated,64.0
31137,NE,Phelps,80,SOUTH,2009,non_irrigated,50.0
31137,NE,Phelps,80,SOUTH,2010,all,65.6
31137,NE,Phelps,80,SOUTH,2010,irrigated,66.9
31137,NE,Phelps,80,SOUTH,2010,non_irrigated,51.1
31137,NE,Phelps,80,SOUTH,2011,all,67.7
31137,NE,Phelps,80,SOUTH,2011,irrigated,68.7
31137,NE,Phelps,80,SOUTH,2011,non_irrigated,54.9
31137,NE,Phelps,80,SOUTH,2012,all,65.2
31137,NE,Phelps,80,SOUTH,2012,irrigated,68.7
31137,NE,Phelps,80,SOUTH,2012,non_irrigated,25.5
31137,NE,Phelps,80,SOUTH,2013,all,61.2
31137,NE,Phelps,80,SOUTH,2013,irrigated,64.6
31137,NE,Phelps,80,SOUTH,2013,non_irrigated,15.5
31137,NE,Phelps,80,SOUTH,2014,all,60.7
31137,NE,Phelps,80,SOUTH,2015,all,70.2
31137,NE,Phelps,80,SOUTH,2016,all,71.3
31137,NE,Phelps,80,SOUTH,2017,all,66.1
31137,NE,Phelps,80,SOUTH,2017,irrigated,67.5
31137,NE,Phelps,80,SOUTH,2017,non_irrigated,51.1
31137,NE,Phelps,80,SOUTH,2018,all,67.2
31137,NE,Phelps,80,SOUTH,2018,irrigated,68.4
31137,NE,Phelps,80,SOUTH,2018,non_irrigated,51.9
31137,NE,Phelps,80,SOUTH,2019,all,67.3
31137,NE,Phelps,80,SOUTH,2020,all,72.6
31137,NE,Phelps,80,SOUTH,2021,all,72.9
31137,NE,Phelps,80,SOUTH,2022,all,65.5
31137,NE,Phelps,80,SOUTH,2023,all,66.6
31137,NE,Phelps,80,SOUTH,2024,all,66.0
31137,NE,Phelps,80,SOUTH,2025,all,72.4
31139,NE,Pierce,30,NORTHEAST,2000,all,35.7
31139,NE,Pierce,30,NORTHEAST,2000,irrigated,50.0
31139,NE,Pierce,30,NORTHEAST,2000,non_irrigated,23.0
31139,NE,Pierce,30,NORTHEAST,2001,all,46.1
31139,NE,Pierce,30,NORTHEAST,2001,irrigated,54.0
31139,NE,Pierce,30,NORTHEAST,2001,non_irrigated,39.0
31139,NE,Pierce,30,NORTHEAST,2002,all,38.8
31139,NE,Pierce,30,NORTHEAST,2002,irrigated,50.0
31139,NE,Pierce,30,NORTHEAST,2002,non_irrigated,28.0
31139,NE,Pierce,30,NORTHEAST,2003,all,39.3
31139,NE,Pierce,30,NORTHEAST,2003,irrigated,51.0
31139,NE,Pierce,30,NORTHEAST,2003,non_irrigated,29.0
31139,NE,Pierce,30,NORTHEAST,2004,all,40.6
31139,NE,Pierce,30,NORTHEAST,2004,irrigated,50.0
31139,NE,Pierce,30,NORTHEAST,2004,non_irrigated,31.0
31139,NE,Pierce,30,NORTHEAST,2005,all,49.7
31139,NE,Pierce,30,NORTHEAST,2005,irrigated,57.0
31139,NE,Pierce,30,NORTHEAST,2005,non_irrigated,42.0
31139,NE,Pierce,30,NORTHEAST,2006,all,47.7
31139,NE,Pierce,30,NORTHEAST,2006,irrigated,58.0
31139,NE,Pierce,30,NORTHEAST,2006,non_irrigated,36.0
31139,NE,Pierce,30,NORTHEAST,2007,all,47.7
31139,NE,Pierce,30,NORTHEAST,2007,irrigated,52.0
31139,NE,Pierce,30,NORTHEAST,2007,non_irrigated,43.0
31139,NE,Pierce,30,NORTHEAST,2008,all,45.5
31139,NE,Pierce,30,NORTHEAST,2008,irrigated,52.0
31139,NE,Pierce,30,NORTHEAST,2008,non_irrigated,38.0
31139,NE,Pierce,30,NORTHEAST,2009,all,51.0
31139,NE,Pierce,30,NORTHEAST,2009,irrigated,56.0
31139,NE,Pierce,30,NORTHEAST,2009,non_irrigated,45.0
31139,NE,Pierce,30,NORTHEAST,2010,all,53.0
31139,NE,Pierce,30,NORTHEAST,2010,irrigated,56.3
31139,NE,Pierce,30,NORTHEAST,2010,non_irrigated,49.0
31139,NE,Pierce,30,NORTHEAST,2011,all,49.3
31139,NE,Pierce,30,NORTHEAST,2011,irrigated,53.3
31139,NE,Pierce,30,NORTHEAST,2011,non_irrigated,44.2
31139,NE,Pierce,30,NORTHEAST,2012,all,39.8
31139,NE,Pierce,30,NORTHEAST,2012,irrigated,58.5
31139,NE,Pierce,30,NORTHEAST,2012,non_irrigated,17.3
31139,NE,Pierce,30,NORTHEAST,2013,all,55.4
31139,NE,Pierce,30,NORTHEAST,2013,irrigated,59.1
31139,NE,Pierce,30,NORTHEAST,2013,non_irrigated,49.9
31139,NE,Pierce,30,NORTHEAST,2014,all,52.1
31139,NE,Pierce,30,NORTHEAST,2014,irrigated,53.4
31139,NE,Pierce,30,NORTHEAST,2014,non_irrigated,50.6
31139,NE,Pierce,30,NORTHEAST,2015,all,56.6
31139,NE,Pierce,30,NORTHEAST,2015,irrigated,60.3
31139,NE,Pierce,30,NORTHEAST,2015,non_irrigated,51.2
31139,NE,Pierce,30,NORTHEAST,2016,all,58.5
31139,NE,Pierce,30,NORTHEAST,2016,irrigated,63.3
31139,NE,Pierce,30,NORTHEAST,2016,non_irrigated,52.3
31139,NE,Pierce,30,NORTHEAST,2017,all,53.2
31139,NE,Pierce,30,NORTHEAST,2018,all,57.3
31139,NE,Pierce,30,NORTHEAST,2019,all,57.3
31139,NE,Pierce,30,NORTHEAST,2020,all,58.6
31139,NE,Pierce,30,NORTHEAST,2021,all,56.2
31139,NE,Pierce,30,NORTHEAST,2022,all,49.2
31139,NE,Pierce,30,NORTHEAST,2023,all,49.3
31139,NE,Pierce,30,NORTHEAST,2024,all,55.9
31141,NE,Platte,60,EAST,2000,all,35.3
31141,NE,Platte,60,EAST,2000,irrigated,46.0
31141,NE,Platte,60,EAST,2000,non_irrigated,24.0
31141,NE,Platte,60,EAST,2001,all,44.4
31141,NE,Platte,60,EAST,2001,irrigated,51.0
31141,NE,Platte,60,EAST,2001,non_irrigated,37.0
31141,NE,Platte,60,EAST,2002,all,37.8
31141,NE,Platte,60,EAST,2002,irrigated,46.0
31141,NE,Platte,60,EAST,2002,non_irrigated,29.0
31141,NE,Platte,60,EAST,2003,all,44.2
31141,NE,Platte,60,EAST,2003,irrigated,55.0
31141,NE,Platte,60,EAST,2003,non_irrigated,31.0
31141,NE,Platte,60,EAST,2004,all,48.8
31141,NE,Platte,60,EAST,2004,irrigated,54.0
31141,NE,Platte,60,EAST,2004,non_irrigated,42.0
31141,NE,Platte,60,EAST,2005,all,48.1
31141,NE,Platte,60,EAST,2005,irrigated,56.0
31141,NE,Platte,60,EAST,2005,non_irrigated,37.0
31141,NE,Platte,60,EAST,2006,all,52.7
31141,NE,Platte,60,EAST,2006,irrigated,58.0
31141,NE,Platte,60,EAST,2006,non_irrigated,45.0
31141,NE,Platte,60,EAST,2007,all,51.2
31141,NE,Platte,60,EAST,2007,irrigated,53.0
31141,NE,Platte,60,EAST,2007,non_irrigated,49.0
31141,NE,Platte,60,EAST,2008,all,50.0
31141,NE,Platte,60,EAST,2008,irrigated,56.0
31141,NE,Platte,60,EAST,2008,non_irrigated,41.0
31141,NE,Platte,60,EAST,2009,all,55.5
31141,NE,Platte,60,EAST,2009,irrigated,59.0
31141,NE,Platte,60,EAST,2009,non_irrigated,50.0
31141,NE,Platte,60,EAST,2010,all,53.0
31141,NE,Platte,60,EAST,2010,irrigated,57.8
31141,NE,Platte,60,EAST,2010,non_irrigated,46.0
31141,NE,Platte,60,EAST,2011,all,56.7
31141,NE,Platte,60,EAST,2011,irrigated,59.9
31141,NE,Platte,60,EAST,2011,non_irrigated,52.2
31141,NE,Platte,60,EAST,2012,all,43.5
31141,NE,Platte,60,EAST,2012,irrigated,58.6
31141,NE,Platte,60,EAST,2012,non_irrigated,21.0
31141,NE,Platte,60,EAST,2013,all,60.4
31141,NE,Platte,60,EAST,2013,irrigated,64.9
31141,NE,Platte,60,EAST,2013,non_irrigated,53.4
31141,NE,Platte,60,EAST,2014,all,57.5
31141,NE,Platte,60,EAST,2014,irrigated,59.8
31141,NE,Platte,60,EAST,2014,non_irrigated,53.9
31141,NE,Platte,60,EAST,2015,all,63.0
31141,NE,Platte,60,EAST,2015,irrigated,65.4
31141,NE,Platte,60,EAST,2015,non_irrigated,59.0
31141,NE,Platte,60,EAST,2016,all,65.1
31141,NE,Platte,60,EAST,2016,irrigated,67.9
31141,NE,Platte,60,EAST,2016,non_irrigated,60.5
31141,NE,Platte,60,EAST,2017,all,60.7
31141,NE,Platte,60,EAST,2017,irrigated,64.8
31141,NE,Platte,60,EAST,2017,non_irrigated,53.5
31141,NE,Platte,60,EAST,2018,all,54.7
31141,NE,Platte,60,EAST,2018,irrigated,57.3
31141,NE,Platte,60,EAST,2018,non_irrigated,50.3
31141,NE,Platte,60,EAST,2019,all,64.3
31141,NE,Platte,60,EAST,2020,all,63.5
31141,NE,Platte,60,EAST,2021,all,64.9
31141,NE,Platte,60,EAST,2022,all,51.1
31141,NE,Platte,60,EAST,2023,all,56.8
31143,NE,Polk,60,EAST,2000,all,40.1
31143,NE,Polk,60,EAST,2000,irrigated,48.0
31143,NE,Polk,60,EAST,2000,non_irrigated,25.0
31143,NE,Polk,60,EAST,2001,all,46.8
31143,NE,Polk,60,EAST,2001,irrigated,53.0
31143,NE,Polk,60,EAST,2001,non_irrigated,33.0
31143,NE,Polk,60,EAST,2002,all,40.5
31143,NE,Polk,60,EAST,2002,irrigated,49.0
31143,NE,Polk,60,EAST,2002,non_irrigated,22.0
31143,NE,Polk,60,EAST,2003,all,43.2
31143,NE,Polk,60,EAST,2003,irrigated,55.0
31143,NE,Polk,60,EAST,2003,non_irrigated,17.0
31143,NE,Polk,60,EAST,2004,all,49.8
31143,NE,Polk,60,EAST,2004,irrigated,55.0
31143,NE,Polk,60,EAST,2004,non_irrigated,37.0
31143,NE,Polk,60,EAST,2005,all,55.1
31143,NE,Polk,60,EAST,2005,irrigated,61.0
31143,NE,Polk,60,EAST,2005,non_irrigated,40.0
31143,NE,Polk,60,EAST,2006,all,53.9
31143,NE,Polk,60,EAST,2006,irrigated,59.0
31143,NE,Polk,60,EAST,2006,non_irrigated,40.0
31143,NE,Polk,60,EAST,2007,all,55.4
31143,NE,Polk,60,EAST,2007,irrigated,58.0
31143,NE,Polk,60,EAST,2007,non_irrigated,50.0
31143,NE,Polk,60,EAST,2008,all,53.5
31143,NE,Polk,60,EAST,2008,irrigated,56.0
31143,NE,Polk,60,EAST,2008,non_irrigated,46.0
31143,NE,Polk,60,EAST,2009,all,60.5
31143,NE,Polk,60,EAST,2009,irrigated,63.0
31143,NE,Polk,60,EAST,2009,non_irrigated,54.0
31143,NE,Polk,60,EAST,2010,all,59.5
31143,NE,Polk,60,EAST,2010,irrigated,61.8
31143,NE,Polk,60,EAST,2010,non_irrigated,52.8
31143,NE,Polk,60,EAST,2011,all,57.4
31143,NE,Polk,60,EAST,2011,irrigated,59.2
31143,NE,Polk,60,EAST,2011,non_irrigated,52.4
31143,NE,Polk,60,EAST,2012,all,50.5
31143,NE,Polk,60,EAST,2012,irrigated,59.7
31143,NE,Polk,60,EAST,2012,non_irrigated,23.5
31143,NE,Polk,60,EAST,2013,all,60.8
31143,NE,Polk,60,EAST,2013,irrigated,65.7
31143,NE,Polk,60,EAST,2013,non_irrigated,45.6
31143,NE,Polk,60,EAST,2014,all,61.8
31143,NE,Polk,60,EAST,2015,all,63.8
31143,NE,Polk,60,EAST,2015,irrigated,65.3
31143,NE,Polk,60,EAST,2015,non_irrigated,58.5
31143,NE,Polk,60,EAST,2016,all,67.4
31143,NE,Polk,60,EAST,2017,all,65.7
31143,NE,Polk,60,EAST,2018,all,64.3
31143,NE,Polk,60,EAST,2018,irrigated,65.6
31143,NE,Polk,60,EAST,2018,non_irrigated,59.2
31143,NE,Polk,60,EAST,2020,all,66.9
31143,NE,Polk,60,EAST,2022,all,51.9
31143,NE,Polk,60,EAST,2023,all,50.7
31143,NE,Polk,60,EAST,2024,all,67.2
31143,NE,Polk,60,EAST,2025,all,69.7
31145,NE,Red Willow,70,SOUTHWEST,2000,all,39.5
31145,NE,Red Willow,70,SOUTHWEST,2000,irrigated,41.0
31145,NE,Red Willow,70,SOUTHWEST,2000,non_irrigated,13.0
31145,NE,Red Willow,70,SOUTHWEST,2001,all,50.0
31145,NE,Red Willow,70,SOUTHWEST,2001,irrigated,51.0
31145,NE,Red Willow,70,SOUTHWEST,2001,non_irrigated,23.0
31145,NE,Red Willow,70,SOUTHWEST,2002,all,47.1
31145,NE,Red Willow,70,SOUTHWEST,2002,irrigated,49.0
31145,NE,Red Willow,70,SOUTHWEST,2002,non_irrigated,13.0
31145,NE,Red Willow,70,SOUTHWEST,2003,all,54.3
31145,NE,Red Willow,70,SOUTHWEST,2003,irrigated,56.0
31145,NE,Red Willow,70,SOUTHWEST,2003,non_irrigated,18.0
31145,NE,Red Willow,70,SOUTHWEST,2004,all,42.9
31145,NE,Red Willow,70,SOUTHWEST,2004,irrigated,50.0
31145,NE,Red Willow,70,SOUTHWEST,2004,non_irrigated,14.0
31145,NE,Red Willow,70,SOUTHWEST,2005,all,49.5
31145,NE,Red Willow,70,SOUTHWEST,2005,irrigated,60.0
31145,NE,Red Willow,70,SOUTHWEST,2005,non_irrigated,17.0
31145,NE,Red Willow,70,SOUTHWEST,2006,all,56.3
31145,NE,Red Willow,70,SOUTHWEST,2006,irrigated,63.0
31145,NE,Red Willow,70,SOUTHWEST,2006,non_irrigated,13.0
31145,NE,Red Willow,70,SOUTHWEST,2007,all,58.8
31145,NE,Red Willow,70,SOUTHWEST,2007,irrigated,63.0
31145,NE,Red Willow,70,SOUTHWEST,2007,non_irrigated,34.0
31145,NE,Red Willow,70,SOUTHWEST,2008,all,61.0
31145,NE,Red Willow,70,SOUTHWEST,2009,all,68.0
31145,NE,Red Willow,70,SOUTHWEST,2010,all,61.3
31145,NE,Red Willow,70,SOUTHWEST,2011,all,51.9
31145,NE,Red Willow,70,SOUTHWEST,2012,all,52.4
31145,NE,Red Willow,70,SOUTHWEST,2013,all,47.0
31145,NE,Red Willow,70,SOUTHWEST,2014,all,61.7
31145,NE,Red Willow,70,SOUTHWEST,2015,all,62.7
31145,NE,Red Willow,70,SOUTHWEST,2016,all,65.5
31145,NE,Red Willow,70,SOUTHWEST,2020,all,59.0
31145,NE,Red Willow,70,SOUTHWEST,2022,all,51.5
31145,NE,Red Willow,70,SOUTHWEST,2023,all,54.2
31145,NE,Red Willow,70,SOUTHWEST,2024,all,69.3
31145,NE,Red Willow,70,SOUTHWEST,2025,all,60.1
31147,NE,Richardson,90,SOUTHEAST,2000,all,32.0
31147,NE,Richardson,90,SOUTHEAST,2000,non_irrigated,32.0
31147,NE,Richardson,90,SOUTHEAST,2001,all,43.5
31147,NE,Richardson,90,SOUTHEAST,2001,non_irrigated,43.5
31147,NE,Richardson,90,SOUTHEAST,2002,all,26.1
31147,NE,Richardson,90,SOUTHEAST,2002,non_irrigated,26.0
31147,NE,Richardson,90,SOUTHEAST,2003,all,32.1
31147,NE,Richardson,90,SOUTHEAST,2003,non_irrigated,32.0
31147,NE,Richardson,90,SOUTHEAST,2004,all,48.1
31147,NE,Richardson,90,SOUTHEAST,2004,irrigated,62.0
31147,NE,Richardson,90,SOUTHEAST,2004,non_irrigated,48.0
31147,NE,Richardson,90,SOUTHEAST,2005,all,51.1
31147,NE,Richardson,90,SOUTHEAST,2005,irrigated,62.0
31147,NE,Richardson,90,SOUTHEAST,2005,non_irrigated,51.0
31147,NE,Richardson,90,SOUTHEAST,2006,all,43.2
31147,NE,Richardson,90,SOUTHEAST,2006,irrigated,60.0
31147,NE,Richardson,90,SOUTHEAST,2006,non_irrigated,43.0
31147,NE,Richardson,90,SOUTHEAST,2007,all,51.0
31147,NE,Richardson,90,SOUTHEAST,2007,irrigated,58.0
31147,NE,Richardson,90,SOUTHEAST,2007,non_irrigated,51.0
31147,NE,Richardson,90,SOUTHEAST,2008,all,37.5
31147,NE,Richardson,90,SOUTHEAST,2009,all,53.0
31147,NE,Richardson,90,SOUTHEAST,2009,irrigated,64.0
31147,NE,Richardson,90,SOUTHEAST,2009,non_irrigated,53.0
31147,NE,Richardson,90,SOUTHEAST,2010,all,44.4
31147,NE,Richardson,90,SOUTHEAST,2011,all,49.8
31147,NE,Richardson,90,SOUTHEAST,2012,all,39.1
31147,NE,Richardson,90,SOUTHEAST,2012,irrigated,57.1
31147,NE,Richardson,90,SOUTHEAST,2012,non_irrigated,38.7
31147,NE,Richardson,90,SOUTHEAST,2013,all,49.8
31147,NE,Richardson,90,SOUTHEAST,2014,all,51.2
31147,NE,Richardson,90,SOUTHEAST,2015,all,44.4
31147,NE,Richardson,90,SOUTHEAST,2016,all,56.8
31147,NE,Richardson,90,SOUTHEAST,2016,irrigated,60.9
31147,NE,Richardson,90,SOUTHEAST,2016,non_irrigated,56.7
31147,NE,Richardson,90,SOUTHEAST,2017,all,50.6
31147,NE,Richardson,90,SOUTHEAST,2018,all,48.9
31147,NE,Richardson,90,SOUTHEAST,2019,all,54.9
31147,NE,Richardson,90,SOUTHEAST,2020,all,54.9
31147,NE,Richardson,90,SOUTHEAST,2021,all,58.9
31147,NE,Richardson,90,SOUTHEAST,2022,all,46.2
31147,NE,Richardson,90,SOUTHEAST,2023,all,57.5
31147,NE,Richardson,90,SOUTHEAST,2025,all,63.8
31149,NE,Rock,20,NORTH,2000,all,49.8
31149,NE,Rock,20,NORTH,2000,irrigated,50.0
31149,NE,Rock,20,NORTH,2001,all,48.9
31149,NE,Rock,20,NORTH,2001,irrigated,49.0
31149,NE,Rock,20,NORTH,2002,all,50.0
31149,NE,Rock,20,NORTH,2002,irrigated,50.0
31149,NE,Rock,20,NORTH,2003,all,50.4
31149,NE,Rock,20,NORTH,2003,irrigated,51.0
31149,NE,Rock,20,NORTH,2004,all,48.4
31149,NE,Rock,20,NORTH,2004,irrigated,49.0
31149,NE,Rock,20,NORTH,2005,all,49.8
31149,NE,Rock,20,NORTH,2005,irrigated,50.0
31149,NE,Rock,20,NORTH,2006,all,52.3
31149,NE,Rock,20,NORTH,2006,irrigated,53.0
31149,NE,Rock,20,NORTH,2006,non_irrigated,22.0
31149,NE,Rock,20,NORTH,2007,all,52.0
31149,NE,Rock,20,NORTH,2007,irrigated,52.0
31149,NE,Rock,20,NORTH,2008,all,45.0
31149,NE,Rock,20,NORTH,2009,all,46.5
31149,NE,Rock,20,NORTH,2010,all,51.0
31149,NE,Rock,20,NORTH,2011,all,51.7
31149,NE,Rock,20,NORTH,2012,all,53.8
31149,NE,Rock,20,NORTH,2013,all,52.3
31149,NE,Rock,20,NORTH,2013,irrigated,53.6
31149,NE,Rock,20,NORTH,2013,non_irrigated,30.4
31149,NE,Rock,20,NORTH,2014,all,47.6
31149,NE,Rock,20,NORTH,2016,all,56.2
31149,NE,Rock,20,NORTH,2019,all,54.0
31149,NE,Rock,20,NORTH,2020,all,56.2
31149,NE,Rock,20,NORTH,2022,all,49.4
31149,NE,Rock,20,NORTH,2023,all,60.8
31151,NE,Saline,90,SOUTHEAST,2000,all,30.1
31151,NE,Saline,90,SOUTHEAST,2000,irrigated,44.0
31151,NE,Saline,90,SOUTHEAST,2000,non_irrigated,23.0
31151,NE,Saline,90,SOUTHEAST,2001,all,41.5
31151,NE,Saline,90,SOUTHEAST,2001,irrigated,52.0
31151,NE,Saline,90,SOUTHEAST,2001,non_irrigated,35.0
31151,NE,Saline,90,SOUTHEAST,2002,all,31.3
31151,NE,Saline,90,SOUTHEAST,2002,irrigated,52.0
31151,NE,Saline,90,SOUTHEAST,2002,non_irrigated,19.0
31151,NE,Saline,90,SOUTHEAST,2003,all,38.6
31151,NE,Saline,90,SOUTHEAST,2003,irrigated,55.0
31151,NE,Saline,90,SOUTHEAST,2003,non_irrigated,28.0
31151,NE,Saline,90,SOUTHEAST,2004,all,45.2
31151,NE,Saline,90,SOUTHEAST,2004,irrigated,55.0
31151,NE,Saline,90,SOUTHEAST,2004,non_irrigated,39.0
31151,NE,Saline,90,SOUTHEAST,2005,all,48.7
31151,NE,Saline,90,SOUTHEAST,2005,irrigated,59.0
31151,NE,Saline,90,SOUTHEAST,2005,non_irrigated,41.0
31151,NE,Saline,90,SOUTHEAST,2006,all,47.3
31151,NE,Saline,90,SOUTHEAST,2006,irrigated,58.0
31151,NE,Saline,90,SOUTHEAST,2006,non_irrigated,40.0
31151,NE,Saline,90,SOUTHEAST,2007,all,47.4
31151,NE,Saline,90,SOUTHEAST,2007,irrigated,55.0
31151,NE,Saline,90,SOUTHEAST,2007,non_irrigated,43.0
31151,NE,Saline,90,SOUTHEAST,2008,all,47.0
31151,NE,Saline,90,SOUTHEAST,2008,irrigated,57.0
31151,NE,Saline,90,SOUTHEAST,2008,non_irrigated,41.0
31151,NE,Saline,90,SOUTHEAST,2009,all,48.5
31151,NE,Saline,90,SOUTHEAST,2009,irrigated,59.0
31151,NE,Saline,90,SOUTHEAST,2009,non_irrigated,42.0
31151,NE,Saline,90,SOUTHEAST,2010,all,43.6
31151,NE,Saline,90,SOUTHEAST,2010,irrigated,57.0
31151,NE,Saline,90,SOUTHEAST,2010,non_irrigated,35.0
31151,NE,Saline,90,SOUTHEAST,2011,all,52.8
31151,NE,Saline,90,SOUTHEAST,2011,irrigated,63.0
31151,NE,Saline,90,SOUTHEAST,2011,non_irrigated,46.7
31151,NE,Saline,90,SOUTHEAST,2012,all,37.1
31151,NE,Saline,90,SOUTHEAST,2012,irrigated,61.9
31151,NE,Saline,90,SOUTHEAST,2012,non_irrigated,20.7
31151,NE,Saline,90,SOUTHEAST,2013,all,49.0
31151,NE,Saline,90,SOUTHEAST,2013,irrigated,62.9
31151,NE,Saline,90,SOUTHEAST,2013,non_irrigated,40.3
31151,NE,Saline,90,SOUTHEAST,2014,all,52.3
31151,NE,Saline,90,SOUTHEAST,2014,irrigated,59.9
31151,NE,Saline,90,SOUTHEAST,2014,non_irrigated,46.4
31151,NE,Saline,90,SOUTHEAST,2015,all,49.7
31151,NE,Saline,90,SOUTHEAST,2015,irrigated,62.3
31151,NE,Saline,90,SOUTHEAST,2015,non_irrigated,40.6
31151,NE,Saline,90,SOUTHEAST,2016,all,55.4
31151,NE,Saline,90,SOUTHEAST,2016,irrigated,67.4
31151,NE,Saline,90,SOUTHEAST,2016,non_irrigated,47.2
31151,NE,Saline,90,SOUTHEAST,2017,all,53.8
31151,NE,Saline,90,SOUTHEAST,2017,irrigated,65.9
31151,NE,Saline,90,SOUTHEAST,2017,non_irrigated,45.1
31151,NE,Saline,90,SOUTHEAST,2018,all,56.6
31151,NE,Saline,90,SOUTHEAST,2019,all,56.4
31151,NE,Saline,90,SOUTHEAST,2020,all,60.4
31151,NE,Saline,90,SOUTHEAST,2022,all,45.1
31151,NE,Saline,90,SOUTHEAST,2023,all,40.3
31151,NE,Saline,90,SOUTHEAST,2024,all,51.5
31153,NE,Sarpy,60,EAST,2000,all,36.5
31153,NE,Sarpy,60,EAST,2000,irrigated,45.0
31153,NE,Sarpy,60,EAST,2000,non_irrigated,36.0
31153,NE,Sarpy,60,EAST,2001,all,38.9
31153,NE,Sarpy,60,EAST,2001,irrigated,51.0
31153,NE,Sarpy,60,EAST,2001,non_irrigated,38.0
31153,NE,Sarpy,60,EAST,2002,all,35.1
31153,NE,Sarpy,60,EAST,2002,irrigated,51.0
31153,NE,Sarpy,60,EAST,2002,non_irrigated,34.0
31153,NE,Sarpy,60,EAST,2003,all,32.0
31153,NE,Sarpy,60,EAST,2003,irrigated,47.0
31153,NE,Sarpy,60,EAST,2003,non_irrigated,31.0
31153,NE,Sarpy,60,EAST,2004,all,47.5
31153,NE,Sarpy,60,EAST,2004,irrigated,54.0
31153,NE,Sarpy,60,EAST,2004,non_irrigated,47.0
31153,NE,Sarpy,60,EAST,2005,all,51.5
31153,NE,Sarpy,60,EAST,2005,irrigated,57.0
31153,NE,Sarpy,60,EAST,2005,non_irrigated,51.0
31153,NE,Sarpy,60,EAST,2006,all,45.7
31153,NE,Sarpy,60,EAST,2006,irrigated,52.0
31153,NE,Sarpy,60,EAST,2006,non_irrigated,45.0
31153,NE,Sarpy,60,EAST,2007,all,51.1
31153,NE,Sarpy,60,EAST,2007,irrigated,53.0
31153,NE,Sarpy,60,EAST,2007,non_irrigated,51.0
31153,NE,Sarpy,60,EAST,2008,all,44.5
31153,NE,Sarpy,60,EAST,2008,irrigated,48.0
31153,NE,Sarpy,60,EAST,2008,non_irrigated,44.0
31153,NE,Sarpy,60,EAST,2009,all,56.5
31153,NE,Sarpy,60,EAST,2009,irrigated,62.0
31153,NE,Sarpy,60,EAST,2009,non_irrigated,56.0
31153,NE,Sarpy,60,EAST,2010,all,53.9
31153,NE,Sarpy,60,EAST,2010,irrigated,52.9
31153,NE,Sarpy,60,EAST,2010,non_irrigated,54.0
31153,NE,Sarpy,60,EAST,2011,all,51.6
31153,NE,Sarpy,60,EAST,2011,irrigated,55.8
31153,NE,Sarpy,60,EAST,2011,non_irrigated,51.1
31153,NE,Sarpy,60,EAST,2012,all,34.6
31153,NE,Sarpy,60,EAST,2012,irrigated,53.8
31153,NE,Sarpy,60,EAST,2012,non_irrigated,32.6
31153,NE,Sarpy,60,EAST,2013,all,47.9
31153,NE,Sarpy,60,EAST,2013,irrigated,59.5
31153,NE,Sarpy,60,EAST,2013,non_irrigated,47.1
31153,NE,Sarpy,60,EAST,2014,all,57.7
31153,NE,Sarpy,60,EAST,2014,irrigated,60.7
31153,NE,Sarpy,60,EAST,2014,non_irrigated,57.4
31153,NE,Sarpy,60,EAST,2016,all,60.9
31153,NE,Sarpy,60,EAST,2016,irrigated,59.6
31153,NE,Sarpy,60,EAST,2016,non_irrigated,61.0
31153,NE,Sarpy,60,EAST,2017,all,55.6
31153,NE,Sarpy,60,EAST,2017,irrigated,57.0
31153,NE,Sarpy,60,EAST,2017,non_irrigated,55.5
31153,NE,Sarpy,60,EAST,2020,all,52.5
31153,NE,Sarpy,60,EAST,2021,all,61.4
31153,NE,Sarpy,60,EAST,2022,all,43.3
31153,NE,Sarpy,60,EAST,2023,all,45.7
31153,NE,Sarpy,60,EAST,2024,all,58.9
31153,NE,Sarpy,60,EAST,2025,all,62.4
31155,NE,Saunders,60,EAST,2000,all,39.0
31155,NE,Saunders,60,EAST,2000,irrigated,47.0
31155,NE,Saunders,60,EAST,2000,non_irrigated,36.0
31155,NE,Saunders,60,EAST,2001,all,44.1
31155,NE,Saunders,60,EAST,2001,irrigated,52.0
31155,NE,Saunders,60,EAST,2001,non_irrigated,41.0
31155,NE,Saunders,60,EAST,2002,all,39.1
31155,NE,Saunders,60,EAST,2002,irrigated,50.0
31155,NE,Saunders,60,EAST,2002,non_irrigated,35.0
31155,NE,Saunders,60,EAST,2003,all,37.4
31155,NE,Saunders,60,EAST,2003,irrigated,50.0
31155,NE,Saunders,60,EAST,2003,non_irrigated,33.0
31155,NE,Saunders,60,EAST,2004,all,46.8
31155,NE,Saunders,60,EAST,2004,irrigated,54.0
31155,NE,Saunders,60,EAST,2004,non_irrigated,44.0
31155,NE,Saunders,60,EAST,2005,all,49.2
31155,NE,Saunders,60,EAST,2005,irrigated,60.0
31155,NE,Saunders,60,EAST,2005,non_irrigated,45.0
31155,NE,Saunders,60,EAST,2006,all,48.1
31155,NE,Saunders,60,EAST,2006,irrigated,58.0
31155,NE,Saunders,60,EAST,2006,non_irrigated,44.0
31155,NE,Saunders,60,EAST,2007,all,52.4
31155,NE,Saunders,60,EAST,2007,irrigated,56.0
31155,NE,Saunders,60,EAST,2007,non_irrigated,51.0
31155,NE,Saunders,60,EAST,2008,all,44.0
31155,NE,Saunders,60,EAST,2008,irrigated,53.0
31155,NE,Saunders,60,EAST,2008,non_irrigated,40.0
31155,NE,Saunders,60,EAST,2009,all,56.0
31155,NE,Saunders,60,EAST,2009,irrigated,65.0
31155,NE,Saunders,60,EAST,2009,non_irrigated,52.0
31155,NE,Saunders,60,EAST,2010,all,50.4
31155,NE,Saunders,60,EAST,2010,irrigated,58.0
31155,NE,Saunders,60,EAST,2010,non_irrigated,46.8
31155,NE,Saunders,60,EAST,2011,all,51.6
31155,NE,Saunders,60,EAST,2011,irrigated,59.5
31155,NE,Saunders,60,EAST,2011,non_irrigated,48.4
31155,NE,Saunders,60,EAST,2012,all,36.4
31155,NE,Saunders,60,EAST,2012,irrigated,56.4
31155,NE,Saunders,60,EAST,2012,non_irrigated,27.8
31155,NE,Saunders,60,EAST,2013,all,52.3
31155,NE,Saunders,60,EAST,2013,irrigated,63.5
31155,NE,Saunders,60,EAST,2013,non_irrigated,47.7
31155,NE,Saunders,60,EAST,2014,all,55.6
31155,NE,Saunders,60,EAST,2014,irrigated,61.7
31155,NE,Saunders,60,EAST,2014,non_irrigated,52.8
31155,NE,Saunders,60,EAST,2015,all,57.8
31155,NE,Saunders,60,EAST,2015,irrigated,63.4
31155,NE,Saunders,60,EAST,2015,non_irrigated,55.3
31155,NE,Saunders,60,EAST,2016,all,59.3
31155,NE,Saunders,60,EAST,2016,irrigated,65.8
31155,NE,Saunders,60,EAST,2016,non_irrigated,56.3
31155,NE,Saunders,60,EAST,2017,all,56.6
31155,NE,Saunders,60,EAST,2017,irrigated,62.5
31155,NE,Saunders,60,EAST,2017,non_irrigated,53.9
31155,NE,Saunders,60,EAST,2018,all,54.4
31155,NE,Saunders,60,EAST,2019,all,55.1
31155,NE,Saunders,60,EAST,2020,all,53.9
31155,NE,Saunders,60,EAST,2021,all,62.4
31155,NE,Saunders,60,EAST,2022,all,47.3
31155,NE,Saunders,60,EAST,2023,all,48.2
31155,NE,Saunders,60,EAST,2025,all,64.1
31159,NE,Seward,60,EAST,2000,all,38.2
31159,NE,Seward,60,EAST,2000,irrigated,50.0
31159,NE,Seward,60,EAST,2000,non_irrigated,29.0
31159,NE,Seward,60,EAST,2001,all,44.3
31159,NE,Seward,60,EAST,2001,irrigated,55.0
31159,NE,Seward,60,EAST,2001,non_irrigated,35.0
31159,NE,Seward,60,EAST,2002,all,38.7
31159,NE,Seward,60,EAST,2002,irrigated,55.0
31159,NE,Seward,60,EAST,2002,non_irrigated,24.0
31159,NE,Seward,60,EAST,2003,all,42.7
31159,NE,Seward,60,EAST,2003,irrigated,56.0
31159,NE,Seward,60,EAST,2003,non_irrigated,31.0
31159,NE,Seward,60,EAST,2004,all,51.4
31159,NE,Seward,60,EAST,2004,irrigated,60.0
31159,NE,Seward,60,EAST,2004,non_irrigated,43.0
31159,NE,Seward,60,EAST,2005,all,49.6
31159,NE,Seward,60,EAST,2005,irrigated,62.0
31159,NE,Seward,60,EAST,2005,non_irrigated,38.0
31159,NE,Seward,60,EAST,2006,all,51.4
31159,NE,Seward,60,EAST,2006,irrigated,62.0
31159,NE,Seward,60,EAST,2006,non_irrigated,41.0
31159,NE,Seward,60,EAST,2007,all,55.2
31159,NE,Seward,60,EAST,2007,irrigated,59.0
31159,NE,Seward,60,EAST,2007,non_irrigated,52.0
31159,NE,Seward,60,EAST,2008,all,52.0
31159,NE,Seward,60,EAST,2008,irrigated,62.0
31159,NE,Seward,60,EAST,2008,non_irrigated,43.0
31159,NE,Seward,60,EAST,2009,all,56.5
31159,NE,Seward,60,EAST,2009,irrigated,64.0
31159,NE,Seward,60,EAST,2009,non_irrigated,49.0
31159,NE,Seward,60,EAST,2010,all,53.0
31159,NE,Seward,60,EAST,2010,irrigated,61.6
31159,NE,Seward,60,EAST,2010,non_irrigated,44.9
31159,NE,Seward,60,EAST,2011,all,56.1
31159,NE,Seward,60,EAST,2011,irrigated,62.8
31159,NE,Seward,60,EAST,2011,non_irrigated,50.0
31159,NE,Seward,60,EAST,2012,all,42.1
31159,NE,Seward,60,EAST,2012,irrigated,62.4
31159,NE,Seward,60,EAST,2012,non_irrigated,24.9
31159,NE,Seward,60,EAST,2013,all,55.1
31159,NE,Seward,60,EAST,2013,irrigated,66.7
31159,NE,Seward,60,EAST,2013,non_irrigated,44.7
31159,NE,Seward,60,EAST,2014,all,58.0
31159,NE,Seward,60,EAST,2014,irrigated,66.2
31159,NE,Seward,60,EAST,2014,non_irrigated,49.5
31159,NE,Seward,60,EAST,2015,all,60.6
31159,NE,Seward,60,EAST,2015,irrigated,66.9
31159,NE,Seward,60,EAST,2015,non_irrigated,53.7
31159,NE,Seward,60,EAST,2016,all,61.4
31159,NE,Seward,60,EAST,2016,irrigated,67.6
31159,NE,Seward,60,EAST,2016,non_irrigated,54.9
31159,NE,Seward,60,EAST,2017,all,61.6
31159,NE,Seward,60,EAST,2017,irrigated,68.1
31159,NE,Seward,60,EAST,2017,non_irrigated,54.6
31159,NE,Seward,60,EAST,2018,all,58.8
31159,NE,Seward,60,EAST,2019,all,62.5
31159,NE,Seward,60,EAST,2020,all,60.4
31159,NE,Seward,60,EAST,2021,all,67.0
31159,NE,Seward,60,EAST,2022,all,53.6
31161,NE,Sheridan,10,NORTHWEST,2001,all,42.0
31161,NE,Sheridan,10,NORTHWEST,2001,irrigated,42.0
31161,NE,Sheridan,10,NORTHWEST,2020,all,25.7
31161,NE,Sheridan,10,NORTHWEST,2021,all,51.7
31161,NE,Sheridan,10,NORTHWEST,2024,all,45.4
31163,NE,Sherman,50,CENTRAL,2000,all,34.8
31163,NE,Sherman,50,CENTRAL,2000,irrigated,46.0
31163,NE,Sherman,50,CENTRAL,2000,non_irrigated,14.0
31163,NE,Sherman,50,CENTRAL,2001,all,43.5
31163,NE,Sherman,50,CENTRAL,2001,irrigated,55.0
31163,NE,Sherman,50,CENTRAL,2001,non_irrigated,22.0
31163,NE,Sherman,50,CENTRAL,2002,all,43.0
31163,NE,Sherman,50,CENTRAL,2002,irrigated,48.0
31163,NE,Sherman,50,CENTRAL,2002,non_irrigated,15.0
31163,NE,Sherman,50,CENTRAL,2003,all,45.2
31163,NE,Sherman,50,CENTRAL,2003,irrigated,56.0
31163,NE,Sherman,50,CENTRAL,2003,non_irrigated,15.0
31163,NE,Sherman,50,CENTRAL,2004,all,42.7
31163,NE,Sherman,50,CENTRAL,2004,irrigated,51.0
31163,NE,Sherman,50,CENTRAL,2004,non_irrigated,23.0
31163,NE,Sherman,50,CENTRAL,2005,all,49.1
31163,NE,Sherman,50,CENTRAL,2005,irrigated,58.0
31163,NE,Sherman,50,CENTRAL,2005,non_irrigated,27.0
31163,NE,Sherman,50,CENTRAL,2006,all,53.5
31163,NE,Sherman,50,CENTRAL,2006,irrigated,62.0
31163,NE,Sherman,50,CENTRAL,2006,non_irrigated,34.0
31163,NE,Sherman,50,CENTRAL,2007,all,53.4
31163,NE,Sherman,50,CENTRAL,2007,irrigated,58.0
31163,NE,Sherman,50,CENTRAL,2007,non_irrigated,46.0
31163,NE,Sherman,50,CENTRAL,2008,all,51.5
31163,NE,Sherman,50,CENTRAL,2008,irrigated,57.0
31163,NE,Sherman,50,CENTRAL,2008,non_irrigated,41.0
31163,NE,Sherman,50,CENTRAL,2009,all,57.0
31163,NE,Sherman,50,CENTRAL,2009,irrigated,60.0
31163,NE,Sherman,50,CENTRAL,2009,non_irrigated,50.0
31163,NE,Sherman,50,CENTRAL,2010,all,56.6
31163,NE,Sherman,50,CENTRAL,2010,irrigated,61.5
31163,NE,Sherman,50,CENTRAL,2010,non_irrigated,46.5
31163,NE,Sherman,50,CENTRAL,2011,all,55.8
31163,NE,Sherman,50,CENTRAL,2011,irrigated,60.2
31163,NE,Sherman,50,CENTRAL,2011,non_irrigated,45.4
31163,NE,Sherman,50,CENTRAL,2012,all,47.9
31163,NE,Sherman,50,CENTRAL,2012,irrigated,64.2
31163,NE,Sherman,50,CENTRAL,2012,non_irrigated,11.6
31163,NE,Sherman,50,CENTRAL,2013,all,52.0
31163,NE,Sherman,50,CENTRAL,2016,all,64.8
31163,NE,Sherman,50,CENTRAL,2017,all,61.4
31163,NE,Sherman,50,CENTRAL,2017,irrigated,65.2
31163,NE,Sherman,50,CENTRAL,2017,non_irrigated,50.9
31163,NE,Sherman,50,CENTRAL,2018,all,62.2
31163,NE,Sherman,50,CENTRAL,2019,all,61.0
31163,NE,Sherman,50,CENTRAL,2020,all,62.2
31163,NE,Sherman,50,CENTRAL,2021,all,69.4
31163,NE,Sherman,50,CENTRAL,2022,all,50.9
31163,NE,Sherman,50,CENTRAL,2023,all,51.1
31163,NE,Sherman,50,CENTRAL,2024,all,62.2
31163,NE,Sherman,50,CENTRAL,2025,all,63.8
31167,NE,Stanton,30,NORTHEAST,2000,all,34.4
31167,NE,Stanton,30,NORTHEAST,2000,irrigated,45.0
31167,NE,Stanton,30,NORTHEAST,2000,non_irrigated,32.0
31167,NE,Stanton,30,NORTHEAST,2001,all,45.6
31167,NE,Stanton,30,NORTHEAST,2001,irrigated,53.0
31167,NE,Stanton,30,NORTHEAST,2001,non_irrigated,44.0
31167,NE,Stanton,30,NORTHEAST,2002,all,37.3
31167,NE,Stanton,30,NORTHEAST,2002,irrigated,52.0
31167,NE,Stanton,30,NORTHEAST,2002,non_irrigated,34.0
31167,NE,Stanton,30,NORTHEAST,2003,all,34.6
31167,NE,Stanton,30,NORTHEAST,2003,irrigated,48.0
31167,NE,Stanton,30,NORTHEAST,2003,non_irrigated,32.0
31167,NE,Stanton,30,NORTHEAST,2004,all,40.1
31167,NE,Stanton,30,NORTHEAST,2004,irrigated,53.0
31167,NE,Stanton,30,NORTHEAST,2004,non_irrigated,37.0
31167,NE,Stanton,30,NORTHEAST,2005,all,46.3
31167,NE,Stanton,30,NORTHEAST,2005,irrigated,57.0
31167,NE,Stanton,30,NORTHEAST,2005,non_irrigated,44.0
31167,NE,Stanton,30,NORTHEAST,2006,all,47.1
31167,NE,Stanton,30,NORTHEAST,2006,irrigated,56.0
31167,NE,Stanton,30,NORTHEAST,2006,non_irrigated,45.0
31167,NE,Stanton,30,NORTHEAST,2007,all,50.0
31167,NE,Stanton,30,NORTHEAST,2007,irrigated,50.0
31167,NE,Stanton,30,NORTHEAST,2007,non_irrigated,50.0
31167,NE,Stanton,30,NORTHEAST,2008,all,34.0
31167,NE,Stanton,30,NORTHEAST,2008,irrigated,49.0
31167,NE,Stanton,30,NORTHEAST,2008,non_irrigated,31.0
31167,NE,Stanton,30,NORTHEAST,2009,all,53.0
31167,NE,Stanton,30,NORTHEAST,2009,irrigated,58.0
31167,NE,Stanton,30,NORTHEAST,2009,non_irrigated,52.0
31167,NE,Stanton,30,NORTHEAST,2010,all,51.3
31167,NE,Stanton,30,NORTHEAST,2010,irrigated,56.6
31167,NE,Stanton,30,NORTHEAST,2010,non_irrigated,50.1
31167,NE,Stanton,30,NORTHEAST,2011,all,47.1
31167,NE,Stanton,30,NORTHEAST,2011,irrigated,51.3
31167,NE,Stanton,30,NORTHEAST,2011,non_irrigated,46.3
31167,NE,Stanton,30,NORTHEAST,2012,all,25.9
31167,NE,Stanton,30,NORTHEAST,2012,irrigated,52.1
31167,NE,Stanton,30,NORTHEAST,2012,non_irrigated,19.9
31167,NE,Stanton,30,NORTHEAST,2013,all,54.7
31167,NE,Stanton,30,NORTHEAST,2013,irrigated,59.9
31167,NE,Stanton,30,NORTHEAST,2013,non_irrigated,53.6
31167,NE,Stanton,30,NORTHEAST,2014,all,52.0
31167,NE,Stanton,30,NORTHEAST,2015,all,57.5
31167,NE,Stanton,30,NORTHEAST,2017,all,57.1
31167,NE,Stanton,30,NORTHEAST,2018,all,60.7
31167,NE,Stanton,30,NORTHEAST,2019,all,58.3
31167,NE,Stanton,30,NORTHEAST,2020,all,48.5
31167,NE,Stanton,30,NORTHEAST,2022,all,36.1
31167,NE,Stanton,30,NORTHEAST,2023,all,41.0
31167,NE,Stanton,30,NORTHEAST,2024,all,53.5
31167,NE,Stanton,30,NORTHEAST,2025,all,67.3
31169,NE,Thayer,90,SOUTHEAST,2000,all,33.6
31169,NE,Thayer,90,SOUTHEAST,2000,irrigated,45.0
31169,NE,Thayer,90,SOUTHEAST,2000,non_irrigated,19.0
31169,NE,Thayer,90,SOUTHEAST,2001,all,46.1
31169,NE,Thayer,90,SOUTHEAST,2001,irrigated,54.0
31169,NE,Thayer,90,SOUTHEAST,2001,non_irrigated,35.0
31169,NE,Thayer,90,SOUTHEAST,2002,all,38.7
31169,NE,Thayer,90,SOUTHEAST,2002,irrigated,52.0
31169,NE,Thayer,90,SOUTHEAST,2002,non_irrigated,18.3
31169,NE,Thayer,90,SOUTHEAST,2003,all,44.8
31169,NE,Thayer,90,SOUTHEAST,2003,irrigated,54.0
31169,NE,Thayer,90,SOUTHEAST,2003,non_irrigated,30.0
31169,NE,Thayer,90,SOUTHEAST,2004,all,45.9
31169,NE,Thayer,90,SOUTHEAST,2004,irrigated,54.0
31169,NE,Thayer,90,SOUTHEAST,2004,non_irrigated,34.0
31169,NE,Thayer,90,SOUTHEAST,2005,all,53.8
31169,NE,Thayer,90,SOUTHEAST,2005,irrigated,60.0
31169,NE,Thayer,90,SOUTHEAST,2005,non_irrigated,43.0
31169,NE,Thayer,90,SOUTHEAST,2006,all,50.3
31169,NE,Thayer,90,SOUTHEAST,2006,irrigated,58.0
31169,NE,Thayer,90,SOUTHEAST,2006,non_irrigated,37.0
31169,NE,Thayer,90,SOUTHEAST,2007,all,52.7
31169,NE,Thayer,90,SOUTHEAST,2007,irrigated,57.0
31169,NE,Thayer,90,SOUTHEAST,2007,non_irrigated,46.0
31169,NE,Thayer,90,SOUTHEAST,2008,all,56.5
31169,NE,Thayer,90,SOUTHEAST,2008,irrigated,61.0
31169,NE,Thayer,90,SOUTHEAST,2008,non_irrigated,49.0
31169,NE,Thayer,90,SOUTHEAST,2009,all,54.5
31169,NE,Thayer,90,SOUTHEAST,2009,irrigated,63.0
31169,NE,Thayer,90,SOUTHEAST,2009,non_irrigated,43.0
31169,NE,Thayer,90,SOUTHEAST,2010,all,48.9
31169,NE,Thayer,90,SOUTHEAST,2010,irrigated,55.1
31169,NE,Thayer,90,SOUTHEAST,2010,non_irrigated,40.0
31169,NE,Thayer,90,SOUTHEAST,2011,all,59.7
31169,NE,Thayer,90,SOUTHEAST,2011,irrigated,65.0
31169,NE,Thayer,90,SOUTHEAST,2011,non_irrigated,51.9
31169,NE,Thayer,90,SOUTHEAST,2012,all,51.9
31169,NE,Thayer,90,SOUTHEAST,2012,irrigated,65.1
31169,NE,Thayer,90,SOUTHEAST,2012,non_irrigated,32.5
31169,NE,Thayer,90,SOUTHEAST,2013,all,54.5
31169,NE,Thayer,90,SOUTHEAST,2013,irrigated,64.9
31169,NE,Thayer,90,SOUTHEAST,2013,non_irrigated,40.3
31169,NE,Thayer,90,SOUTHEAST,2014,all,59.6
31169,NE,Thayer,90,SOUTHEAST,2014,irrigated,66.7
31169,NE,Thayer,90,SOUTHEAST,2014,non_irrigated,47.9
31169,NE,Thayer,90,SOUTHEAST,2015,all,55.9
31169,NE,Thayer,90,SOUTHEAST,2015,irrigated,65.6
31169,NE,Thayer,90,SOUTHEAST,2015,non_irrigated,39.5
31169,NE,Thayer,90,SOUTHEAST,2016,all,62.0
31169,NE,Thayer,90,SOUTHEAST,2016,irrigated,66.6
31169,NE,Thayer,90,SOUTHEAST,2016,non_irrigated,54.3
31169,NE,Thayer,90,SOUTHEAST,2017,all,56.2
31169,NE,Thayer,90,SOUTHEAST,2018,all,57.0
31169,NE,Thayer,90,SOUTHEAST,2018,irrigated,64.7
31169,NE,Thayer,90,SOUTHEAST,2018,non_irrigated,44.7
31169,NE,Thayer,90,SOUTHEAST,2019,all,57.7
31169,NE,Thayer,90,SOUTHEAST,2020,all,67.7
31169,NE,Thayer,90,SOUTHEAST,2021,all,59.6
31169,NE,Thayer,90,SOUTHEAST,2022,all,55.3
31169,NE,Thayer,90,SOUTHEAST,2023,all,50.4
31169,NE,Thayer,90,SOUTHEAST,2024,all,54.3
31173,NE,Thurston,30,NORTHEAST,2000,all,35.8
31173,NE,Thurston,30,NORTHEAST,2000,irrigated,44.0
31173,NE,Thurston,30,NORTHEAST,2000,non_irrigated,35.0
31173,NE,Thurston,30,NORTHEAST,2001,all,45.7
31173,NE,Thurston,30,NORTHEAST,2001,irrigated,52.0
31173,NE,Thurston,30,NORTHEAST,2001,non_irrigated,45.0
31173,NE,Thurston,30,NORTHEAST,2002,all,38.7
31173,NE,Thurston,30,NORTHEAST,2002,irrigated,46.0
31173,NE,Thurston,30,NORTHEAST,2002,non_irrigated,38.0
31173,NE,Thurston,30,NORTHEAST,2003,all,38.1
31173,NE,Thurston,30,NORTHEAST,2003,irrigated,49.0
31173,NE,Thurston,30,NORTHEAST,2003,non_irrigated,37.0
31173,NE,Thurston,30,NORTHEAST,2004,all,38.8
31173,NE,Thurston,30,NORTHEAST,2004,irrigated,48.0
31173,NE,Thurston,30,NORTHEAST,2004,non_irrigated,38.0
31173,NE,Thurston,30,NORTHEAST,2005,all,47.9
31173,NE,Thurston,30,NORTHEAST,2005,irrigated,56.0
31173,NE,Thurston,30,NORTHEAST,2005,non_irrigated,47.0
31173,NE,Thurston,30,NORTHEAST,2006,all,47.8
31173,NE,Thurston,30,NORTHEAST,2006,irrigated,59.0
31173,NE,Thurston,30,NORTHEAST,2006,non_irrigated,47.0
31173,NE,Thurston,30,NORTHEAST,2007,all,49.3
31173,NE,Thurston,30,NORTHEAST,2007,irrigated,53.0
31173,NE,Thurston,30,NORTHEAST,2007,non_irrigated,49.0
31173,NE,Thurston,30,NORTHEAST,2008,all,41.5
31173,NE,Thurston,30,NORTHEAST,2009,all,54.0
31173,NE,Thurston,30,NORTHEAST,2010,all,51.0
31173,NE,Thurston,30,NORTHEAST,2011,all,47.7
31173,NE,Thurston,30,NORTHEAST,2012,all,30.1
31173,NE,Thurston,30,NORTHEAST,2013,all,57.0
31173,NE,Thurston,30,NORTHEAST,2014,all,54.0
31173,NE,Thurston,30,NORTHEAST,2018,all,56.5
31173,NE,Thurston,30,NORTHEAST,2019,all,56.0
31173,NE,Thurston,30,NORTHEAST,2020,all,49.9
31173,NE,Thurston,30,NORTHEAST,2021,all,60.7
31173,NE,Thurston,30,NORTHEAST,2022,all,32.6
31173,NE,Thurston,30,NORTHEAST,2025,all,64.9
31175,NE,Valley,50,CENTRAL,2000,all,33.0
31175,NE,Valley,50,CENTRAL,2000,irrigated,40.0
31175,NE,Valley,50,CENTRAL,2000,non_irrigated,10.0
31175,NE,Valley,50,CENTRAL,2001,all,47.1
31175,NE,Valley,50,CENTRAL,2001,irrigated,52.0
31175,NE,Valley,50,CENTRAL,2001,non_irrigated,32.0
31175,NE,Valley,50,CENTRAL,2002,all,40.1
31175,NE,Valley,50,CENTRAL,2002,irrigated,45.0
31175,NE,Valley,50,CENTRAL,2002,non_irrigated,11.0
31175,NE,Valley,50,CENTRAL,2003,all,42.0
31175,NE,Valley,50,CENTRAL,2003,irrigated,50.0
31175,NE,Valley,50,CENTRAL,2003,non_irrigated,16.0
31175,NE,Valley,50,CENTRAL,2004,all,43.9
31175,NE,Valley,50,CENTRAL,2004,irrigated,51.0
31175,NE,Valley,50,CENTRAL,2004,non_irrigated,18.0
31175,NE,Valley,50,CENTRAL,2005,all,49.3
31175,NE,Valley,50,CENTRAL,2005,irrigated,55.0
31175,NE,Valley,50,CENTRAL,2005,non_irrigated,28.0
31175,NE,Valley,50,CENTRAL,2006,all,42.6
31175,NE,Valley,50,CENTRAL,2006,irrigated,51.0
31175,NE,Valley,50,CENTRAL,2006,non_irrigated,15.0
31175,NE,Valley,50,CENTRAL,2007,all,48.4
31175,NE,Valley,50,CENTRAL,2007,irrigated,51.0
31175,NE,Valley,50,CENTRAL,2007,non_irrigated,39.0
31175,NE,Valley,50,CENTRAL,2008,all,48.0
31175,NE,Valley,50,CENTRAL,2008,irrigated,51.0
31175,NE,Valley,50,CENTRAL,2008,non_irrigated,38.0
31175,NE,Valley,50,CENTRAL,2009,all,53.0
31175,NE,Valley,50,CENTRAL,2009,irrigated,55.0
31175,NE,Valley,50,CENTRAL,2009,non_irrigated,47.0
31175,NE,Valley,50,CENTRAL,2010,all,52.0
31175,NE,Valley,50,CENTRAL,2010,irrigated,56.0
31175,NE,Valley,50,CENTRAL,2010,non_irrigated,40.0
31175,NE,Valley,50,CENTRAL,2011,all,56.2
31175,NE,Valley,50,CENTRAL,2011,irrigated,58.7
31175,NE,Valley,50,CENTRAL,2011,non_irrigated,47.9
31175,NE,Valley,50,CENTRAL,2012,all,47.8
31175,NE,Valley,50,CENTRAL,2012,irrigated,58.7
31175,NE,Valley,50,CENTRAL,2012,non_irrigated,12.6
31175,NE,Valley,50,CENTRAL,2016,all,64.9
31175,NE,Valley,50,CENTRAL,2018,all,65.2
31175,NE,Valley,50,CENTRAL,2018,irrigated,66.5
31175,NE,Valley,50,CENTRAL,2018,non_irrigated,60.4
31175,NE,Valley,50,CENTRAL,2020,all,65.4
31175,NE,Valley,50,CENTRAL,2021,all,68.9
31175,NE,Valley,50,CENTRAL,2022,all,60.4
31175,NE,Valley,50,CENTRAL,2023,all,52.0
31175,NE,Valley,50,CENTRAL,2024,all,61.2
31177,NE,Washington,60,EAST,2000,all,40.0
31177,NE,Washington,60,EAST,2000,irrigated,50.0
31177,NE,Washington,60,EAST,2000,non_irrigated,39.0
31177,NE,Washington,60,EAST,2001,all,43.5
31177,NE,Washington,60,EAST,2001,irrigated,48.0
31177,NE,Washington,60,EAST,2001,non_irrigated,43.0
31177,NE,Washington,60,EAST,2002,all,36.6
31177,NE,Washington,60,EAST,2002,irrigated,42.0
31177,NE,Washington,60,EAST,2002,non_irrigated,36.0
31177,NE,Washington,60,EAST,2003,all,33.7
31177,NE,Washington,60,EAST,2003,irrigated,40.0
31177,NE,Washington,60,EAST,2003,non_irrigated,33.0
31177,NE,Washington,60,EAST,2004,all,43.5
31177,NE,Washington,60,EAST,2004,irrigated,48.0
31177,NE,Washington,60,EAST,2004,non_irrigated,43.0
31177,NE,Washington,60,EAST,2005,all,43.3
31177,NE,Washington,60,EAST,2005,irrigated,46.0
31177,NE,Washington,60,EAST,2005,non_irrigated,43.0
31177,NE,Washington,60,EAST,2006,all,49.5
31177,NE,Washington,60,EAST,2006,irrigated,54.0
31177,NE,Washington,60,EAST,2006,non_irrigated,49.0
31177,NE,Washington,60,EAST,2007,all,50.2
31177,NE,Washington,60,EAST,2007,irrigated,52.0
31177,NE,Washington,60,EAST,2007,non_irrigated,50.0
31177,NE,Washington,60,EAST,2008,all,35.5
31177,NE,Washington,60,EAST,2009,all,54.0
31177,NE,Washington,60,EAST,2009,irrigated,57.0
31177,NE,Washington,60,EAST,2009,non_irrigated,54.0
31177,NE,Washington,60,EAST,2010,all,52.0
31177,NE,Washington,60,EAST,2011,all,48.9
31177,NE,Washington,60,EAST,2011,irrigated,50.5
31177,NE,Washington,60,EAST,2011,non_irrigated,48.8
31177,NE,Washington,60,EAST,2012,all,29.3
31177,NE,Washington,60,EAST,2012,irrigated,52.8
31177,NE,Washington,60,EAST,2012,non_irrigated,27.4
31177,NE,Washington,60,EAST,2013,all,50.1
31177,NE,Washington,60,EAST,2014,all,47.0
31177,NE,Washington,60,EAST,2014,irrigated,47.3
31177,NE,Washington,60,EAST,2014,non_irrigated,47.0
31177,NE,Washington,60,EAST,2016,all,58.3
31177,NE,Washington,60,EAST,2017,all,55.5
31177,NE,Washington,60,EAST,2018,all,54.5
31177,NE,Washington,60,EAST,2019,all,54.4
31177,NE,Washington,60,EAST,2020,all,49.2
31177,NE,Washington,60,EAST,2021,all,63.6
31177,NE,Washington,60,EAST,2022,all,41.5
31177,NE,Washington,60,EAST,2023,all,43.3
31177,NE,Washington,60,EAST,2024,all,51.2
31177,NE,Washington,60,EAST,2025,all,62.8
31179,NE,Wayne,30,NORTHEAST,2000,all,30.1
31179,NE,Wayne,30,NORTHEAST,2000,irrigated,44.0
31179,NE,Wayne,30,NORTHEAST,2000,non_irrigated,27.0
31179,NE,Wayne,30,NORTHEAST,2001,all,46.1
31179,NE,Wayne,30,NORTHEAST,2001,irrigated,52.0
31179,NE,Wayne,30,NORTHEAST,2001,non_irrigated,45.0
31179,NE,Wayne,30,NORTHEAST,2002,all,37.9
31179,NE,Wayne,30,NORTHEAST,2002,irrigated,47.0
31179,NE,Wayne,30,NORTHEAST,2002,non_irrigated,36.0
31179,NE,Wayne,30,NORTHEAST,2003,all,37.5
31179,NE,Wayne,30,NORTHEAST,2003,irrigated,46.0
31179,NE,Wayne,30,NORTHEAST,2003,non_irrigated,36.0
31179,NE,Wayne,30,NORTHEAST,2004,all,40.9
31179,NE,Wayne,30,NORTHEAST,2004,irrigated,50.0
31179,NE,Wayne,30,NORTHEAST,2004,non_irrigated,39.0
31179,NE,Wayne,30,NORTHEAST,2005,all,49.3
31179,NE,Wayne,30,NORTHEAST,2005,irrigated,56.0
31179,NE,Wayne,30,NORTHEAST,2005,non_irrigated,48.0
31179,NE,Wayne,30,NORTHEAST,2006,all,45.7
31179,NE,Wayne,30,NORTHEAST,2006,irrigated,54.0
31179,NE,Wayne,30,NORTHEAST,2006,non_irrigated,44.0
31179,NE,Wayne,30,NORTHEAST,2007,all,51.3
31179,NE,Wayne,30,NORTHEAST,2007,irrigated,53.0
31179,NE,Wayne,30,NORTHEAST,2007,non_irrigated,51.0
31179,NE,Wayne,30,NORTHEAST,2008,all,41.0
31179,NE,Wayne,30,NORTHEAST,2008,irrigated,53.0
31179,NE,Wayne,30,NORTHEAST,2008,non_irrigated,39.0
31179,NE,Wayne,30,NORTHEAST,2009,all,50.5
31179,NE,Wayne,30,NORTHEAST,2009,irrigated,60.0
31179,NE,Wayne,30,NORTHEAST,2009,non_irrigated,49.0
31179,NE,Wayne,30,NORTHEAST,2010,all,52.1
31179,NE,Wayne,30,NORTHEAST,2010,irrigated,56.4
31179,NE,Wayne,30,NORTHEAST,2010,non_irrigated,51.2
31179,NE,Wayne,30,NORTHEAST,2011,all,47.5
31179,NE,Wayne,30,NORTHEAST,2011,irrigated,55.0
31179,NE,Wayne,30,NORTHEAST,2011,non_irrigated,46.3
31179,NE,Wayne,30,NORTHEAST,2012,all,26.6
31179,NE,Wayne,30,NORTHEAST,2012,irrigated,56.7
31179,NE,Wayne,30,NORTHEAST,2012,non_irrigated,20.7
31179,NE,Wayne,30,NORTHEAST,2013,all,54.5
31179,NE,Wayne,30,NORTHEAST,2013,irrigated,60.4
31179,NE,Wayne,30,NORTHEAST,2013,non_irrigated,53.3
31179,NE,Wayne,30,NORTHEAST,2014,all,54.5
31179,NE,Wayne,30,NORTHEAST,2015,all,58.8
31179,NE,Wayne,30,NORTHEAST,2016,all,62.2
31179,NE,Wayne,30,NORTHEAST,2017,all,56.7
31179,NE,Wayne,30,NORTHEAST,2018,all,58.2
31179,NE,Wayne,30,NORTHEAST,2019,all,58.1
31179,NE,Wayne,30,NORTHEAST,2020,all,53.9
31179,NE,Wayne,30,NORTHEAST,2022,all,37.2
31179,NE,Wayne,30,NORTHEAST,2023,all,40.7
31179,NE,Wayne,30,NORTHEAST,2024,all,62.3
31181,NE,Webster,80,SOUTH,2000,all,37.3
31181,NE,Webster,80,SOUTH,2000,irrigated,51.0
31181,NE,Webster,80,SOUTH,2000,non_irrigated,19.0
31181,NE,Webster,80,SOUTH,2001,all,48.3
31181,NE,Webster,80,SOUTH,2001,irrigated,56.0
31181,NE,Webster,80,SOUTH,2001,non_irrigated,39.0
31181,NE,Webster,80,SOUTH,2002,all,35.3
31181,NE,Webster,80,SOUTH,2002,irrigated,49.0
31181,NE,Webster,80,SOUTH,2002,non_irrigated,14.0
31181,NE,Webster,80,SOUTH,2003,all,42.1
31181,NE,Webster,80,SOUTH,2003,irrigated,54.0
31181,NE,Webster,80,SOUTH,2003,non_irrigated,22.0
31181,NE,Webster,80,SOUTH,2004,all,45.5
31181,NE,Webster,80,SOUTH,2004,irrigated,57.0
31181,NE,Webster,80,SOUTH,2004,non_irrigated,28.0
31181,NE,Webster,80,SOUTH,2005,all,54.3
31181,NE,Webster,80,SOUTH,2005,irrigated,63.0
31181,NE,Webster,80,SOUTH,2005,non_irrigated,42.0
31181,NE,Webster,80,SOUTH,2006,all,47.0
31181,NE,Webster,80,SOUTH,2006,irrigated,59.0
31181,NE,Webster,80,SOUTH,2006,non_irrigated,31.0
31181,NE,Webster,80,SOUTH,2007,all,52.6
31181,NE,Webster,80,SOUTH,2007,irrigated,59.0
31181,NE,Webster,80,SOUTH,2007,non_irrigated,46.0
31181,NE,Webster,80,SOUTH,2008,all,54.5
31181,NE,Webster,80,SOUTH,2008,irrigated,59.0
31181,NE,Webster,80,SOUTH,2008,non_irrigated,50.0
31181,NE,Webster,80,SOUTH,2009,all,48.0
31181,NE,Webster,80,SOUTH,2009,irrigated,61.0
31181,NE,Webster,80,SOUTH,2009,non_irrigated,38.0
31181,NE,Webster,80,SOUTH,2010,all,52.0
31181,NE,Webster,80,SOUTH,2010,irrigated,60.9
31181,NE,Webster,80,SOUTH,2010,non_irrigated,45.0
31181,NE,Webster,80,SOUTH,2011,all,58.3
31181,NE,Webster,80,SOUTH,2011,irrigated,64.9
31181,NE,Webster,80,SOUTH,2011,non_irrigated,53.1
31181,NE,Webster,80,SOUTH,2012,all,39.2
31181,NE,Webster,80,SOUTH,2012,irrigated,59.3
31181,NE,Webster,80,SOUTH,2012,non_irrigated,26.8
31181,NE,Webster,80,SOUTH,2013,all,41.6
31181,NE,Webster,80,SOUTH,2013,irrigated,60.4
31181,NE,Webster,80,SOUTH,2013,non_irrigated,29.7
31181,NE,Webster,80,SOUTH,2014,all,46.1
31181,NE,Webster,80,SOUTH,2014,irrigated,60.5
31181,NE,Webster,80,SOUTH,2014,non_irrigated,37.4
31181,NE,Webster,80,SOUTH,2015,all,46.7
31181,NE,Webster,80,SOUTH,2015,irrigated,64.6
31181,NE,Webster,80,SOUTH,2015,non_irrigated,35.7
31181,NE,Webster,80,SOUTH,2016,all,54.5
31181,NE,Webster,80,SOUTH,2016,irrigated,69.2
31181,NE,Webster,80,SOUTH,2016,non_irrigated,45.0
31181,NE,Webster,80,SOUTH,2017,all,54.6
31181,NE,Webster,80,SOUTH,2017,irrigated,63.5
31181,NE,Webster,80,SOUTH,2017,non_irrigated,49.0
31181,NE,Webster,80,SOUTH,2018,all,53.7
31181,NE,Webster,80,SOUTH,2018,irrigated,63.9
31181,NE,Webster,80,SOUTH,2018,non_irrigated,46.3
31181,NE,Webster,80,SOUTH,2019,all,54.3
31181,NE,Webster,80,SOUTH,2020,all,50.1
31181,NE,Webster,80,SOUTH,2022,all,41.1
31181,NE,Webster,80,SOUTH,2023,all,44.5
31181,NE,Webster,80,SOUTH,2024,all,51.9
31183,NE,Wheeler,20,NORTH,2000,all,47.0
31183,NE,Wheeler,20,NORTH,2000,irrigated,49.0
31183,NE,Wheeler,20,NORTH,2000,non_irrigated,18.0
31183,NE,Wheeler,20,NORTH,2001,all,50.1
31183,NE,Wheeler,20,NORTH,2001,irrigated,51.0
31183,NE,Wheeler,20,NORTH,2001,non_irrigated,26.0
31183,NE,Wheeler,20,NORTH,2002,all,46.7
31183,NE,Wheeler,20,NORTH,2002,irrigated,49.0
31183,NE,Wheeler,20,NORTH,2002,non_irrigated,14.0
31183,NE,Wheeler,20,NORTH,2003,all,50.5
31183,NE,Wheeler,20,NORTH,2003,irrigated,52.0
31183,NE,Wheeler,20,NORTH,2003,non_irrigated,15.0
31183,NE,Wheeler,20,NORTH,2004,all,42.3
31183,NE,Wheeler,20,NORTH,2004,irrigated,43.0
31183,NE,Wheeler,20,NORTH,2004,non_irrigated,28.0
31183,NE,Wheeler,20,NORTH,2005,all,49.3
31183,NE,Wheeler,20,NORTH,2005,irrigated,50.0
31183,NE,Wheeler,20,NORTH,2005,non_irrigated,29.0
31183,NE,Wheeler,20,NORTH,2006,all,54.1
31183,NE,Wheeler,20,NORTH,2006,irrigated,55.0
31183,NE,Wheeler,20,NORTH,2006,non_irrigated,33.0
31183,NE,Wheeler,20,NORTH,2007,all,48.0
31183,NE,Wheeler,20,NORTH,2007,irrigated,49.0
31183,NE,Wheeler,20,NORTH,2007,non_irrigated,36.0
31183,NE,Wheeler,20,NORTH,2008,all,43.5
31183,NE,Wheeler,20,NORTH,2009,all,55.0
31183,NE,Wheeler,20,NORTH,2011,all,55.3
31183,NE,Wheeler,20,NORTH,2011,irrigated,56.8
31183,NE,Wheeler,20,NORTH,2011,non_irrigated,42.3
31183,NE,Wheeler,20,NORTH,2013,all,49.5
31183,NE,Wheeler,20,NORTH,2014,all,57.3
31183,NE,Wheeler,20,NORTH,2020,all,68.0
31183,NE,Wheeler,20,NORTH,2023,all,66.2
31183,NE,Wheeler,20,NORTH,2024,all,65.5
31185,NE,York,60,EAST,2000,all,47.3
31185,NE,York,60,EAST,2000,irrigated,53.0
31185,NE,York,60,EAST,2000,non_irrigated,31.0
31185,NE,York,60,EAST,2001,all,50.1
31185,NE,York,60,EAST,2001,irrigated,53.0
31185,NE,York,60,EAST,2001,non_irrigated,40.0
31185,NE,York,60,EAST,2002,all,48.2
31185,NE,York,60,EAST,2002,irrigated,54.0
31185,NE,York,60,EAST,2002,non_irrigated,28.0
31185,NE,York,60,EAST,2003,all,48.1
31185,NE,York,60,EAST,2003,irrigated,57.0
31185,NE,York,60,EAST,2003,non_irrigated,17.0
31185,NE,York,60,EAST,2004,all,54.0
31185,NE,York,60,EAST,2004,irrigated,58.0
31185,NE,York,60,EAST,2004,non_irrigated,39.0
31185,NE,York,60,EAST,2005,all,60.0
31185,NE,York,60,EAST,2005,irrigated,65.0
31185,NE,York,60,EAST,2005,non_irrigated,39.0
31185,NE,York,60,EAST,2006,all,55.7
31185,NE,York,60,EAST,2006,irrigated,59.0
31185,NE,York,60,EAST,2006,non_irrigated,41.0
31185,NE,York,60,EAST,2007,all,57.6
31185,NE,York,60,EAST,2007,irrigated,59.0
31185,NE,York,60,EAST,2007,non_irrigated,53.0
31185,NE,York,60,EAST,2008,all,58.5
31185,NE,York,60,EAST,2008,irrigated,61.0
31185,NE,York,60,EAST,2008,non_irrigated,49.0
31185,NE,York,60,EAST,2009,all,61.0
31185,NE,York,60,EAST,2009,irrigated,63.0
31185,NE,York,60,EAST,2009,non_irrigated,52.0
31185,NE,York,60,EAST,2010,all,59.9
31185,NE,York,60,EAST,2010,irrigated,62.4
31185,NE,York,60,EAST,2010,non_irrigated,49.3
31185,NE,York,60,EAST,2011,all,62.6
31185,NE,York,60,EAST,2011,irrigated,64.9
31185,NE,York,60,EAST,2011,non_irrigated,51.8
31185,NE,York,60,EAST,2012,all,55.9
31185,NE,York,60,EAST,2012,irrigated,63.7
31185,NE,York,60,EAST,2012,non_irrigated,20.1
31185,NE,York,60,EAST,2013,all,57.9
31185,NE,York,60,EAST,2013,irrigated,62.8
31185,NE,York,60,EAST,2013,non_irrigated,36.8
31185,NE,York,60,EAST,2014,all,61.5
31185,NE,York,60,EAST,2015,all,65.8
31185,NE,York,60,EAST,2016,all,67.3
31185,NE,York,60,EAST,2017,all,69.0
31185,NE,York,60,EAST,2018,all,60.9
31185,NE,York,60,EAST,2019,all,64.6
31185,NE,York,60,EAST,2020,all,72.3
31185,NE,York,60,EAST,2021,all,69.3
31185,NE,York,60,EAST,2022,all,64.6
31185,NE,York,60,EAST,2023,all,59.4
31185,NE,York,60,EAST,2024,all,68.0
